{
 "figure": 6,
 "generated": "2026-07-20T07:08:32.294Z",
 "commit": "ab529f2",
 "presets": "gas (64000 steps, every 400) + pressure (16000 steps, every 50)",
 "coreRadius": {
  "start": 34.45,
  "end": 140.92,
  "ratio": 4.090566037735848
 },
 "tempGap": {
  "start": 4.35899928963057,
  "end": 0.28946920067620313,
  "ratio": 0.06640726034638468
 }
}