body,quantity,value,unit,source,url,retrieved,note,sigma,record_id,solution_id
Mars,mass,6.4171e23,kg,Wikipedia,https://en.wikipedia.org/wiki/Mars,2026-08-23,"Transcribed observation record (wave 181 device intake, accepted). TODO(ref-verify): pin an agency-grade primary reference (NASA/JPL) at submission.",,SOL-546fa429,
Mars,radius,3389500,m,Wikipedia,https://en.wikipedia.org/wiki/Mars,2026-08-23,"Mean radius 3389.5 km converted to m.",,SOL-115bcbaf,
Mars,rotation_period,88642.6848,s,Wikipedia,https://en.wikipedia.org/wiki/Mars,2026-08-23,"Sidereal rotation period 1.025957 d x 86400 s/d.",,SOL-8155e0b9,
Phobos,mass,1.0638e16,kg,Wikipedia,https://en.wikipedia.org/wiki/Phobos_(moon),2026-08-23,"Held in the declaration only: the built preset demotes Phobos to the m=1e-6 test-particle floor (1.7e-8 of Mars), declared (wave 181 demotion frame).",,SOL-e0be1c6f,
Phobos,radius,11080,m,Wikipedia,https://en.wikipedia.org/wiki/Phobos_(moon),2026-08-23,"Mean radius 11.08 km converted to m. sigma_primary=unverified; intake 2026-09-14. sigma transcribed at the 2026-09-14 intake from the observation record provided by the original hypothesis author: 11080 +/- 40 m - JPL Solar System Dynamics, Planetary Satellite Physical Parameters, mean radius ref. 1. The value of this row is unchanged.",40,SOL-bfdd9043,
Phobos,semi_major_axis,9376000,m,Wikipedia,https://en.wikipedia.org/wiki/Phobos_(moon),2026-08-23,"9376 km converted to m.",,SOL-2327b02f,
Phobos,eccentricity,0.0151,1,Wikipedia,https://en.wikipedia.org/wiki/Phobos_(moon),2026-08-23,,,SOL-8666c005,
Phobos,orbital_period,27553.843872,s,Wikipedia,https://en.wikipedia.org/wiki/Phobos_(moon),2026-08-23,"0.31891023 d x 86400 s/d. Compared against, not fitted to.; superseded_by=SOL-e57b4bc2; superseded_on=2026-09-23 (same form as AM7 for Deimos: the judgement row is now the lambda_dot-derived period of Jacobson 2010 Table 6; the 0.31891023 d reading has no Period column behind it; this secondary-source value stays as the history row)",,SOL-1887dc86,
Deimos,mass,1.51e15,kg,Wikipedia,https://en.wikipedia.org/wiki/Deimos_(moon),2026-08-23,"Held in the declaration only: demoted to the m=1e-6 floor (2.4e-9 of Mars), declared.",,SOL-bef7042a,
Deimos,radius,6270,m,Wikipedia,https://en.wikipedia.org/wiki/Deimos_(moon),2026-08-23,"Mean radius 6.27 km converted to m. The built preset raises the display/drag radius to the 0.01-unit floor, declared.",,SOL-79930c14,
Deimos,semi_major_axis,23463200,m,Wikipedia,https://en.wikipedia.org/wiki/Deimos_(moon),2026-08-23,"23463.2 km converted to m.",,SOL-51de9e36,
Deimos,eccentricity,0.00033,1,Wikipedia,https://en.wikipedia.org/wiki/Deimos_(moon),2026-08-23,,,SOL-d2854a3c,
Deimos,orbital_period,109123.2,s,Wikipedia,https://en.wikipedia.org/wiki/Deimos_(moon),2026-08-23,"1.263 d x 86400 s/d. Compared against, not fitted to.; superseded_by=SOL-7b5370e1; superseded_on=2026-09-23 (AM7: the judgement row is now the lambda_dot-derived period of Jacobson 2010 Table 6; this secondary-source value stays as the history row; its orbital_period_candidate copy is SOL-51e498c2)",,SOL-64b859aa,
Pluto,mass,1.303e22,kg,NASA NSSDC Pluto Fact Sheet (archived),https://web.archive.org/web/20230803202945/https://nssdc.gsfc.nasa.gov/planetary/factsheet/plutofact.html,2026-08-23,"Mass (10^24 kg) listed as 0.01303; converted to kg. Transcribed observation record (wave 181 device intake, accepted).",,SOL-801bc9a8,
Pluto,radius,1188000,m,NASA NSSDC Pluto Fact Sheet (archived),https://web.archive.org/web/20230803202945/https://nssdc.gsfc.nasa.gov/planetary/factsheet/plutofact.html,2026-08-23,"Equatorial/volumetric mean radius listed as 1188 km; converted to m.",,SOL-e3ec70b7,
Pluto,rotation_period,551854.08,s,NASA NSSDC Pluto Fact Sheet (archived),https://web.archive.org/web/20230803202945/https://nssdc.gsfc.nasa.gov/planetary/factsheet/plutofact.html,2026-08-23,"Sidereal rotation period listed as 6.3872 d (tidally locked); converted to s. The 2D idealization preserves the co-rotating relative geometry; the ecliptic-frame retrograde sign is not transcribed (declared in the preset).",,SOL-5d8c1a3b,
Charon,mass,1.586e21,kg,NASA NSSDC Pluto Fact Sheet (archived),https://web.archive.org/web/20230803202945/https://nssdc.gsfc.nasa.gov/planetary/factsheet/plutofact.html,2026-08-23,"Mass (10^21 kg) listed as 1.586; converted to kg.",,SOL-66c9d628,
Charon,radius,606000,m,NASA NSSDC Pluto Fact Sheet (archived),https://web.archive.org/web/20230803202945/https://nssdc.gsfc.nasa.gov/planetary/factsheet/plutofact.html,2026-08-23,"Equatorial radius listed as 606 km; converted to m. sigma_primary=unverified; intake 2026-09-14. sigma transcribed at the 2026-09-14 intake from the observation record provided by the original hypothesis author: 606000 +/- 500 m - JPL Solar System Dynamics, Planetary Satellite Physical Parameters; Nimmo et al. 2017, Icarus 287, 12-29. The value of this row is unchanged.",500,SOL-5c2e5981,
Charon,semi_major_axis,19596000,m,NASA NSSDC Pluto Fact Sheet (archived),https://web.archive.org/web/20230803202945/https://nssdc.gsfc.nasa.gov/planetary/factsheet/plutofact.html,2026-08-23,"Mean distance from Pluto listed as 19596 km; converted to m (relative orbit).",,SOL-ec46ed96,
Charon,eccentricity,0.0,1,NASA NSSDC Pluto Fact Sheet (archived),https://web.archive.org/web/20230803202945/https://nssdc.gsfc.nasa.gov/planetary/factsheet/plutofact.html,2026-08-23,"Orbital eccentricity listed as 0.0.",,SOL-5f236ce9,
Charon,orbital_period,551854.08,s,NASA NSSDC Pluto Fact Sheet (archived),https://web.archive.org/web/20230803202945/https://nssdc.gsfc.nasa.gov/planetary/factsheet/plutofact.html,2026-08-23,"Sidereal orbit period listed as 6.3872 d; converted to s. Compared against, not fitted to.",,SOL-69ad9d96,
Charon,rotation_period,551854.08,s,NASA NSSDC Pluto Fact Sheet (archived),https://web.archive.org/web/20230803202945/https://nssdc.gsfc.nasa.gov/planetary/factsheet/plutofact.html,2026-08-23,"Sidereal rotation period listed as 6.3872 d (tidally locked); converted to s.",,SOL-a0392d22,
Sun,mass,1.9885e30,kg,dfm-simulator solarInner declaration (committed),https://tty-imamura.github.io/dfm-simulator/index.html,2026-08-24,"Bit-copy of the committed solarInner declaration (bodies[0].m=1988.5 at 1e27 kg) - no new observation transcribed. TODO(ref-verify): pin the primary reference at submission.",,SOL-6158e6a7,
Sun,radius,6.96e8,m,dfm-simulator solarInner declaration (committed),https://tty-imamura.github.io/dfm-simulator/index.html,2026-08-24,"Bit-copy (bodies[0].radius=6.96 at 1e8 m).",,SOL-e17c6ac9,
Sun,rotation_period,2164320,s,dfm-simulator solarInner declaration (committed),https://tty-imamura.github.io/dfm-simulator/index.html,2026-08-24,"25.05 d x 86400 s/d (the solarInner declaration).",,SOL-02e790ae,
Venus,mass,4.8675e24,kg,dfm-simulator solarInner declaration (committed),https://tty-imamura.github.io/dfm-simulator/index.html,2026-08-24,"Bit-copy (bodies[2].m=0.0048675 at 1e27 kg).",,SOL-9999398b,
Venus,radius,6.05e6,m,dfm-simulator solarInner declaration (committed),https://tty-imamura.github.io/dfm-simulator/index.html,2026-08-24,"Bit-copy (bodies[2].radius=0.0605 at 1e8 m).",,SOL-6c3ba0c8,
Venus,rotation_period,-20997360,s,dfm-simulator solarInner declaration (committed),https://tty-imamura.github.io/dfm-simulator/index.html,2026-08-24,"-243.025 d x 86400 s/d (retrograde; the solarInner declaration).",,SOL-c043d94f,
Venus,semi_major_axis,1.08208e11,m,dfm-simulator solarInner declaration (committed),https://tty-imamura.github.io/dfm-simulator/index.html,2026-08-24,"Bit-copy (bodies[2].x=1082.08 at 1e8 m).",,SOL-477a8478,
Venus,eccentricity,0.007,1,dfm-simulator solarInner declaration (committed),https://tty-imamura.github.io/dfm-simulator/index.html,2026-08-24,"The real eccentricity declared in the solarInner descStruct (idealized to 0 there; used as the orbit here).",,SOL-2185e5f8,
Venus,orbital_period,19414166.4,s,dfm-simulator solarInner declaration (committed),https://tty-imamura.github.io/dfm-simulator/index.html,2026-08-24,"224.701 d x 86400 s/d (the solarInner obsCard observed period). Compared against, not fitted to.",,SOL-cac28426,
Uranus,mass,8.6811e25,kg,NASA NSSDC Uranus Fact Sheet (archived),https://web.archive.org/web/20240923103204/https://nssdc.gsfc.nasa.gov/planetary/factsheet/uranusfact.html,2026-08-24,"86.811 x 10^24 kg transcribed directly. Device-collected record (wave 186 intake, accepted).",,SOL-c00bf92b,
Uranus,radius,25559000,m,NASA NSSDC Uranus Fact Sheet (archived),https://web.archive.org/web/20240923103204/https://nssdc.gsfc.nasa.gov/planetary/factsheet/uranusfact.html,2026-08-24,"Equatorial radius (1 bar level) 25559 km converted to m.",,SOL-6ec1c7f1,
Uranus,rotation_period,62064,s,NASA NSSDC Uranus Fact Sheet (archived),https://web.archive.org/web/20240923103204/https://nssdc.gsfc.nasa.gov/planetary/factsheet/uranusfact.html,2026-08-24,"Sidereal rotation period -17.24 h (magnetic coordinates) converted to s. Wave 196 in-plane sign convention: the NSSDC minus sign is the ecliptic-frame retrograde LABEL from the 98.0-deg obliquity; in the declared 2D plane (Uranus's equatorial plane) the rotation co-rotates with the rings and moons, so the in-plane sign is positive. The label is recorded here instead of the sign.",,SOL-c4e7720c,
Miranda,mass,6.6e19,kg,NASA NSSDC Uranian Satellite Fact Sheet (archived),https://web.archive.org/web/20250815221744/https://nssdc.gsfc.nasa.gov/planetary/factsheet/uraniansatfact.html,2026-08-24,"0.66 x 10^20 kg transcribed directly.",,SOL-ad926611,
Miranda,radius,235700,m,NASA NSSDC Uranian Satellite Fact Sheet (archived),https://web.archive.org/web/20250815221744/https://nssdc.gsfc.nasa.gov/planetary/factsheet/uraniansatfact.html,2026-08-24,"Triaxial 240 x 234.2 x 232.9 km; arithmetic mean 235.7 km converted to m (per the record's note).",,SOL-1660e622,
Miranda,semi_major_axis,129900000,m,NASA NSSDC Uranian Satellite Fact Sheet (archived),https://web.archive.org/web/20250815221744/https://nssdc.gsfc.nasa.gov/planetary/factsheet/uraniansatfact.html,2026-08-24,"129.90 x 10^3 km converted to m.",,SOL-0a02c971,
Miranda,orbital_period,122124.5856,s,NASA NSSDC Uranian Satellite Fact Sheet (archived),https://web.archive.org/web/20250815221744/https://nssdc.gsfc.nasa.gov/planetary/factsheet/uraniansatfact.html,2026-08-24,"1.413479 d x 86400 s/d. Compared against, not fitted to.",,SOL-b2769170,
Miranda,eccentricity,0.0013,1,NASA NSSDC Uranian Satellite Fact Sheet (archived),https://web.archive.org/web/20250815221744/https://nssdc.gsfc.nasa.gov/planetary/factsheet/uraniansatfact.html,2026-08-24,,,SOL-3bfbb235,
Miranda,rotation_period,122124.5856,s,NASA NSSDC Uranian Satellite Fact Sheet (archived),https://web.archive.org/web/20250815221744/https://nssdc.gsfc.nasa.gov/planetary/factsheet/uraniansatfact.html,2026-08-24,"Synchronous (S).",,SOL-626d92f1,
Ariel,mass,1.29e21,kg,NASA NSSDC Uranian Satellite Fact Sheet (archived),https://web.archive.org/web/20250815221744/https://nssdc.gsfc.nasa.gov/planetary/factsheet/uraniansatfact.html,2026-08-24,"12.9 x 10^20 kg transcribed directly.",,SOL-afe67b76,
Ariel,radius,578900,m,NASA NSSDC Uranian Satellite Fact Sheet (archived),https://web.archive.org/web/20250815221744/https://nssdc.gsfc.nasa.gov/planetary/factsheet/uraniansatfact.html,2026-08-24,"Triaxial mean 578.9 km converted to m. sigma_primary=unverified; intake 2026-09-14. sigma transcribed at the 2026-09-14 intake from the observation record provided by the original hypothesis author: 578900 +/- 600 m - JPL Solar System Dynamics, Planetary Satellite Physical Parameters, mean radius ref. 1. The value of this row is unchanged.",600,SOL-6655435a,
Ariel,semi_major_axis,190900000,m,NASA NSSDC Uranian Satellite Fact Sheet (archived),https://web.archive.org/web/20250815221744/https://nssdc.gsfc.nasa.gov/planetary/factsheet/uraniansatfact.html,2026-08-24,"190.90 x 10^3 km converted to m.",,SOL-c2c53499,
Ariel,orbital_period,217760.7456,s,NASA NSSDC Uranian Satellite Fact Sheet (archived),https://web.archive.org/web/20250815221744/https://nssdc.gsfc.nasa.gov/planetary/factsheet/uraniansatfact.html,2026-08-24,"2.520379 d x 86400 s/d. Compared against, not fitted to.",,SOL-dc7dc8ee,
Ariel,eccentricity,0.0012,1,NASA NSSDC Uranian Satellite Fact Sheet (archived),https://web.archive.org/web/20250815221744/https://nssdc.gsfc.nasa.gov/planetary/factsheet/uraniansatfact.html,2026-08-24,,,SOL-837aea91,
Ariel,rotation_period,217760.7456,s,NASA NSSDC Uranian Satellite Fact Sheet (archived),https://web.archive.org/web/20250815221744/https://nssdc.gsfc.nasa.gov/planetary/factsheet/uraniansatfact.html,2026-08-24,"Synchronous (S).",,SOL-04d1ce96,
Umbriel,mass,1.22e21,kg,NASA NSSDC Uranian Satellite Fact Sheet (archived),https://web.archive.org/web/20250815221744/https://nssdc.gsfc.nasa.gov/planetary/factsheet/uraniansatfact.html,2026-08-24,"12.2 x 10^20 kg transcribed directly.",,SOL-31070821,
Umbriel,radius,584700,m,NASA NSSDC Uranian Satellite Fact Sheet (archived),https://web.archive.org/web/20250815221744/https://nssdc.gsfc.nasa.gov/planetary/factsheet/uraniansatfact.html,2026-08-24,"584.7 km converted to m. sigma_primary=unverified; intake 2026-09-14. sigma transcribed at the 2026-09-14 intake from the observation record provided by the original hypothesis author: 584700 +/- 2800 m - JPL Solar System Dynamics, Planetary Satellite Physical Parameters, mean radius ref. 1. The value of this row is unchanged.",2800,SOL-14118dee,
Umbriel,semi_major_axis,266000000,m,NASA NSSDC Uranian Satellite Fact Sheet (archived),https://web.archive.org/web/20250815221744/https://nssdc.gsfc.nasa.gov/planetary/factsheet/uraniansatfact.html,2026-08-24,"266.00 x 10^3 km converted to m.",,SOL-2961b785,
Umbriel,orbital_period,358056.8064,s,NASA NSSDC Uranian Satellite Fact Sheet (archived),https://web.archive.org/web/20250815221744/https://nssdc.gsfc.nasa.gov/planetary/factsheet/uraniansatfact.html,2026-08-24,"4.144176 d x 86400 s/d. Compared against, not fitted to.",,SOL-6866353f,
Umbriel,eccentricity,0.0039,1,NASA NSSDC Uranian Satellite Fact Sheet (archived),https://web.archive.org/web/20250815221744/https://nssdc.gsfc.nasa.gov/planetary/factsheet/uraniansatfact.html,2026-08-24,,,SOL-17edc369,
Umbriel,rotation_period,358056.8064,s,NASA NSSDC Uranian Satellite Fact Sheet (archived),https://web.archive.org/web/20250815221744/https://nssdc.gsfc.nasa.gov/planetary/factsheet/uraniansatfact.html,2026-08-24,"Synchronous (S).",,SOL-b785b27a,
Titania,mass,3.42e21,kg,NASA NSSDC Uranian Satellite Fact Sheet (archived),https://web.archive.org/web/20250815221744/https://nssdc.gsfc.nasa.gov/planetary/factsheet/uraniansatfact.html,2026-08-24,"34.2 x 10^20 kg transcribed directly.",,SOL-aefc71fb,
Titania,radius,788900,m,NASA NSSDC Uranian Satellite Fact Sheet (archived),https://web.archive.org/web/20250815221744/https://nssdc.gsfc.nasa.gov/planetary/factsheet/uraniansatfact.html,2026-08-24,"788.9 km converted to m. sigma_primary=unverified; intake 2026-09-14. sigma transcribed at the 2026-09-14 intake from the observation record provided by the original hypothesis author: 788900 +/- 1800 m - JPL Solar System Dynamics, Planetary Satellite Physical Parameters, mean radius ref. 1. The value of this row is unchanged.",1800,SOL-2b3015e4,
Titania,semi_major_axis,436300000,m,NASA NSSDC Uranian Satellite Fact Sheet (archived),https://web.archive.org/web/20250815221744/https://nssdc.gsfc.nasa.gov/planetary/factsheet/uraniansatfact.html,2026-08-24,"436.30 x 10^3 km converted to m.",,SOL-0a691738,
Titania,orbital_period,752186.9088,s,NASA NSSDC Uranian Satellite Fact Sheet (archived),https://web.archive.org/web/20250815221744/https://nssdc.gsfc.nasa.gov/planetary/factsheet/uraniansatfact.html,2026-08-24,"8.705867 d x 86400 s/d. Compared against, not fitted to.",,SOL-5ad04eb8,
Titania,eccentricity,0.0011,1,NASA NSSDC Uranian Satellite Fact Sheet (archived),https://web.archive.org/web/20250815221744/https://nssdc.gsfc.nasa.gov/planetary/factsheet/uraniansatfact.html,2026-08-24,,,SOL-d9047968,
Titania,rotation_period,752186.9088,s,NASA NSSDC Uranian Satellite Fact Sheet (archived),https://web.archive.org/web/20250815221744/https://nssdc.gsfc.nasa.gov/planetary/factsheet/uraniansatfact.html,2026-08-24,"Synchronous (S).",,SOL-3adde199,
Oberon,mass,2.88e21,kg,NASA NSSDC Uranian Satellite Fact Sheet (archived),https://web.archive.org/web/20250815221744/https://nssdc.gsfc.nasa.gov/planetary/factsheet/uraniansatfact.html,2026-08-24,"28.8 x 10^20 kg transcribed directly.",,SOL-9615e61a,
Oberon,radius,761400,m,NASA NSSDC Uranian Satellite Fact Sheet (archived),https://web.archive.org/web/20250815221744/https://nssdc.gsfc.nasa.gov/planetary/factsheet/uraniansatfact.html,2026-08-24,"761.4 km converted to m. sigma_primary=unverified; intake 2026-09-14. sigma transcribed at the 2026-09-14 intake from the observation record provided by the original hypothesis author: 761400 +/- 2600 m - JPL Solar System Dynamics, Planetary Satellite Physical Parameters, mean radius ref. 1. The value of this row is unchanged.",2600,SOL-4017d7af,
Oberon,semi_major_axis,583500000,m,NASA NSSDC Uranian Satellite Fact Sheet (archived),https://web.archive.org/web/20250815221744/https://nssdc.gsfc.nasa.gov/planetary/factsheet/uraniansatfact.html,2026-08-24,"583.50 x 10^3 km converted to m.",,SOL-04fdd9df,
Oberon,orbital_period,1163223.4176,s,NASA NSSDC Uranian Satellite Fact Sheet (archived),https://web.archive.org/web/20250815221744/https://nssdc.gsfc.nasa.gov/planetary/factsheet/uraniansatfact.html,2026-08-24,"13.463234 d x 86400 s/d. Compared against, not fitted to.",,SOL-11242088,
Oberon,eccentricity,0.0014,1,NASA NSSDC Uranian Satellite Fact Sheet (archived),https://web.archive.org/web/20250815221744/https://nssdc.gsfc.nasa.gov/planetary/factsheet/uraniansatfact.html,2026-08-24,,,SOL-de3a08e8,
Oberon,rotation_period,1163223.4176,s,NASA NSSDC Uranian Satellite Fact Sheet (archived),https://web.archive.org/web/20250815221744/https://nssdc.gsfc.nasa.gov/planetary/factsheet/uraniansatfact.html,2026-08-24,"Synchronous (S).",,SOL-e93f153f,
Uranus ring 1986U2R,ring_radial_extent,3.7e7-3.95e7,m,NASA NTRS Passage to a Ringed World Appendix D,https://ntrs.nasa.gov/api/citations/20040052869/downloads/20040052869.pdf?attachment=true,2026-08-24,"Ring radial extents transcribed via the device-accepted real-system approximation set by the coordinator (wave 185 OUTPUT-B rules). Ring masses: since wave 192 this table carries the French et al. (2024) model estimates (ring_mass_model_* rows below); they convert to ~1e-10 units per grain, below the value floor 1e-6, so the preset keeps 1e-6 per grain as a DECLARED floor-raise (dynamics unchanged). external_name_neutralised=2026-09-18 (第271便b/AF10: 外部名を中立表現へ書き換えた。value/unit/source/url/retrieved/sigma と印は 1 文字も動かしていない)",,SOL-3c8c1f88,
Uranus ring 6,ring_radial_extent,4.1836e7-4.1838e7,m,NASA NTRS Passage to a Ringed World Appendix D,https://ntrs.nasa.gov/api/citations/20040052869/downloads/20040052869.pdf?attachment=true,2026-08-24,"Centre radius +/- half width.",,SOL-856114ba,
Uranus ring 5,ring_radial_extent,4.2234e7-4.2236e7,m,NASA NTRS Passage to a Ringed World Appendix D,https://ntrs.nasa.gov/api/citations/20040052869/downloads/20040052869.pdf?attachment=true,2026-08-24,,,SOL-c8b1ec18,
Uranus ring 4,ring_radial_extent,4.257e7-4.2572e7,m,NASA NTRS Passage to a Ringed World Appendix D,https://ntrs.nasa.gov/api/citations/20040052869/downloads/20040052869.pdf?attachment=true,2026-08-24,,,SOL-199cf500,
Uranus ring Alpha,ring_radial_extent,4.4713e7-4.4723e7,m,NASA NTRS Passage to a Ringed World Appendix D,https://ntrs.nasa.gov/api/citations/20040052869/downloads/20040052869.pdf?attachment=true,2026-08-24,,,SOL-11ead749,
Uranus ring Beta,ring_radial_extent,4.5656e7-4.5666e7,m,NASA NTRS Passage to a Ringed World Appendix D,https://ntrs.nasa.gov/api/citations/20040052869/downloads/20040052869.pdf?attachment=true,2026-08-24,,,SOL-452f4f12,
Uranus ring Eta,ring_radial_extent,4.71755e7-4.71765e7,m,NASA NTRS Passage to a Ringed World Appendix D,https://ntrs.nasa.gov/api/citations/20040052869/downloads/20040052869.pdf?attachment=true,2026-08-24,,,SOL-4ac8c376,
Uranus ring Gamma,ring_radial_extent,4.76245e7-4.76275e7,m,NASA NTRS Passage to a Ringed World Appendix D,https://ntrs.nasa.gov/api/citations/20040052869/downloads/20040052869.pdf?attachment=true,2026-08-24,,,SOL-9c998823,
Uranus ring Delta,ring_radial_extent,4.83e7-4.8306e7,m,NASA NTRS Passage to a Ringed World Appendix D,https://ntrs.nasa.gov/api/citations/20040052869/downloads/20040052869.pdf?attachment=true,2026-08-24,,,SOL-a560cd62,
Uranus ring Lambda,ring_radial_extent,5.0023e7-5.0025e7,m,NASA NTRS Passage to a Ringed World Appendix D,https://ntrs.nasa.gov/api/citations/20040052869/downloads/20040052869.pdf?attachment=true,2026-08-24,,,SOL-21270bc2,
Uranus ring Epsilon,ring_radial_extent,5.1104e7-5.1194e7,m,NASA NTRS Passage to a Ringed World Appendix D,https://ntrs.nasa.gov/api/citations/20040052869/downloads/20040052869.pdf?attachment=true,2026-08-24,"The maximum of the published 20-90 km width is used as the display envelope (per the accepted approximation's note).",,SOL-09cc23b3,
Neptune,mass,1.02409e26,kg,NASA NSSDC Neptune Fact Sheet (archived),https://web.archive.org/web/20241216152509/https://nssdc.gsfc.nasa.gov/planetary/factsheet/neptunefact.html,2026-08-24,"102.409 x 10^24 kg transcribed and converted. Device-collected record (wave 186 intake, accepted).",,SOL-3dde607a,
Neptune,radius,24764000,m,NASA NSSDC Neptune Fact Sheet (archived),https://web.archive.org/web/20241216152509/https://nssdc.gsfc.nasa.gov/planetary/factsheet/neptunefact.html,2026-08-24,"Equatorial radius (1 bar level) 24764 km converted to m.",,SOL-5439f373,
Neptune,rotation_period,57996,s,NASA NSSDC Neptune Fact Sheet (archived),https://web.archive.org/web/20241216152509/https://nssdc.gsfc.nasa.gov/planetary/factsheet/neptunefact.html,2026-08-24,"Sidereal rotation period 16.11 h converted to s.",,SOL-cd5d24a0,
Triton,mass,2.14e22,kg,NASA NSSDC Neptunian Satellite Fact Sheet (archived),https://web.archive.org/web/20250818154100/https://nssdc.gsfc.nasa.gov/planetary/factsheet/neptuniansatfact.html,2026-08-24,"214. x 10^20 kg transcribed and converted.",,SOL-db746089,
Triton,radius,1353400,m,NASA NSSDC Neptunian Satellite Fact Sheet (archived),https://web.archive.org/web/20250818154100/https://nssdc.gsfc.nasa.gov/planetary/factsheet/neptuniansatfact.html,2026-08-24,"1353.4 km converted to m.",,SOL-fa0d6cdc,
Triton,semi_major_axis,354760000,m,NASA NSSDC Neptunian Satellite Fact Sheet (archived),https://web.archive.org/web/20250818154100/https://nssdc.gsfc.nasa.gov/planetary/factsheet/neptuniansatfact.html,2026-08-24,"354.76 x 10^3 km converted to m. Inclination 157.345 deg (retrograde) deliberately ignored: the run is 2D and equatorial; since wave 188 the DIRECTION is carried via the separate inclination row, while the tilt itself is still ignored and declared.",,SOL-f544c4ff,
Triton,orbital_period,507760.1856,s,NASA NSSDC Neptunian Satellite Fact Sheet (archived),https://web.archive.org/web/20250818154100/https://nssdc.gsfc.nasa.gov/planetary/factsheet/neptuniansatfact.html,2026-08-24,"5.876854 d x 86400 s/d. Compared against, not fitted to. same value as Jacobson 2009 Table 6 mean motion (2026-09-16: n=61.2572638 deg/d gives 5.876854069 d = 507760.1915 s; the 5.876854 d printed here is that value rounded)",,SOL-8e1f0f81,
Triton,eccentricity,0.000016,1,NASA NSSDC Neptunian Satellite Fact Sheet (archived),https://web.archive.org/web/20250818154100/https://nssdc.gsfc.nasa.gov/planetary/factsheet/neptuniansatfact.html,2026-08-24,,,SOL-938090a8,
Triton,rotation_period,-507760.1856,s,NASA NSSDC Neptunian Satellite Fact Sheet (archived),https://web.archive.org/web/20250818154100/https://nssdc.gsfc.nasa.gov/planetary/factsheet/neptuniansatfact.html,2026-08-24,"Synchronous (S) with the retrograde orbit; negative sign per the retrograde-rotation rule.",,SOL-4dee2fa3,
Triton,inclination,2.746188,rad,NASA NSSDC Neptunian Satellite Fact Sheet (archived),https://web.archive.org/web/20250818154100/https://nssdc.gsfc.nasa.gov/planetary/factsheet/neptuniansatfact.html,2026-08-24,"Inclination 157.345 deg (retrograde to Neptune equator) converted to rad. Wave 188: the app now carries the DIRECTION (retrograde, direction=-1) into the 2D placement; the tilt itself is still ignored and declared.",,SOL-14681008,
Uranus ring 6,ring_mass_model_low,4.0e12,kg,French et al. (2024) Icarus 411 115957 — The Uranus System from Occultation Observations (via device-collected report),https://arxiv.org/html/2401.04634,2026-08-25,"SSG. Model-dependent value from the SSG (standard self-gravity) / CSG (collisional self-gravity) occultation models — a model range, NOT a statistical error bound.",,SOL-1810db3a,
Uranus ring 6,ring_mass_model_high,6.78e14,kg,French et al. (2024) Icarus 411 115957 — The Uranus System from Occultation Observations (via device-collected report),https://arxiv.org/html/2401.04634,2026-08-25,"CSG. Model-dependent value from the SSG (standard self-gravity) / CSG (collisional self-gravity) occultation models — a model range, NOT a statistical error bound.",,SOL-e131e70e,
Uranus ring 5,ring_mass_model_low,2.3e13,kg,French et al. (2024) Icarus 411 115957 — The Uranus System from Occultation Observations (via device-collected report),https://arxiv.org/html/2401.04634,2026-08-25,"SSG. Model-dependent value from the SSG (standard self-gravity) / CSG (collisional self-gravity) occultation models — a model range, NOT a statistical error bound.",,SOL-0ed18851,
Uranus ring 5,ring_mass_model_high,7.51e14,kg,French et al. (2024) Icarus 411 115957 — The Uranus System from Occultation Observations (via device-collected report),https://arxiv.org/html/2401.04634,2026-08-25,"CSG. Model-dependent value from the SSG (standard self-gravity) / CSG (collisional self-gravity) occultation models — a model range, NOT a statistical error bound.",,SOL-8c5477b2,
Uranus ring 4,ring_mass_model_low,1.1e13,kg,French et al. (2024) Icarus 411 115957 — The Uranus System from Occultation Observations (via device-collected report),https://arxiv.org/html/2401.04634,2026-08-25,"SSG. Model-dependent value from the SSG (standard self-gravity) / CSG (collisional self-gravity) occultation models — a model range, NOT a statistical error bound.",,SOL-a148a0c2,
Uranus ring 4,ring_mass_model_high,8.13e14,kg,French et al. (2024) Icarus 411 115957 — The Uranus System from Occultation Observations (via device-collected report),https://arxiv.org/html/2401.04634,2026-08-25,"CSG. Model-dependent value from the SSG (standard self-gravity) / CSG (collisional self-gravity) occultation models — a model range, NOT a statistical error bound.",,SOL-6f4cd8b5,
Uranus ring alpha,ring_mass_model_low,1.9e13,kg,French et al. (2024) Icarus 411 115957 — The Uranus System from Occultation Observations (via device-collected report),https://arxiv.org/html/2401.04634,2026-08-25,"SSG. Model-dependent value from the SSG (standard self-gravity) / CSG (collisional self-gravity) occultation models — a model range, NOT a statistical error bound.",,SOL-394dca3d,
Uranus ring alpha,ring_mass_model_high,1.246e15,kg,French et al. (2024) Icarus 411 115957 — The Uranus System from Occultation Observations (via device-collected report),https://arxiv.org/html/2401.04634,2026-08-25,"CSG. Model-dependent value from the SSG (standard self-gravity) / CSG (collisional self-gravity) occultation models — a model range, NOT a statistical error bound.",,SOL-365eca7e,
Uranus ring beta,ring_mass_model_low,1.5e13,kg,French et al. (2024) Icarus 411 115957 — The Uranus System from Occultation Observations (via device-collected report),https://arxiv.org/html/2401.04634,2026-08-25,"SSG. Model-dependent value from the SSG (standard self-gravity) / CSG (collisional self-gravity) occultation models — a model range, NOT a statistical error bound.",,SOL-f1ec04b8,
Uranus ring beta,ring_mass_model_high,1.352e15,kg,French et al. (2024) Icarus 411 115957 — The Uranus System from Occultation Observations (via device-collected report),https://arxiv.org/html/2401.04634,2026-08-25,"CSG. Model-dependent value from the SSG (standard self-gravity) / CSG (collisional self-gravity) occultation models — a model range, NOT a statistical error bound.",,SOL-2ed430a2,
Uranus ring delta,ring_mass_model_ssg,3.84e14,kg,French et al. (2024) Icarus 411 115957 — The Uranus System from Occultation Observations (via device-collected report),https://arxiv.org/html/2401.04634,2026-08-25,"SSG only — the paper gives no CSG value for delta. Model-dependent value from the SSG (standard self-gravity) / CSG (collisional self-gravity) occultation models — a model range, NOT a statistical error bound.",,SOL-b25f4756,
Uranus ring epsilon,ring_mass_model_low,3.27e15,kg,French et al. (2024) Icarus 411 115957 — The Uranus System from Occultation Observations (via device-collected report),https://arxiv.org/html/2401.04634,2026-08-25,"SSG. Model-dependent value from the SSG (standard self-gravity) / CSG (collisional self-gravity) occultation models — a model range, NOT a statistical error bound.",,SOL-f35c0456,
Uranus ring epsilon,ring_mass_model_high,6.989e15,kg,French et al. (2024) Icarus 411 115957 — The Uranus System from Occultation Observations (via device-collected report),https://arxiv.org/html/2401.04634,2026-08-25,"CSG. Model-dependent value from the SSG (standard self-gravity) / CSG (collisional self-gravity) occultation models — a model range, NOT a statistical error bound. Even this largest value converts to ~8.7e-11 units per grain (M=25 scale, 8 grains/band), ~4 orders below the value floor 1e-6 — wave 192 declares a floor-raise, dynamics unchanged. Rings zeta/eta/gamma/lambda/nu/mu: no established total mass in the consulted sources (declared).",,SOL-a3b4ae5e,
Alpha Centauri A,mass,2.1451938e30,kg,Akeson et al. (2021) AJ 162 14 - Precision Millimeter Astrometry of the Alpha Centauri AB System (via device-collected record),https://doi.org/10.3847/1538-3881/abfaff,2026-08-25,"Table 8: 1.0788 +/- 0.0029 M_sun x 1.9885e30 kg (this repo's committed solar-mass value, row `Sun,mass`). arXiv: https://arxiv.org/abs/2104.10086 sigma_primary=unverified; intake 2026-09-14. sigma transcribed at the 2026-09-14 intake from the observation record provided by the original hypothesis author: 1.0788 +/- 0.0029 M_sun (x 1.9885e30 kg (committed solar-mass value, row Sun|mass)) - Akeson et al. 2021, AJ 162, 14. The value of this row is unchanged.",5.76665e27,SOL-f31c9224,
Alpha Centauri A,radius,8.4738e8,m,Akeson et al. (2021) AJ 162 14 - Precision Millimeter Astrometry of the Alpha Centauri AB System (via device-collected record),https://doi.org/10.3847/1538-3881/abfaff,2026-08-25,"Table 8: 1.2175 +/- 0.0055 R_sun x 6.96e8 m (this repo's committed solar-radius value, row `Sun,radius`). sigma_primary=unverified; intake 2026-09-14. sigma transcribed at the 2026-09-14 intake from the observation record provided by the original hypothesis author: 1.2175 +/- 0.0055 R_sun (x 6.96e8 m (committed solar-radius value, row Sun|radius)) - Akeson et al. 2021, AJ 162, 14. The value of this row is unchanged.",3.828e6,SOL-cabbd525,
Alpha Centauri A,rotation_period,1373760,s,Bhattacharyya et al. (2026) AJ 172 27 - Near UV Stellar Activity of the Alpha Centauri AB Star System (via device-collected record),https://arxiv.org/abs/2605.24288,2026-08-25,"CUTE 2024 Mg II rotational modulation: 15.9 +/- 1.67 d x 86400 s/d. The paper's overall conclusion spans ~15-20 d (CUTE 2025: 17.5 d; IUE 1995: 18.75 d) - the sharpest single-campaign value is adopted. DOI: https://doi.org/10.3847/1538-3881/ae6db0",,SOL-a9695384,
Alpha Centauri B,mass,1.8079442e30,kg,Akeson et al. (2021) AJ 162 14 - Precision Millimeter Astrometry of the Alpha Centauri AB System (via device-collected record),https://doi.org/10.3847/1538-3881/abfaff,2026-08-25,"Table 8: 0.9092 +/- 0.0025 M_sun x 1.9885e30 kg (committed solar-mass value). sigma_primary=unverified; intake 2026-09-14. sigma transcribed at the 2026-09-14 intake from the observation record provided by the original hypothesis author: 0.9092 +/- 0.0025 M_sun (x 1.9885e30 kg (committed solar-mass value, row Sun|mass)) - Akeson et al. 2021, AJ 162, 14. The value of this row is unchanged.",4.97125e27,SOL-0347b3c6,
Alpha Centauri B,radius,5.979336e8,m,Akeson et al. (2021) AJ 162 14 - Precision Millimeter Astrometry of the Alpha Centauri AB System (via device-collected record),https://doi.org/10.3847/1538-3881/abfaff,2026-08-25,"Table 8: 0.8591 +/- 0.0036 R_sun x 6.96e8 m (committed solar-radius value). sigma_primary=unverified; intake 2026-09-14. sigma transcribed at the 2026-09-14 intake from the observation record provided by the original hypothesis author: 0.8591 +/- 0.0036 R_sun (x 6.96e8 m (committed solar-radius value, row Sun|radius)) - Akeson et al. 2021, AJ 162, 14. The value of this row is unchanged.",2.5056e6,SOL-124aba4a,
Alpha Centauri B,rotation_period,3130272,s,DeWarf et al. (2010) ApJ 722 343 - X-Ray FUV and UV Observations of Alpha Centauri B (via device-collected record),https://arxiv.org/abs/1009.1652,2026-08-25,"36.23 +/- 1.35 d x 86400 s/d. DOI: https://doi.org/10.1088/0004-637X/722/1/343",,SOL-9f8f4d0b,
Alpha Centauri B,semi_major_axis,3.4854808e12,m,Akeson et al. (2021) AJ 162 14 - Precision Millimeter Astrometry of the Alpha Centauri AB System (via device-collected record),https://doi.org/10.3847/1538-3881/abfaff,2026-08-25,"AB relative orbit. Table 8: a = 17.4930 +/- 0.0096 arcsec / parallax 750.81 +/- 0.38 mas = 23.299 AU (derived in the record, not a direct Table 8 entry) x 1.495978707e11 m/au (IAU 2012 exact definition - a unit conversion, not an observation). PROPAGATED, not printed: a_ang 17.4930 +/- 0.0096 arcsec and parallax 750.81 +/- 0.38 mas combined in quadrature (relative 7.4654e-4) - an arithmetic propagation performed in this record, NOT an uncertainty printed in Table 8. sigma_primary=unverified. SIGMA COLUMN (added in wave 251c): the last column of this file carries the OBSERVATIONAL uncertainty of this row in the SAME UNIT as the value column. sigma_primary=verified means the number is the uncertainty printed in the cited primary table (as already transcribed into this note at intake) and this row carries no UNVERIFIED flag against it; sigma_primary=unverified means it was derived by propagation rather than printed, or the row/value is flagged unverified or disagrees with another transcription of the same table. An empty sigma cell means no uncertainty is recorded - never that the uncertainty is zero. sigma_kind=covariance; sigma_propagated=the angular semimajor axis and the parallax combined in quadrature - this is an arithmetic propagation performed in the record and NOT a 1-sigma printed in the cited table; the mark stays unverified for this reason",2.6021e9,SOL-efc64307,
Alpha Centauri B,eccentricity,0.51947,1,Akeson et al. (2021) AJ 162 14 - Precision Millimeter Astrometry of the Alpha Centauri AB System (via device-collected record),https://doi.org/10.3847/1538-3881/abfaff,2026-08-25,"AB relative orbit. Table 8: e = 0.51947 +/- 0.00015. Akeson et al. (2021) Table 8 の e = 0.51947 +/- 0.00015. sigma_primary=verified. SIGMA COLUMN (added in wave 251c): the last column of this file carries the OBSERVATIONAL uncertainty of this row in the SAME UNIT as the value column. sigma_primary=verified means the number is the uncertainty printed in the cited primary table (as already transcribed into this note at intake) and this row carries no UNVERIFIED flag against it; sigma_primary=unverified means it was derived by propagation rather than printed, or the row/value is flagged unverified or disagrees with another transcription of the same table. An empty sigma cell means no uncertainty is recorded - never that the uncertainty is zero.; verified_by=原仮定者 2026-09-16; verified_at=Akeson et al. 2021 AJ 162 14 Table 8 Eccentricity Present work column; verified_value=0.51947 +/- 0.00015; confirmation_round=2 (second confirmation record of the original hypothesis author 2026-09-17; it gives the primary table / column / printed digits; the value and the sigma of this row were re-derived from the printed record by tests/exp-w267a-confirm2.mjs and reproduced; same_as_row=182 - the second confirmation record states this row has the same table and the same value as rows 181/182 which were verified in wave 266a)",1.5e-4,SOL-4e7b618b,
Alpha Centauri B,orbital_period,2.5170973e9,s,Akeson et al. (2021) AJ 162 14 - Precision Millimeter Astrometry of the Alpha Centauri AB System (via device-collected record),https://doi.org/10.3847/1538-3881/abfaff,2026-08-25,"AB relative orbit. Table 8: P = 79.762 +/- 0.019 yr x 3.15576e7 s/yr (Julian year 365.25 d - a unit convention, not an observation). Kepler consistency: a^3/P^2 with G=6.674e-11 gives M_total 3.952e30 kg vs the transcribed sum 3.9531e30 kg (~0.03%). Akeson et al. (2021) Table 8 の P = 79.762 +/- 0.019 yr の +/- を秒へ換算 (0.019 x 3.15576e7). sigma_primary=verified. SIGMA COLUMN (added in wave 251c): the last column of this file carries the OBSERVATIONAL uncertainty of this row in the SAME UNIT as the value column. sigma_primary=verified means the number is the uncertainty printed in the cited primary table (as already transcribed into this note at intake) and this row carries no UNVERIFIED flag against it; sigma_primary=unverified means it was derived by propagation rather than printed, or the row/value is flagged unverified or disagrees with another transcription of the same table. An empty sigma cell means no uncertainty is recorded - never that the uncertainty is zero.; verified_by=原仮定者 2026-09-16; verified_at=Akeson et al. 2021 AJ 162 14 Table 8 Period (yr) Present work column; verified_value=79.762 +/- 0.019 yr; confirmation_round=2 (second confirmation record of the original hypothesis author 2026-09-17; it gives the primary table / column / printed digits; the value and the sigma of this row were re-derived from the printed record by tests/exp-w267a-confirm2.mjs and reproduced; same_as_row=181 - same table and same value as rows 181/182 (this row carries the value rounded to 6 significant figures; the relative difference to 79.762 yr x 3.15576e7 s/yr is 3.5e-9))",599594.4,SOL-41295e31,
Sirius A,mass,4.1022755e30,kg,Bond et al. (2017) ApJ 840 70 - The Sirius System and its Astrophysical Puzzles: HST and Ground-Based Astrometry (via device-collected record),https://doi.org/10.3847/1538-4357/aa6af8,2026-08-27,"2.063 +/- 0.023 M_sun x 1.9885e30 kg (this repo's committed solar-mass value, row `Sun,mass`). arXiv: https://arxiv.org/abs/1703.10625 sigma_primary=unverified; intake 2026-09-14. sigma transcribed at the 2026-09-14 intake from the observation record provided by the original hypothesis author: 2.063 +/- 0.023 M_sun (x 1.9885e30 kg (committed solar-mass value, row Sun|mass)) - Bond et al. 2017, ApJ 840, 70. The value of this row is unchanged.",4.57355e28,SOL-48a6939f,
Sirius A,radius,1.1932224e9,m,Bond et al. (2017) ApJ 840 70 - The Sirius System and its Astrophysical Puzzles: HST and Ground-Based Astrometry (via device-collected record),https://doi.org/10.3847/1538-4357/aa6af8,2026-08-27,"1.7144 +/- 0.0090 R_sun x 6.96e8 m (committed solar-radius value). Interferometric radius (Davis et al. 2011) refined with the paper's adopted parallax. Rotation is NOT transcribed: only v sin i = 16.3 +/- 0.1 km/s is measured (Takeda 2020); P_rot is undetermined (derived range ~2.17-5.42 d) - spin is declared 0. sigma_primary=unverified; intake 2026-09-14. sigma transcribed at the 2026-09-14 intake from the observation record provided by the original hypothesis author: 1.7144 +/- 0.0090 R_sun (x 6.96e8 m (committed solar-radius value, row Sun|radius)) - Bond et al. 2017, ApJ 840, 70. The value of this row is unchanged.",6.264e6,SOL-b871fff8,
Sirius B,mass,2.024293e30,kg,Bond et al. (2017) ApJ 840 70 - The Sirius System and its Astrophysical Puzzles: HST and Ground-Based Astrometry (via device-collected record),https://doi.org/10.3847/1538-4357/aa6af8,2026-08-27,"1.018 +/- 0.011 M_sun x 1.9885e30 kg (committed solar-mass value). White dwarf. sigma_primary=unverified; intake 2026-09-14. sigma transcribed at the 2026-09-14 intake from the observation record provided by the original hypothesis author: 1.018 +/- 0.011 M_sun (x 1.9885e30 kg (committed solar-mass value, row Sun|mass)) - Bond et al. 2017, ApJ 840, 70. The value of this row is unchanged.",2.18735e28,SOL-62054200,
Sirius B,radius,5.636208e6,m,Bond et al. (2017) ApJ 840 70 - The Sirius System and its Astrophysical Puzzles: HST and Ground-Based Astrometry (via device-collected record),https://doi.org/10.3847/1538-4357/aa6af8,2026-08-27,"0.008098 +/- 0.000046 R_sun x 6.96e8 m (committed solar-radius value). White-dwarf radius - far below the app's range floor (0.01 units at L=10); the build raises it to the floor with a declared idealization (display radius and drag field only - dynamics are governed by mass). Rotation is NOT transcribed: no modern direct spin measurement exists (Thejll & Shipman 1986 give a model-dependent 0-600 km/s) - spin is declared 0. sigma_primary=unverified; intake 2026-09-14. sigma transcribed at the 2026-09-14 intake from the observation record provided by the original hypothesis author: 0.008098 +/- 0.000046 R_sun (x 6.96e8 m (committed solar-radius value, row Sun|radius)) - Bond et al. 2017, ApJ 840, 70. The value of this row is unchanged.",3.2016e4,SOL-2895c1ee,
Sirius B,semi_major_axis,2.95946476e12,m,Bond et al. (2017) ApJ 840 70 - The Sirius System and its Astrophysical Puzzles: HST and Ground-Based Astrometry (via device-collected record),https://doi.org/10.3847/1538-4357/aa6af8,2026-08-27,"AB relative orbit. a_ang = 7.4957 +/- 0.0025 arcsec / adopted parallax 378.9 +/- 1.4 mas = 19.7828 AU (derived in the record) x 1.495978707e11 m/au (IAU 2012 exact definition - a unit conversion, not an observation). PROPAGATED, not printed: a_ang 7.4957 +/- 0.0025 arcsec and adopted parallax 378.9 +/- 1.4 mas combined in quadrature (relative 3.7099e-3) - an arithmetic propagation performed in this record, NOT an uncertainty printed in the paper. sigma_primary=unverified. SIGMA COLUMN (added in wave 251c): the last column of this file carries the OBSERVATIONAL uncertainty of this row in the SAME UNIT as the value column. sigma_primary=verified means the number is the uncertainty printed in the cited primary table (as already transcribed into this note at intake) and this row carries no UNVERIFIED flag against it; sigma_primary=unverified means it was derived by propagation rather than printed, or the row/value is flagged unverified or disagrees with another transcription of the same table. An empty sigma cell means no uncertainty is recorded - never that the uncertainty is zero. sigma_kind=covariance; sigma_propagated=the angular semimajor axis and the parallax combined in quadrature - this is an arithmetic propagation performed in the record and NOT a 1-sigma printed in the cited table; the mark stays unverified for this reason",1.09794e10,SOL-9421944c,
Sirius B,eccentricity,0.59142,1,Bond et al. (2017) ApJ 840 70 - The Sirius System and its Astrophysical Puzzles: HST and Ground-Based Astrometry (via device-collected record),https://doi.org/10.3847/1538-4357/aa6af8,2026-08-27,"AB relative orbit. e = 0.59142 +/- 0.00037. Bond et al. (2017) の e = 0.59142 +/- 0.00037. sigma_primary=verified. SIGMA COLUMN (added in wave 251c): the last column of this file carries the OBSERVATIONAL uncertainty of this row in the SAME UNIT as the value column. sigma_primary=verified means the number is the uncertainty printed in the cited primary table (as already transcribed into this note at intake) and this row carries no UNVERIFIED flag against it; sigma_primary=unverified means it was derived by propagation rather than printed, or the row/value is flagged unverified or disagrees with another transcription of the same table. An empty sigma cell means no uncertainty is recorded - never that the uncertainty is zero.; same_table_as_verified_row=195 (pending explicit confirmation - the second confirmation record names only rows 181/182 as same-table same-value so the mark on this row is NOT changed); verified_by=原仮定者 2026-09-16; verified_at=Table 4 Eccentricity e; verified_value=0.59142 +/- 0.00037; same_mark_as=195 (author 2026-09-17: same mark allowed - row 195 transcribes the SAME value and the SAME sigma from the same Bond et al. 2017 Table 4 and the author confirmed it on 2026-09-16, so the confirmer date carried here is that row's date. The pending note same_table_as_verified_row=195 above is resolved by the third confirmation record and is kept as history. The mark of THIS row was already verified before this wave - what the copy adds is the X7 confirmer fields, not a new mark); confirmation_round=3",3.7e-4,SOL-766c7cc8,
Sirius B,orbital_period,1.581932e9,s,Bond et al. (2017) ApJ 840 70 - The Sirius System and its Astrophysical Puzzles: HST and Ground-Based Astrometry (via device-collected record),https://doi.org/10.3847/1538-4357/aa6af8,2026-08-27,"AB relative orbit. P = 50.1284 +/- 0.0043 yr x 3.15576e7 s/yr (Julian year - a unit convention, not an observation). Kepler consistency: 4pi^2 a^3/(G P^2) with G=6.674e-11 gives M_total 6.1269e30 kg vs the transcribed sum 6.1266e30 kg (~0.006%). Bond et al. (2017) の P = 50.1284 +/- 0.0043 yr の +/- を秒へ換算 (0.0043 x 3.15576e7). sigma_primary=verified. SIGMA COLUMN (added in wave 251c): the last column of this file carries the OBSERVATIONAL uncertainty of this row in the SAME UNIT as the value column. sigma_primary=verified means the number is the uncertainty printed in the cited primary table (as already transcribed into this note at intake) and this row carries no UNVERIFIED flag against it; sigma_primary=unverified means it was derived by propagation rather than printed, or the row/value is flagged unverified or disagrees with another transcription of the same table. An empty sigma cell means no uncertainty is recorded - never that the uncertainty is zero.; same_table_as_verified_row=194 (pending explicit confirmation - the second confirmation record names only rows 181/182 as same-table same-value so the mark on this row is NOT changed); rounding_difference_vs_row_194=4.16 s (noted 2026-09-17: this row carries 1.581932e9 s - the product 50.1284 yr x 3.15576e7 s/yr rounded to seven significant digits - while row 194 carries 1581931995.84 s from the same Bond et al. 2017 table. The two transcriptions are 4.16 s apart, which is 3.07e-5 of the 1-sigma 135697.68 s that both rows carry, so they are NOT the same printed digits and must not be described as one identical value. Neither value is changed and no mark is changed by this note); verified_by=原仮定者 2026-09-16; verified_at=Table 4 Orbital period P (year); verified_value=50.1284 +/- 0.0043 yr; same_mark_as=194 (author 2026-09-17: same mark allowed - row 194 transcribes the same Bond et al. 2017 Table 4 record and the author confirmed it on 2026-09-16, so the confirmer date carried here is that row's date. The two rows are NOT bit-identical: the rounding_difference_vs_row_194=4.16 s note above stands unchanged and this row keeps its seven-significant-digit transcription. The pending note same_table_as_verified_row=194 above is resolved by the third confirmation record and is kept as history. The mark of THIS row was already verified before this wave - what the copy adds is the X7 confirmer fields, not a new mark); confirmation_round=3",135697.68,SOL-d6586fce,
PSR J0737-3039 A,mass,2.660982861e30,kg,Hu et al. (2022) A&A 667 A149 - Gravitational signal propagation in the double pulsar studied with the MeerKAT telescope (via device-collected record),https://doi.org/10.1051/0004-6361/202244825,2026-08-27,"1.338186 +/- 0.000010 M_sun x 1.9885e30 kg (this repo's committed solar-mass value, row `Sun,mass`). Timing-derived observational value. sigma_primary=unverified; intake 2026-09-14. sigma_asymmetric=+0.000012/-0.000014 for 1.338185 M_sun (Hu et al. 2022, A&A 667, A149) - recorded at the 2026-09-14 intake in the note only, because the sigma column carries symmetric 1-sigma values only. The value of this row is unchanged.",,SOL-7ba92aa0,
PSR J0737-3039 A,radius,1.175e4,m,Dietrich et al. (2020) Science 370 1450 - Multimessenger constraints on the neutron-star equation of state (via device-collected record),https://doi.org/10.1126/science.abb4317,2026-08-27,"EOS/multimessenger PROXY only: R_1.4 = 11.75 +0.86/-0.81 km (90% CI) for a 1.4-M_sun neutron star. NO direct radius measurement of J0737-3039 A exists (radius_observed = null); Kramer et al. (2021, PRX 11 041050) state the constraint applies to A at the accuracy needed there. Must not be labeled as an observed radius. sigma_primary=unverified; intake 2026-09-14. sigma_asymmetric=+860/-810 (90% confidence) for 11750 m (Dietrich et al. 2020, Science 370, 1450-1453) - recorded at the 2026-09-14 intake in the note only, because the sigma column carries symmetric 1-sigma values only. The value of this row is unchanged.",,SOL-8c6303f4,
PSR J0737-3039 A,rotation_period,0.02269937898645,s,Hu et al. (2022) A&A 667 A149 (via device-collected record),https://doi.org/10.1051/0004-6361/202244825,2026-08-27,"nu = 44.054068642001(56) Hz -> P = 1/nu = 22.69937898645 ms; omega = 2*pi*nu = 276.7998768 rad/s. Measured, yet NOT transcribable in the app: in the wave-220 relativistic-binary family (1 time unit = 10 s) the spin would be 2768.0 rad/unit - far outside the +/-20 spin range - so the build declares spin=0 and records the source here.",,SOL-91ac7b68,
PSR J0737-3039 B,mass,2.483370041e30,kg,Hu et al. (2022) A&A 667 A149 (via device-collected record),https://doi.org/10.1051/0004-6361/202244825,2026-08-27,"1.248866 +/- 0.000007 M_sun x 1.9885e30 kg (committed solar-mass value). Timing-derived observational value. sigma_primary=unverified; intake 2026-09-14. sigma_asymmetric=+0.000013/-0.000011 for 1.248868 M_sun (Hu et al. 2022, A&A 667, A149) - recorded at the 2026-09-14 intake in the note only, because the sigma column carries symmetric 1-sigma values only. The value of this row is unchanged.",,SOL-3b7d7d41,
PSR J0737-3039 B,radius,1.175e4,m,Dietrich et al. (2020) Science 370 1450 (via device-collected record),https://doi.org/10.1126/science.abb4317,2026-08-27,"EOS/multimessenger PROXY only (generic 1.4-M_sun constraint; B is 1.249 M_sun so this is even more model-dependent). NO direct radius measurement of J0737-3039 B exists (radius_observed = null). Must not be labeled as an observed radius. sigma_primary=unverified; intake 2026-09-14. sigma_asymmetric=+860/-810 (90% confidence) for 11750 m (Dietrich et al. 2020, Science 370, 1450-1453) - recorded at the 2026-09-14 intake in the note only, because the sigma column carries symmetric 1-sigma values only. The value of this row is unchanged.",,SOL-4dfc6d1b,
PSR J0737-3039 B,rotation_period,2.77346074724,s,"Kramer et al. (2006) timing table, MNRAS 368 283 (via device-collected record)",https://academic.oup.com/mnras/article/368/1/283/969706,2026-08-27,"P_B = 2.77346074724(5) s; nu = 1/P = 0.3605603551 Hz; omega = 2*pi/P = 2.2654675 rad/s. Measured, yet NOT transcribable: 22.65 rad/unit in the wave-220 family - outside the +/-20 spin range - spin declared 0 with the source recorded here.",,SOL-649c64b4,
PSR J0737-3039 B,semi_major_axis,8.788366e8,m,Hu et al. (2022) A&A 667 A149 + IAU 2015 Resolution B3 (via device-collected record),https://doi.org/10.1051/0004-6361/202244825,2026-08-27,"AB relative orbit, Newtonian/Kepler-equivalent value derived in the record from the timing total mass M = 2.587052(11) M_sun and P via a^3 = G M P^2/(4 pi^2) with (GM)_sun = 1.3271244e20 m^3 s^-2 (IAU 2015 B3). Cross-check: a_rel ~ c (xA + xB)/sin i with xA = 1.415028299 ls, xB = 1.5161 ls, i ~ 89.36 deg gives ~8.788e8 m. Periastron a(1-e) = 8.016949e8 m, apastron a(1+e) = 9.559783e8 m.",,SOL-6674817e,
PSR J0737-3039 B,eccentricity,0.087777036,1,Hu et al. (2022) A&A 667 A149 (via device-collected record),https://doi.org/10.1051/0004-6361/202244825,2026-08-27,"AB relative orbit. eT = 0.087777036(48) (pulsar-timing time eccentricity). Hu et al. (2022) の eT = 0.087777036(48) の最終桁誤差. MEASURAND MAPPING UNRESOLVED (wave 257d): eT is the TIME eccentricity of the DD/DDGR timing model, while the audit harness (tests/exp-w249b-calaudit.mjs) measures eProxy = (r_max - r_min) / (r_max + r_min) from the simulated distance extrema over one revolution. THESE ARE NOT THE SAME MEASURAND. The audit gate therefore reports mapping-unresolved for this row instead of an n-sigma rejection - the difference of two differently defined quantities must not be read as a rejection sigma. sigma_primary=verified. SIGMA COLUMN (added in wave 251c): the last column of this file carries the OBSERVATIONAL uncertainty of this row in the SAME UNIT as the value column. sigma_primary=verified means the number is the uncertainty printed in the cited primary table (as already transcribed into this note at intake) and this row carries no UNVERIFIED flag against it; sigma_primary=unverified means it was derived by propagation rather than printed, or the row/value is flagged unverified or disagrees with another transcription of the same table. An empty sigma cell means no uncertainty is recorded - never that the uncertainty is zero.; verified_by=原仮定者 2026-09-16; verified_at=Hu et al. 2022 A&A 667 A149 Table 2 Eccentricity eT (DDS binary model); verified_value=0.087 777 036(48) (eT - the TIME eccentricity of the timing model); confirmation_round=2 (second confirmation record of the original hypothesis author 2026-09-17; it gives the primary table / column / printed digits; the value and the sigma of this row were re-derived from the printed record by tests/exp-w267a-confirm2.mjs and reproduced; the measurand-mapping caveat above is NOT resolved by this confirmation - eT and eProxy remain different measurands)",4.8e-8,SOL-40d95cf1,
PSR J0737-3039 B,orbital_period,8834.534723278,s,Hu et al. (2022) A&A 667 A149 (via device-collected record),https://doi.org/10.1051/0004-6361/202244825,2026-08-27,"Pb = 0.1022515592972(29) d x 86400 s/d = 8834.534723278 s = 2.454037 h. Wave-220 structural note: this system does NOT fit the legacy L-T=4 scale family (obsScaleFromL) at any L - the apoapsis relative speed 572.4 km/s is 57.24 units (velocity range +/-50) and the masses exceed 2e4 units - the built-in samples use the relativistic-binary family L-T=5 (L6/T1/M27, c0=3e3). Wave 222 extended buildAstroFromRecords to this family (tried only after the legacy family is exhausted); these 9 rows rebuild the built-in preset bit-identically (machine-fixed by QA behavior.psrDoubleAB). Hu et al. (2022) の Pb = 0.1022515592972(29) d の最終桁誤差 2.9e-12 d を秒へ換算. sigma_primary=verified. SIGMA COLUMN (added in wave 251c): the last column of this file carries the OBSERVATIONAL uncertainty of this row in the SAME UNIT as the value column. sigma_primary=verified means the number is the uncertainty printed in the cited primary table (as already transcribed into this note at intake) and this row carries no UNVERIFIED flag against it; sigma_primary=unverified means it was derived by propagation rather than printed, or the row/value is flagged unverified or disagrees with another transcription of the same table. An empty sigma cell means no uncertainty is recorded - never that the uncertainty is zero.; verified_by=原仮定者 2026-09-16; verified_at=Hu et al. 2022 A&A 667 A149 Table 2 Orbital period Pb (days) (DDS binary model); verified_value=0.102 251 559 297 2(29) d; confirmation_round=2 (second confirmation record of the original hypothesis author 2026-09-17; it gives the primary table / column / printed digits; the value and the sigma of this row were re-derived from the printed record by tests/exp-w267a-confirm2.mjs and reproduced)",2.5056e-7,SOL-cf1e8fbf,
PSR J0737-3039 B,periastron_advance,16.899323,deg/yr,Kramer et al. (2021) Phys. Rev. X 11 041050 - Strong-Field Gravity Tests with the Double Pulsar,https://doi.org/10.1103/PhysRevX.11.041050,2026-09-11,"omega_dot = 16.899323(13) deg/yr (the 16.2-year timing solution of Kramer et al. 2021, PRX 11 041050). Converted with Pb = 8834.534723278 s: 4.7309572e-3 deg per orbit (Julian year 3.15576e7 s - a unit convention). This is the TOTAL observed advance (1PN + 2PN + spin-orbit), the GR interpretation of which gives the total mass; GR-derived where used as a mass. ADDED IN WAVE 256d. WHY IT WAS ABSENT UNTIL NOW: wave 251c deliberately left this row out because the builder buildAstroFromRecords does not consume periastron_advance and the QA path-equivalence check for the transcription sample counted the J0737 rows; wave 256d keeps the builder untouched and instead teaches the check which quantities the builder consumes, so the observational record can be complete. THE BUILDER STILL IGNORES THIS ROW - no sample is built from it; it is read by the audit harness (tests/exp-w249b-calaudit.mjs) as the observational reference and its sigma. PROVENANCE (UPDATED IN WAVE 257d - the wave-256d wording is withdrawn): THE PRIMARY TABLE HAS NOW BEEN CHECKED DIRECTLY. Kramer et al. (2021) PRX 11 041050, Table IV (preprint arXiv:2112.06795 p.20), TDB timing solution, gives omega_dot = 16.899323(13) deg/yr. That is bit-for-bit the value and the sigma this row already carried, so WAVE 257d CHANGED NO DIGIT - it only removed the contradiction between the note (which said the primary table had not been read) and the machine-readable mark sigma_primary=verified. Wave 256d reached the same numbers through a web-search summary; that route is now superseded by the table itself. DO NOT MIX SOLUTIONS: the Pb and eT rows of this same system (PSR J0737-3039 B, orbital_period and PSR J0737-3039 B, eccentricity) come from Hu et al. (2022) A&A 667 A149 - a DIFFERENT timing solution with its own data span, time system and epoch. Wave 257d deliberately did NOT replace them with the Kramer et al. 2021 values. Mixing time systems (TDB vs TCB), epochs and timing solutions inside one set of rows would make the phrase primary-table verified meaningless, so each row keeps its own solution and says which one it is. CONVERSION CAVEAT: the deg-per-orbit number quoted above is obtained with the Hu et al. (2022) Pb, i.e. it already crosses the two solutions; it is a display convenience for the audit harness and is NOT a transcription from either primary table. Older transcriptions reached in the same session - 16.8991(1) and 16.89947(68) deg/yr - belong to the Kramer et al. 2006 solution, not to this row, and are NOT treated as conflicting transcriptions of the same table. JUDGED IN deg/yr (WAVE 258d): the audit harness now reads THIS ROW IN ITS OWN UNIT. The simulated periastron angle is unwrapped and regressed on REAL TIME (the horizontal axis is k*dt, not the periastron index), the slope is converted to deg/yr with the Julian-year convention above, and it is compared with the value and sigma of THIS ROW WITHOUT ANY PERIOD CONVERSION. That removes the conversion caveat one line above from the gate itself: the deg/yr gate uses only the Kramer et al. (2021) omega_dot table, while the deg-per-orbit column - which needs one period and therefore crosses the Hu et al. (2022) Pb solution - is kept BESIDE it as a second column, not as the judged quantity. CHANGING THE UNIT DOES NOT CHANGE THE RATIO: wave 258d measured 34.7691 deg/yr against this row's 16.899323 deg/yr (ratio 2.0574), where the deg-per-orbit column gives ratio 2.0292 - the near-factor-of-two is not a unit mistake. NO DIGIT OF THIS ROW WAS CHANGED IN WAVE 258d. sigma_primary=verified. SIGMA COLUMN (added in wave 251c): the last column of this file carries the OBSERVATIONAL uncertainty of this row in the SAME UNIT as the value column. An empty sigma cell means no uncertainty is recorded - never that the uncertainty is zero.; same_table_as_verified_row=211 (pending explicit confirmation - the second confirmation record names only rows 181/182 as same-table same-value so the mark on this row is NOT changed); verified_by=原仮定者 2026-09-16; verified_at=Table IV Periastron advance (deg/yr); verified_value=16.899 323(13); same_mark_as=211 (author 2026-09-17: same mark allowed - row 211 transcribes the SAME value and the SAME sigma from the same Kramer et al. 2021 Table IV and the author confirmed it on 2026-09-16, so the confirmer date carried here is that row's date. The pending note same_table_as_verified_row=211 above is resolved by the third confirmation record and is kept as history. The mark of THIS row was already verified before this wave - what the copy adds is the X7 confirmer fields, not a new mark); confirmation_round=3",1.3e-5,SOL-35dacca5,
GW150914 A,mass,6.8801062e31,kg,GWOSC GWTC-2.1 (GW150914-v4 via device-collected record),https://gwosc.org/eventapi/html/event/GW150914/,2026-08-29,"m1 = 34.6 +4.4/-2.6 Msun (source frame) x 1.98847e30 kg/Msun. Median of the 90% credible interval.",,SOL-1dffa22e,
GW150914 A,radius,1.0218554e5,m,Schwarzschild-equivalent proxy (GWTC-2.1 mass via device-collected record),https://gwosc.org/eventapi/html/event/GW150914/,2026-08-29,"r_s = 2GM/c^2 = 102.2 km - a DECLARED PROXY (black holes have no material surface; the Kerr horizon is smaller, spin-dependent). Not an observed radius.",,SOL-47b4c1a7,
GW150914 B,mass,5.9654100e31,kg,GWOSC GWTC-2.1 (GW150914-v4 via device-collected record),https://gwosc.org/eventapi/html/event/GW150914/,2026-08-29,"m2 = 30.0 +2.9/-4.6 Msun (source frame) x 1.98847e30 kg/Msun.",,SOL-45febe79,
GW150914 B,radius,8.8600181e4,m,Schwarzschild-equivalent proxy (GWTC-2.1 mass via device-collected record),https://gwosc.org/eventapi/html/event/GW150914/,2026-08-29,"r_s = 2GM/c^2 = 88.6 km - a DECLARED PROXY, not an observed radius.",,SOL-edd13fcd,
GW150914 B,semi_major_axis,1.928116e6,m,Newtonian-equivalent reference state at f_GW.det=10 Hz (GWTC-2.1 masses + z=0.10 via device-collected record),https://gwosc.org/eventapi/html/event/GW150914/,2026-08-29,"a = [GM/(2 pi f_orb.src)^2]^(1/3) with f_orb.src = (1+z) f_GW.det/2 = 5.5 Hz. A DERIVED reference-state value - NOT a stationary orbital element; the real system merges ~4 s later. Store together with the reference frequency.",,SOL-cebad1f8,
GW150914 B,eccentricity,0.08,1,Phys. Rev. D 108 124063 (2023) eccentric-waveform inference (via device-collected record),https://doi.org/10.1103/PhysRevD.108.124063,2026-08-29,"e_gw at 10 Hz = 0.08 +0.09/-0.06 (90%). Model-dependent and statistically consistent with a quasicircular orbit - declared.",,SOL-e2b23b10,
GW150914 B,orbital_period,0.181818,s,Newtonian-equivalent reference state (source frame; via device-collected record),https://gwosc.org/eventapi/html/event/GW150914/,2026-08-29,"P = 1/f_orb.src = 2/f_GW.src = 2/11 Hz = 0.181818 s (source frame; detector frame 0.2000 s). A derived reference-state value. Wave-223 note: the built-in samples use the new merger-binary family L-T=7 (L4/T-3/M29, c0=30) and the conversion-consistency rule (geoPN=0 - the transcribed a and P are Newtonian-equivalent; geoPN=2 inflates the first period by +42.1%). Extending buildAstroFromRecords to this family is queued.",,SOL-f27ca665,
PSR J1757-1854,mass,2.6614084e30,kg,"Cameron et al. (2018) MNRAS 475 L57 - The High Time Resolution Universe Pulsar Survey XIII: PSR J1757-1854, the most accelerated binary pulsar",https://doi.org/10.1093/mnrasl/sly003,2026-09-08,"Pulsar mass 1.3384(9) M_sun x 1.9885e30 kg (committed solar-mass value). Timing-derived under DDGR (total mass 2.73295(9) M_sun): GR-derived; conditional reference. Epoch/model: 1.6-yr Parkes+GBT campaign, DD/DDGR. role=hold-out (wave 248) - this system is NOT used to fit any DFM coefficient; only PSR J0737-3039A/B carries the f/lambda ledger. Wave-248 note: Cameron et al. (2023) MNRAS 523 5064 and Singha et al. (2026) arXiv:2606.23926 refine these post-Keplerian parameters (the 2026 paper reports the first delta_theta detection in this system); their tables could NOT be transcribed here. Re-verification in this session went through web search only: arXiv, the publisher sites and the ATNF catalogue were blocked by the network egress policy, so the primary table could not be re-fetched. sigma_primary=unverified; intake 2026-09-14. sigma transcribed at the 2026-09-14 intake from the observation record provided by the original hypothesis author: 1.3384 +/- 0.0009 M_sun (x 1.9885e30 kg (committed solar-mass value, row Sun|mass)) - Cameron et al. 2018, MNRAS Letters 475, L57-L61. The value of this row is unchanged.; url_corrected=2026-09-17 (AD7: the rows that still carried the superseded DOI of Cameron et al. 2018 MNRAS Letters 475 L57-L61 are corrected to 10.1093/mnrasl/sly003 - the bibliographic record of arXiv:1711.07697 - matching rows 136/137/139 and the parallel rows 260/262/263. The rows were matched by body, quantity and the OLD URL, not by row number, so the Dietrich et al. 2020 radius proxy row of the same system is NOT touched. previous_url=https://doi.org/10.1093/mnrasl/slx185 ; the value, the unit, the sigma column, the source label and the mark of this row are unchanged by the url correction)",1.78965e27,SOL-c5f3dbda,
PSR J1757-1854 companion,mass,2.7731621e30,kg,"Cameron et al. (2018) MNRAS 475 L57 - The High Time Resolution Universe Pulsar Survey XIII: PSR J1757-1854, the most accelerated binary pulsar",https://doi.org/10.1093/mnrasl/sly003,2026-09-08,"Companion (unseen neutron star) mass 1.3946(9) M_sun x 1.9885e30 kg. DDGR / GR-derived; conditional reference. No pulsations are detected from the companion: its SPIN PERIOD AND RADIUS ARE UNOBSERVED and therefore no rotation_period / radius_observed row exists for it (absence is recorded as the absence of a row, never as 0). role=hold-out (wave 248) - this system is NOT used to fit any DFM coefficient; only PSR J0737-3039A/B carries the f/lambda ledger. sigma_primary=unverified; intake 2026-09-14. sigma transcribed at the 2026-09-14 intake from the observation record provided by the original hypothesis author: 1.3946 +/- 0.0009 M_sun (x 1.9885e30 kg (committed solar-mass value, row Sun|mass)) - Cameron et al. 2018, MNRAS Letters 475, L57-L61. The value of this row is unchanged.; url_corrected=2026-09-17 (AD7: the rows that still carried the superseded DOI of Cameron et al. 2018 MNRAS Letters 475 L57-L61 are corrected to 10.1093/mnrasl/sly003 - the bibliographic record of arXiv:1711.07697 - matching rows 136/137/139 and the parallel rows 260/262/263. The rows were matched by body, quantity and the OLD URL, not by row number, so the Dietrich et al. 2020 radius proxy row of the same system is NOT touched. previous_url=https://doi.org/10.1093/mnrasl/slx185 ; the value, the unit, the sigma column, the source label and the mark of this row are unchanged by the url correction)",1.78965e27,SOL-60e0bee8,
PSR J1757-1854,rotation_period,2.14972318900292e-2,s,"Cameron et al. (2018) MNRAS 475 L57 - The High Time Resolution Universe Pulsar Survey XIII: PSR J1757-1854, the most accelerated binary pulsar",https://doi.org/10.1093/mnrasl/sly003,2026-09-08,"P_spin = 21.4972318900292(6) ms -> omega = 2*pi/P = 292.2788 rad/s. In the wave-220 relativistic-binary family (1 time unit = 10 s) this is 2922.79 rad/unit - outside both the shell spin range (+/-20) and the core-Omega range (+/-50), so builds declare shell spin=0 and carry the value only in the read-only spinDipole channel (wave 246). role=hold-out (wave 248) - this system is NOT used to fit any DFM coefficient; only PSR J0737-3039A/B carries the f/lambda ledger.; url_corrected=2026-09-17 (AD7: the rows that still carried the superseded DOI of Cameron et al. 2018 MNRAS Letters 475 L57-L61 are corrected to 10.1093/mnrasl/sly003 - the bibliographic record of arXiv:1711.07697 - matching rows 136/137/139 and the parallel rows 260/262/263. The rows were matched by body, quantity and the OLD URL, not by row number, so the Dietrich et al. 2020 radius proxy row of the same system is NOT touched. previous_url=https://doi.org/10.1093/mnrasl/slx185 ; the value, the unit, the sigma column, the source label and the mark of this row are unchanged by the url correction)",,SOL-73484635,
PSR J1757-1854,orbital_period,15857.669019168,s,"Cameron et al. (2018) MNRAS 475 L57 - The High Time Resolution Universe Pulsar Survey XIII: PSR J1757-1854, the most accelerated binary pulsar",https://doi.org/10.1093/mnrasl/sly003,2026-09-08,"Pb = 0.18353783587(5) d x 86400 s/d = 15857.669019168 s = 4.40491 h. Relative orbit. role=hold-out (wave 248) - this system is NOT used to fit any DFM coefficient; only PSR J0737-3039A/B carries the f/lambda ledger. Compared against, never fitted. Cameron et al. (2018) の Pb = 0.18353783587(5) d の最終桁誤差 5e-11 d を秒へ換算. sigma_primary=verified. SIGMA COLUMN (added in wave 251c): the last column of this file carries the OBSERVATIONAL uncertainty of this row in the SAME UNIT as the value column. sigma_primary=verified means the number is the uncertainty printed in the cited primary table (as already transcribed into this note at intake) and this row carries no UNVERIFIED flag against it; sigma_primary=unverified means it was derived by propagation rather than printed, or the row/value is flagged unverified or disagrees with another transcription of the same table. An empty sigma cell means no uncertainty is recorded - never that the uncertainty is zero.; confirmation_2=not-found-by-author 2026-09-16 (Cameron et al. 2018 Table 2 Pb: the original hypothesis author could not find the printed record for this row in the second confirmation record; the mark on this row is NOT changed); url_corrected=2026-09-17 (the DOI of Cameron et al. 2018 MNRAS Letters 475 L57-L61 is 10.1093/mnrasl/sly003 - the bibliographic record of arXiv:1711.07697 - and rows 260/262/263, which transcribe the same Table 2, already carry it; previous_url=https://doi.org/10.1093/mnrasl/slx185 ; the value, the sigma column and the source label of this row are unchanged by the url correction); acknowledged_by=原仮定者 2026-09-17 (the third confirmation record acknowledges the DOI correction of rows 136/137/139 made in wave 268b - slx185 -> sly003); same_mark_not_available=2026-09-17 (no author-verified row of the same table: the parallel rows 260/262/263 that transcribe the same Cameron et al. 2018 Table 2 are themselves unconfirmed (confirmation_2=not-found-by-author), so there is no author-confirmed row of this table whose mark could be copied here. The mark of this row is NOT changed and no X7 confirmer field is added); verified_by=原仮定者 2026-09-18; verified_at=Cameron 2018 MNRAS Letters 475 L57 Table 2; verified_value=Pb = 0.18353783587(5) d; confirmation_round=4 (the fourth confirmation record (2026-09-18): the original hypothesis author read the printed table itself. The value, the unit, the source label and the sigma column of this row are unchanged - what is added here are the X7 confirmer fields and this round tag); same_mark_not_available_closed=2026-09-18 (the same_mark_not_available note of 2026-09-17 is superseded and kept as history: the mark of this row no longer depends on copying the mark of another row, because the printed table itself was read in the fourth confirmation record)",4.32e-6,SOL-7cc2400b,
PSR J1757-1854,eccentricity,0.6058142,1,"Cameron et al. (2018) MNRAS 475 L57 - The High Time Resolution Universe Pulsar Survey XIII: PSR J1757-1854, the most accelerated binary pulsar",https://doi.org/10.1093/mnrasl/sly003,2026-09-08,"e = 0.6058142(10) (pulsar-timing eccentricity). Relative orbit. role=hold-out (wave 248) - this system is NOT used to fit any DFM coefficient; only PSR J0737-3039A/B carries the f/lambda ledger. Cameron et al. (2018) の e = 0.6058142(10) の最終桁誤差. sigma_primary=verified. SIGMA COLUMN (added in wave 251c): the last column of this file carries the OBSERVATIONAL uncertainty of this row in the SAME UNIT as the value column. sigma_primary=verified means the number is the uncertainty printed in the cited primary table (as already transcribed into this note at intake) and this row carries no UNVERIFIED flag against it; sigma_primary=unverified means it was derived by propagation rather than printed, or the row/value is flagged unverified or disagrees with another transcription of the same table. An empty sigma cell means no uncertainty is recorded - never that the uncertainty is zero.; confirmation_2=not-found-by-author 2026-09-16 (Cameron et al. 2018 Table 2 e: the original hypothesis author could not find the printed record for this row in the second confirmation record; the mark on this row is NOT changed); corrected=2026-09-17 (transcription correction of the SIGMA COLUMN only: 1.0e-7 -> 1.0e-6. The printed record of this row is e = 0.6058142(10), whose last-digit uncertainty is 10 in the 7th decimal place = 1.0e-6, and row 262 - the solution-tagged transcription of the same Cameron et al. 2018 Table 2 - already carries 1.0e-6. previous_sigma=1.0e-7. The VALUE 0.6058142 is unchanged and the primary source is unchanged; this is an error of the transcriber, not of the cited table); url_corrected=2026-09-17 (the DOI of Cameron et al. 2018 MNRAS Letters 475 L57-L61 is 10.1093/mnrasl/sly003 - the bibliographic record of arXiv:1711.07697 - and rows 260/262/263, which transcribe the same Table 2, already carry it; previous_url=https://doi.org/10.1093/mnrasl/slx185 ; the value, the sigma column and the source label of this row are unchanged by the url correction); acknowledged_by=原仮定者 2026-09-17 (the third confirmation record acknowledges TWO of the wave-268b corrections that touch this row - the sigma correction of this row (1.0e-7 -> 1.0e-6) and the DOI correction of rows 136/137/139 (slx185 -> sly003). The quantity rename of the Titan ringlet row (mean_motion -> pattern_speed_m1) is NOT among the two acknowledged corrections); same_mark_not_available=2026-09-17 (no author-verified row of the same table: the parallel rows 260/262/263 that transcribe the same Cameron et al. 2018 Table 2 are themselves unconfirmed (confirmation_2=not-found-by-author), so there is no author-confirmed row of this table whose mark could be copied here. The mark of this row is NOT changed and no X7 confirmer field is added); verified_by=原仮定者 2026-09-18; verified_at=Cameron 2018 MNRAS Letters 475 L57 Table 2; verified_value=e = 0.6058142(10); confirmation_round=4 (the fourth confirmation record (2026-09-18): the original hypothesis author read the printed table itself. The value, the unit, the source label and the sigma column of this row are unchanged - what is added here are the X7 confirmer fields and this round tag); same_mark_not_available_closed=2026-09-18 (the same_mark_not_available note of 2026-09-17 is superseded and kept as history: the mark of this row no longer depends on copying the mark of another row, because the printed table itself was read in the fourth confirmation record)",1.0e-6,SOL-251ef664,
PSR J1757-1854,semi_major_axis,1.3219674457986195e9,m,"Cameron et al. (2018) MNRAS 475 L57 - The High Time Resolution Universe Pulsar Survey XIII: PSR J1757-1854, the most accelerated binary pulsar + IAU 2015 Resolution B3",https://doi.org/10.1093/mnrasl/sly003,2026-09-08,"Relative orbit, Newtonian/Kepler-equivalent value DERIVED IN THIS RECORD from the DDGR total mass M = 2.73295(9) M_sun and Pb via a^3 = G M Pb^2/(4 pi^2) with (GM)_sun = 1.3271244e20 m^3 s^-2 (IAU 2015 B3 - a unit convention, not an observation). Same construction as the PSR J0737-3039 B row. Periastron a(1-e) = 5.2110e8 m, apastron a(1+e) = 2.1228e9 m; apoapsis relative speed 259.5 km/s. role=hold-out (wave 248) - this system is NOT used to fit any DFM coefficient; only PSR J0737-3039A/B carries the f/lambda ledger.; url_corrected=2026-09-17 (AD7: the rows that still carried the superseded DOI of Cameron et al. 2018 MNRAS Letters 475 L57-L61 are corrected to 10.1093/mnrasl/sly003 - the bibliographic record of arXiv:1711.07697 - matching rows 136/137/139 and the parallel rows 260/262/263. The rows were matched by body, quantity and the OLD URL, not by row number, so the Dietrich et al. 2020 radius proxy row of the same system is NOT touched. previous_url=https://doi.org/10.1093/mnrasl/slx185 ; the value, the unit, the sigma column, the source label and the mark of this row are unchanged by the url correction)",,SOL-e46adab3,
PSR J1757-1854,periastron_advance,10.3651,deg/yr,"Cameron et al. (2018) MNRAS 475 L57 - The High Time Resolution Universe Pulsar Survey XIII: PSR J1757-1854, the most accelerated binary pulsar",https://doi.org/10.1093/mnrasl/sly003,2026-09-08,"omega_dot = 10.3651(2) deg/yr. Converted with Pb: 5.208455e-3 deg per orbit (Julian year 3.15576e7 s - a unit convention). This is the TOTAL observed advance (1PN + higher-order + Lense-Thirring), the GR interpretation of which gives the DDGR total mass; GR-derived where used as a mass. role=hold-out (wave 248) - this system is NOT used to fit any DFM coefficient; only PSR J0737-3039A/B carries the f/lambda ledger. Compared against, never fitted. Cameron et al. (2018) の omega_dot = 10.3651(2) deg/yr の最終桁誤差. sigma_primary=verified. SIGMA COLUMN (added in wave 251c): the last column of this file carries the OBSERVATIONAL uncertainty of this row in the SAME UNIT as the value column. sigma_primary=verified means the number is the uncertainty printed in the cited primary table (as already transcribed into this note at intake) and this row carries no UNVERIFIED flag against it; sigma_primary=unverified means it was derived by propagation rather than printed, or the row/value is flagged unverified or disagrees with another transcription of the same table. An empty sigma cell means no uncertainty is recorded - never that the uncertainty is zero.; confirmation_2=not-found-by-author 2026-09-16 (Cameron et al. 2018 Table 2 omega_dot: the original hypothesis author could not find the printed record for this row in the second confirmation record; the mark on this row is NOT changed); url_corrected=2026-09-17 (the DOI of Cameron et al. 2018 MNRAS Letters 475 L57-L61 is 10.1093/mnrasl/sly003 - the bibliographic record of arXiv:1711.07697 - and rows 260/262/263, which transcribe the same Table 2, already carry it; previous_url=https://doi.org/10.1093/mnrasl/slx185 ; the value, the sigma column and the source label of this row are unchanged by the url correction); acknowledged_by=原仮定者 2026-09-17 (the third confirmation record acknowledges the DOI correction of rows 136/137/139 made in wave 268b - slx185 -> sly003); same_mark_not_available=2026-09-17 (no author-verified row of the same table: the parallel rows 260/262/263 that transcribe the same Cameron et al. 2018 Table 2 are themselves unconfirmed (confirmation_2=not-found-by-author), so there is no author-confirmed row of this table whose mark could be copied here. The mark of this row is NOT changed and no X7 confirmer field is added); verified_by=原仮定者 2026-09-18; verified_at=Cameron 2018 MNRAS Letters 475 L57 Table 2; verified_value=omega_dot = 10.3651(2) deg/yr; confirmation_round=4 (the fourth confirmation record (2026-09-18): the original hypothesis author read the printed table itself. The value, the unit, the source label and the sigma column of this row are unchanged - what is added here are the X7 confirmer fields and this round tag); same_mark_not_available_closed=2026-09-18 (the same_mark_not_available note of 2026-09-17 is superseded and kept as history: the mark of this row no longer depends on copying the mark of another row, because the printed table itself was read in the fourth confirmation record)",2e-4,SOL-f141dc30,
PSR J1757-1854,orbital_period_derivative,-5.3e-12,1,"Cameron et al. (2018) MNRAS 475 L57 - The High Time Resolution Universe Pulsar Survey XIII: PSR J1757-1854, the most accelerated binary pulsar",https://doi.org/10.1093/mnrasl/sly003,2026-09-08,"Pb_dot = -5.3(2)e-12 s/s (observed, uncorrected for kinematic/Galactic terms) - one of the fastest orbital decays known; merger time ~76 Myr. Only two significant figures were re-verified in this session. Re-verification in this session went through web search only: arXiv, the publisher sites and the ATNF catalogue were blocked by the network egress policy, so the primary table could not be re-fetched. role=hold-out (wave 248) - this system is NOT used to fit any DFM coefficient; only PSR J0737-3039A/B carries the f/lambda ledger.; url_corrected=2026-09-17 (AD7: the rows that still carried the superseded DOI of Cameron et al. 2018 MNRAS Letters 475 L57-L61 are corrected to 10.1093/mnrasl/sly003 - the bibliographic record of arXiv:1711.07697 - matching rows 136/137/139 and the parallel rows 260/262/263. The rows were matched by body, quantity and the OLD URL, not by row number, so the Dietrich et al. 2020 radius proxy row of the same system is NOT touched. previous_url=https://doi.org/10.1093/mnrasl/slx185 ; the value, the unit, the sigma column, the source label and the mark of this row are unchanged by the url correction)",,SOL-8d3ef8ce,
PSR J1757-1854,radius,1.175e4,m,"Dietrich et al. (2020) Science 370 1450 - Multimessenger constraints on the neutron-star equation of state",https://doi.org/10.1126/science.abb4317,2026-09-08,"EOS/multimessenger PROXY only: R_1.4 = 11.75 +0.86/-0.81 km (90% CI) for a 1.4-M_sun neutron star - the SAME declared proxy used for PSR J0737-3039 A/B. NO direct radius measurement of PSR J1757-1854 or its companion exists (radius_observed = null). Must not be labeled as an observed radius; NICER radii are recorded under the separate quantity radius_nicer. sigma_primary=unverified; intake 2026-09-14. sigma_asymmetric=+860/-810 (90% confidence) for 11750 m (Dietrich et al. 2020, Science 370, 1450-1453) - recorded at the 2026-09-14 intake in the note only, because the sigma column carries symmetric 1-sigma values only. The value of this row is unchanged.",,SOL-b2fc1546,
PSR J1946+2052,mass,2.5528363e30,kg,"Meng et al. (2025) A&A 704 A153 - The double neutron star PSR J1946+2052 I. Masses and tests of general relativity [arXiv:2510.12506]",https://doi.org/10.1051/0004-6361/202555689,2026-09-08,"Pulsar mass 1.2838(21) M_sun x 1.9885e30 kg (committed solar-mass value). The paper fits BOTH a theory-independent DDFWHE model and a GR-dependent DDGR model. The mass set quoted here (M = 2.531858(60), Mc = 1.2480(21), Mp = 1.2838(21) M_sun) is the one carried in the abstract; its precision pattern is that of the DDGR fit, but the DDFWHE/DDGR attribution of these particular numbers could NOT be verified in this session, and the DDFWHE mass pair could not be transcribed at all. Treat as GR-derived; conditional reference. Seven years of Arecibo + GBT + FAST timing; five post-Keplerian parameters. role=hold-out (wave 248) - this system is NOT used to fit any DFM coefficient; only PSR J0737-3039A/B carries the f/lambda ledger. Re-verification in this session went through web search only: arXiv, the publisher sites and the ATNF catalogue were blocked by the network egress policy, so the primary table could not be re-fetched. sigma_primary=unverified; intake 2026-09-14. sigma transcribed at the 2026-09-14 intake from the observation record provided by the original hypothesis author: 1.2838 +/- 0.0021 M_sun (x 1.9885e30 kg (committed solar-mass value, row Sun|mass)) - Meng et al. 2025, A&A 704, A153. The value of this row is unchanged.",4.17585e27,SOL-859e71b2,
PSR J1946+2052 companion,mass,2.481648e30,kg,"Meng et al. (2025) A&A 704 A153 - The double neutron star PSR J1946+2052 I. Masses and tests of general relativity [arXiv:2510.12506]",https://doi.org/10.1051/0004-6361/202555689,2026-09-08,"Companion (unseen neutron star) mass 1.2480(21) M_sun x 1.9885e30 kg. The paper fits BOTH a theory-independent DDFWHE model and a GR-dependent DDGR model. The mass set quoted here (M = 2.531858(60), Mc = 1.2480(21), Mp = 1.2838(21) M_sun) is the one carried in the abstract; its precision pattern is that of the DDGR fit, but the DDFWHE/DDGR attribution of these particular numbers could NOT be verified in this session, and the DDFWHE mass pair could not be transcribed at all. Treat as GR-derived; conditional reference. No pulsations from the companion: ITS SPIN PERIOD AND RADIUS ARE UNOBSERVED, so no rotation_period / radius_observed row exists for it (absence is recorded as the absence of a row, never as 0). role=hold-out (wave 248) - this system is NOT used to fit any DFM coefficient; only PSR J0737-3039A/B carries the f/lambda ledger. sigma_primary=unverified; intake 2026-09-14. sigma transcribed at the 2026-09-14 intake from the observation record provided by the original hypothesis author: 1.2480 +/- 0.0021 M_sun (x 1.9885e30 kg (committed solar-mass value, row Sun|mass)) - Meng et al. 2025, A&A 704, A153. The value of this row is unchanged.",4.17585e27,SOL-584356e3,
PSR J1946+2052,rotation_period,1.696017532298e-2,s,"Meng et al. (2025) A&A 704 A153 - The double neutron star PSR J1946+2052 I. Masses and tests of general relativity [arXiv:2510.12506]",https://doi.org/10.1051/0004-6361/202555689,2026-09-08,"P_spin = 16.96017532298 ms -> omega = 2*pi/P = 370.4670 rad/s = 3704.67 rad per 10-s time unit - outside both the shell spin range (+/-20) and the core-Omega range (+/-50); carried only in the read-only spinDipole channel. role=hold-out (wave 248) - this system is NOT used to fit any DFM coefficient; only PSR J0737-3039A/B carries the f/lambda ledger.",,SOL-10782652,
PSR J1946+2052,orbital_period,6781.366656,s,"Stovall et al. (2018) ApJL 854 L22 Table 1 - PSR J1946+2052 discovery timing solution",https://doi.org/10.3847/2041-8213/aaad06,2026-09-08,"Pb = 0.07848804(1) d x 86400 s/d = 6781.366656 s = 1.88372 h - the shortest orbital period of any known double neutron star in the Galaxy. role=hold-out (wave 248) - this system is NOT used to fit any DFM coefficient; only PSR J0737-3039A/B carries the f/lambda ledger. Compared against, never fitted. Meng et al. (2025) の Pb = 0.07848804(1) d の最終桁誤差 1e-8 d を秒へ換算. sigma_primary=verified. SIGMA COLUMN (added in wave 251c): the last column of this file carries the OBSERVATIONAL uncertainty of this row in the SAME UNIT as the value column. sigma_primary=verified means the number is the uncertainty printed in the cited primary table (as already transcribed into this note at intake) and this row carries no UNVERIFIED flag against it; sigma_primary=unverified means it was derived by propagation rather than printed, or the row/value is flagged unverified or disagrees with another transcription of the same table. An empty sigma cell means no uncertainty is recorded - never that the uncertainty is zero. source_corrected=2026-09-16 (values match Stovall 2018 Table 1: Pb=0.07848804(1) d and e=0.063848(9); the previous label Meng 2025 was wrong; resolves the wave-249a disagreement note); source_checked_at=Table 1 Orbital period Pb (days) gives 0.07848804(1) d; the source label is corrected but the mark on this row is NOT touched by the correction; verified_by=原仮定者 2026-09-16; verified_at=Stovall et al. 2018 ApJL 854 L22 Table 1 Orbital period Pb (days); verified_value=0.07848804(1) d; confirmation_round=2 (second confirmation record of the original hypothesis author 2026-09-17; it gives the primary table / column / printed digits; the value and the sigma of this row were re-derived from the printed record by tests/exp-w267a-confirm2.mjs and reproduced; mark_changed_by=none - this row was already marked verified); acknowledged_by=原仮定者 2026-09-17 (the wave-266a source-label correction of this row (Meng 2025 -> Stovall 2018 Table 1) is acknowledged by the original hypothesis author; no digit of this row is changed); solution_mix=P/e Stovall2018-DD, omega_dot Meng2025-DDFWHE (X4) (noted 2026-09-17: the record the builder of this system reads is NOT one published timing solution. Rows 145/146 (Pb and e) come from the Stovall et al. 2018 discovery solution and row 148 (omega_dot) comes from the Meng et al. 2025 DDFWHE fit, so the three are mixed across two solutions with different epochs and different parameter sets. The solution-tagged rows 285/289/290 (DDFWHE) and 300/302 (DDGR) sit beside them as complete single-solution sets. No digit of this row is changed by this note and no row selection is changed) adopted_solution=Meng2025-DDFWHE 2026-09-18 (第270便c/AD9: 採用レコードを一組へ揃えたので、本行は **previous**(採用解から外れた行)である。solution_mix= の注記が指していた混在はこれで閉じた。**値・単位・出典・印・来歴は 1 文字も動かしていない** —— 本行は履歴として残す。)",8.64e-4,SOL-cb34a1f4,
PSR J1946+2052,eccentricity,0.063848,1,"Stovall et al. (2018) ApJL 854 L22 Table 1 - PSR J1946+2052 discovery timing solution",https://doi.org/10.3847/2041-8213/aaad06,2026-09-08,"e = 0.063848(9). Relative orbit. role=hold-out (wave 248) - this system is NOT used to fit any DFM coefficient; only PSR J0737-3039A/B carries the f/lambda ledger. Meng et al. (2025) の e = 0.063848(9) の最終桁誤差。WAVE-249a DISAGREEMENT (recorded at intake): the same value was transcribed twice in this file with DISAGREEING central values (0.063848(9) here vs 0.0638363(8) in the wave-249a alternate row), and wave 266a resolved it - the two transcriptions were never of the same paper (see source_corrected below). sigma_primary=verified. SIGMA COLUMN (added in wave 251c): the last column of this file carries the OBSERVATIONAL uncertainty of this row in the SAME UNIT as the value column. sigma_primary=verified means the number is the uncertainty printed in the cited primary table (as already transcribed into this note at intake) and this row carries no UNVERIFIED flag against it; sigma_primary=unverified means it was derived by propagation rather than printed, or the row/value is flagged unverified or disagrees with another transcription of the same table. An empty sigma cell means no uncertainty is recorded - never that the uncertainty is zero. source_corrected=2026-09-16 (values match Stovall 2018 Table 1: Pb=0.07848804(1) d and e=0.063848(9); the previous label Meng 2025 was wrong). wave-249a disagreement note kept above and now RESOLVED: the two transcriptions were never of the same paper - 0.063848(9) is Stovall 2018 Table 1 and 0.0638363(8) is Meng 2025 Table 1 DDFWHE; source_checked_at=Table 1 Orbital eccentricity e gives 0.063848(9); the source label is corrected but the mark on this row is NOT touched by the correction; verified_by=原仮定者 2026-09-16; verified_at=Stovall et al. 2018 ApJL 854 L22 Table 1 Orbital eccentricity e; verified_value=0.063848(9); confirmation_round=2 (second confirmation record of the original hypothesis author 2026-09-17; it gives the primary table / column / printed digits; the value and the sigma of this row were re-derived from the printed record by tests/exp-w267a-confirm2.mjs and reproduced; mark_changed_by=the second confirmation record (NOT by the wave-266a source-label correction)); acknowledged_by=原仮定者 2026-09-17 (the wave-266a source-label correction of this row (Meng 2025 -> Stovall 2018 Table 1) is acknowledged by the original hypothesis author; no digit of this row is changed); solution_mix=P/e Stovall2018-DD, omega_dot Meng2025-DDFWHE (X4) (noted 2026-09-17: the record the builder of this system reads is NOT one published timing solution. Rows 145/146 (Pb and e) come from the Stovall et al. 2018 discovery solution and row 148 (omega_dot) comes from the Meng et al. 2025 DDFWHE fit, so the three are mixed across two solutions with different epochs and different parameter sets. The solution-tagged rows 285/289/290 (DDFWHE) and 300/302 (DDGR) sit beside them as complete single-solution sets. No digit of this row is changed by this note and no row selection is changed) adopted_solution=Meng2025-DDFWHE 2026-09-18 (第270便c/AD9: 採用レコードを一組へ揃えたので、本行は **previous**(採用解から外れた行)である。solution_mix= の注記が指していた混在はこれで閉じた。**値・単位・出典・印・来歴は 1 文字も動かしていない** —— 本行は履歴として残す。)",9e-6,SOL-efbb5491,
PSR J1946+2052,semi_major_axis,7.314902889635589e8,m,"Meng et al. (2025) A&A 704 A153 - The double neutron star PSR J1946+2052 I. Masses and tests of general relativity [arXiv:2510.12506] + IAU 2015 Resolution B3",https://doi.org/10.1051/0004-6361/202555689,2026-09-08,"Relative orbit, Newtonian/Kepler-equivalent value DERIVED IN THIS RECORD from the total mass M = 2.531858(60) M_sun and Pb via a^3 = G M Pb^2/(4 pi^2) with (GM)_sun = 1.3271244e20 m^3 s^-2 (IAU 2015 B3). Periastron a(1-e) = 6.8479e8 m, apastron a(1+e) = 7.7819e8 m; apoapsis relative speed 635.8 km/s. role=hold-out (wave 248) - this system is NOT used to fit any DFM coefficient; only PSR J0737-3039A/B carries the f/lambda ledger. adopted_solution=Meng2025-DDFWHE 2026-09-18 (第270便c/AD9: 本行は **previous の Pb から導いた a** である(a^3=G M Pb^2/(4 pi^2)・総質量 2.531858 M_sun)。採用解の Pb=6781.367998656 s から同じ式で導いた a は 7.314903855163476e8 m で、プリセット 3 本(psrJ1946DFM/PN/CF)はそちらを使う。**本行の値は動かしていない** —— 新しい行も足していない。)",,SOL-38fb216a,
PSR J1946+2052,periastron_advance,25.79205,deg/yr,Meng et al. (2025) A&A 704 A153 - The double neutron star PSR J1946+2052 I. Masses and tests of general relativity [arXiv:2510.12506],https://doi.org/10.1051/0004-6361/202555689,2026-09-08,"omega_dot = 25.79205(40) deg/yr - the largest of any known double neutron star; three orders of magnitude more precise than the 25.6(3) deg/yr of the discovery paper (Stovall et al. 2018 ApJL 854 L22). Converted with Pb: 5.542416e-3 deg per orbit. Total observed advance (GR-derived where used as a mass). role=hold-out (wave 248) - this system is NOT used to fit any DFM coefficient; only PSR J0737-3039A/B carries the f/lambda ledger. Compared against, never fitted. Meng et al. (2025) の omega_dot = 25.79205(40) deg/yr の最終桁誤差(a web-search summary reproduced this value AND its uncertainty exactly - see the wave-249a alternate row). sigma_primary=verified. SIGMA COLUMN (added in wave 251c): the last column of this file carries the OBSERVATIONAL uncertainty of this row in the SAME UNIT as the value column. sigma_primary=verified means the number is the uncertainty printed in the cited primary table (as already transcribed into this note at intake) and this row carries no UNVERIFIED flag against it; sigma_primary=unverified means it was derived by propagation rather than printed, or the row/value is flagged unverified or disagrees with another transcription of the same table. An empty sigma cell means no uncertainty is recorded - never that the uncertainty is zero.; confirmation_2=not-found-by-author 2026-09-16 (the omega_dot record of PSR J1946+2052: the original hypothesis author could not find the printed record for this row in the second confirmation record; the mark on this row is NOT changed); solution_mix=P/e Stovall2018-DD, omega_dot Meng2025-DDFWHE (X4) (noted 2026-09-17: the record the builder of this system reads is NOT one published timing solution. Rows 145/146 (Pb and e) come from the Stovall et al. 2018 discovery solution and row 148 (omega_dot) comes from the Meng et al. 2025 DDFWHE fit, so the three are mixed across two solutions with different epochs and different parameter sets. The solution-tagged rows 285/289/290 (DDFWHE) and 300/302 (DDGR) sit beside them as complete single-solution sets. No digit of this row is changed by this note and no row selection is changed); verified_by=原仮定者 2026-09-17; verified_at=Meng 2025 A&A 704 A153 Table 1 DDFWHE column (A&A table view); verified_value=25.79205(40) deg/yr; same_mark_as=290 (author 2026-09-17: same mark allowed - row 290 transcribes the SAME value and the SAME sigma from the same Meng et al. 2025 Table 1 DDFWHE column and the author confirmed it in the third confirmation record. The mark of THIS row was already verified before this wave - what the copy adds is the X7 confirmer fields, not a new mark); confirmation_round=3. adopted_solution=Meng2025-DDFWHE 2026-09-18 (第270便c/AD9: 採用レコードを一組へ揃えたので、本行は **previous**(採用解から外れた行)である。solution_mix= の注記が指していた混在はこれで閉じた。**値・単位・出典・印・来歴は 1 文字も動かしていない** —— 本行は履歴として残す。)",4.0e-4,SOL-f5d43612,
PSR J1946+2052,orbital_period_derivative,-1.8288e-12,1,"Meng et al. (2025) A&A 704 A153 - The double neutron star PSR J1946+2052 I. Masses and tests of general relativity [arXiv:2510.12506]",https://doi.org/10.1051/0004-6361/202555689,2026-09-08,"Intrinsic Pb_dot = -1.8288(16)e-12 s/s = 1.00005(91) of the GR gravitational-wave prediction. Shapiro delay: h3 = 2.58(14) microseconds, varsigma = 0.760(36); orbital inclination ~74 deg. role=hold-out (wave 248) - this system is NOT used to fit any DFM coefficient; only PSR J0737-3039A/B carries the f/lambda ledger.",,SOL-b9fd9357,
PSR J1946+2052,radius,1.175e4,m,"Dietrich et al. (2020) Science 370 1450 - Multimessenger constraints on the neutron-star equation of state",https://doi.org/10.1126/science.abb4317,2026-09-08,"EOS/multimessenger PROXY only: R_1.4 = 11.75 +0.86/-0.81 km (90% CI) - the SAME declared proxy used for PSR J0737-3039 A/B and PSR J1757-1854. NO direct radius measurement of PSR J1946+2052 or its companion exists (radius_observed = null). NICER radii are recorded under the separate quantity radius_nicer. sigma_primary=unverified; intake 2026-09-14. sigma_asymmetric=+860/-810 (90% confidence) for 11750 m (Dietrich et al. 2020, Science 370, 1450-1453) - recorded at the 2026-09-14 intake in the note only, because the sigma column carries symmetric 1-sigma values only. The value of this row is unchanged.",,SOL-ac5e6813,
PSR B1913+16,mass,2.859463e30,kg,"Weisberg & Huang (2016) ApJ 829 55 - Relativistic Measurements from Timing the Binary Pulsar PSR B1913+16",https://doi.org/10.3847/0004-637X/829/1/55,2026-09-08,"Pulsar mass 1.438(1) M_sun x 1.9885e30 kg (committed solar-mass value). 9257 times-of-arrival over 35 years (Arecibo). GR-derived (from omega_dot and gamma); conditional reference. ROLE: the Pb_dot NEGATIVE CONTROL for wave 248 - the system where the observed orbital decay is known to be gravitational-wave damping. role=hold-out (wave 248) - this system is NOT used to fit any DFM coefficient; only PSR J0737-3039A/B carries the f/lambda ledger. sigma_primary=unverified; intake 2026-09-14. sigma transcribed at the 2026-09-14 intake from the observation record provided by the original hypothesis author: 1.438 +/- 0.001 M_sun (x 1.9885e30 kg (committed solar-mass value, row Sun|mass)) - Weisberg & Huang 2016, ApJ 829, 55. The value of this row is unchanged.",1.9885e27,SOL-9cf836ac,
PSR B1913+16 companion,mass,2.764015e30,kg,"Weisberg & Huang (2016) ApJ 829 55 - Relativistic Measurements from Timing the Binary Pulsar PSR B1913+16",https://doi.org/10.3847/0004-637X/829/1/55,2026-09-08,"Companion (unseen neutron star) mass 1.390(1) M_sun x 1.9885e30 kg. GR-derived; conditional reference. Companion spin and radius are UNOBSERVED - no rotation_period / radius row is placed for it. role=hold-out (wave 248) - this system is NOT used to fit any DFM coefficient; only PSR J0737-3039A/B carries the f/lambda ledger. sigma_primary=unverified; intake 2026-09-14. sigma transcribed at the 2026-09-14 intake from the observation record provided by the original hypothesis author: 1.390 +/- 0.001 M_sun (x 1.9885e30 kg (committed solar-mass value, row Sun|mass)) - Weisberg & Huang 2016, ApJ 829, 55. The value of this row is unchanged.",1.9885e27,SOL-32596604,
PSR B1913+16,eccentricity,0.6171340,1,"Weisberg & Huang (2016) ApJ 829 55 - Relativistic Measurements from Timing the Binary Pulsar PSR B1913+16",https://doi.org/10.3847/0004-637X/829/1/55,2026-09-08,"e = 0.6171340. Relative orbit. role=hold-out (wave 248) - this system is NOT used to fit any DFM coefficient; only PSR J0737-3039A/B carries the f/lambda ledger. sigma_primary=verified; intake 2026-09-14. sigma transcribed at the 2026-09-14 intake from the observation record provided by the original hypothesis author: 0.6171340 +/- 0.0000004 1 - Weisberg & Huang 2016, ApJ 829, 55, Table 2. The value of this row is unchanged.; verified_by=原仮定者 2026-09-16; verified_at=Weisberg & Huang 2016 ApJ 829 55 Table 2 Orbital Parameters e; verified_value=0.6171340(4); confirmation_round=2 (second confirmation record of the original hypothesis author 2026-09-17; it gives the primary table / column / printed digits; the value and the sigma of this row were re-derived from the printed record by tests/exp-w267a-confirm2.mjs and reproduced)",0.0000004,SOL-aa6edaa2,
PSR B1913+16,orbital_period_derivative_over_gr,0.9983,1,"Weisberg & Huang (2016) ApJ 829 55 - Relativistic Measurements from Timing the Binary Pulsar PSR B1913+16",https://doi.org/10.3847/0004-637X/829/1/55,2026-09-08,"Pb_dot(observed, corrected for the kinematic/Galactic term) / Pb_dot(GR gravitational-wave prediction) = 0.9983 +/- 0.0016 - general relativity confirmed to 0.17%. THIS RATIO, not a raw Pb_dot, is the transcribed quantity: the full-precision timing table could not be re-fetched in this session (Re-verification in this session went through web search only: arXiv, the publisher sites and the ATNF catalogue were blocked by the network egress policy, so the primary table could not be re-fetched.) so Pb (0.3229 d), omega_dot (~4.2 deg/yr), the spin period (~59 ms) and the raw Pb_dot are NOT placed as rows. For reference only, the literature value of the observed Pb_dot through 1993 is (-2.4225 +/- 0.0066)e-12 s/s; it is deliberately left out of the table. ROLE: negative control - any model whose orbital-period contraction is numerical in origin must be compared against this 0.17% agreement.",,SOL-1b28918b,
PSR J0740+6620,radius_nicer,1.239e4,m,"Riley et al. (2021) ApJL 918 L27 - A NICER View of the Massive Pulsar PSR J0740+6620 Informed by Radio Timing and XMM-Newton Spectroscopy",https://doi.org/10.3847/2041-8213/ac0a81,2026-09-08,"NICER + XMM-Newton pulse-profile modelling: equatorial radius R_eq = 12.39 +1.30/-0.98 km (posterior credible interval bounded by the 16% and 84% quantiles). A MEASUREMENT, not an EOS proxy - hence the separate quantity name radius_nicer, deliberately not mixed with the quantity radius (which holds the declared EOS proxy 11.75 km on the PSR rows). Model-dependent on the hot-spot parameterization; Miller et al. (2021) ApJL 918 L28 obtain 13.7 +2.6/-1.5 km from the same data and Salmi et al. (2024) ApJ 974 294 obtain 12.49 +1.28/-0.88 km with more NICER exposure. role=hold-out (wave 248) - this system is NOT used to fit any DFM coefficient; only PSR J0737-3039A/B carries the f/lambda ledger.",,SOL-e77cf564,
PSR J0740+6620,mass,4.120172e30,kg,"Riley et al. (2021) ApJL 918 L27 - A NICER View of the Massive Pulsar PSR J0740+6620 Informed by Radio Timing and XMM-Newton Spectroscopy",https://doi.org/10.3847/2041-8213/ac0a81,2026-09-08,"Gravitational mass 2.072 +0.067/-0.066 M_sun x 1.9885e30 kg (the NICER joint inference, informed by the radio-timing Shapiro-delay mass 2.08 +/- 0.07 M_sun of Fonseca et al. (2021) ApJL 915 L12). The heaviest reliably measured neutron star. role=hold-out (wave 248) - this system is NOT used to fit any DFM coefficient; only PSR J0737-3039A/B carries the f/lambda ledger.",,SOL-8c027359,
PSR J0030+0451,radius_nicer,1.271e4,m,"Riley et al. (2019) ApJL 887 L21 - A NICER View of PSR J0030+0451: Millisecond Pulsar Parameter Estimation",https://doi.org/10.3847/2041-8213/ab481c,2026-09-08,"NICER pulse-profile modelling: equatorial radius R_eq = 12.71 +1.14/-1.19 km. A MEASUREMENT (quantity radius_nicer), not the EOS proxy. Miller et al. (2019) ApJL 887 L24 obtain 13.02 +1.24/-1.06 km from the same data with an independent pipeline. role=hold-out (wave 248) - this system is NOT used to fit any DFM coefficient; only PSR J0737-3039A/B carries the f/lambda ledger.",,SOL-d3c761f2,
PSR J0030+0451,mass,2.66459e30,kg,"Riley et al. (2019) ApJL 887 L21 - A NICER View of PSR J0030+0451: Millisecond Pulsar Parameter Estimation",https://doi.org/10.3847/2041-8213/ab481c,2026-09-08,"Gravitational mass 1.34 +0.15/-0.16 M_sun x 1.9885e30 kg (NICER inference - this isolated pulsar has no companion, so there is no independent dynamical mass). role=hold-out (wave 248) - this system is NOT used to fit any DFM coefficient; only PSR J0737-3039A/B carries the f/lambda ledger.",,SOL-2ba57d29,
PSR J0437-4715,radius_nicer,1.136e4,m,"Choudhury et al. (2024) ApJL 971 L20 - A NICER View of the Nearest and Brightest Millisecond Pulsar: PSR J0437-4715",https://doi.org/10.3847/2041-8213/ad5a6f,2026-09-08,"NICER pulse-profile modelling: equatorial radius R_eq = 11.36 +0.95/-0.63 km - the smallest of the three NICER radii and the one that favours softer equations of state. A MEASUREMENT (quantity radius_nicer), not the EOS proxy. role=hold-out (wave 248) - this system is NOT used to fit any DFM coefficient; only PSR J0737-3039A/B carries the f/lambda ledger.",,SOL-09bfed17,
PSR J0437-4715,mass,2.819693e30,kg,"Choudhury et al. (2024) ApJL 971 L20 - A NICER View of the Nearest and Brightest Millisecond Pulsar: PSR J0437-4715",https://doi.org/10.3847/2041-8213/ad5a6f,2026-09-08,"Gravitational mass 1.418 +/- 0.037 M_sun x 1.9885e30 kg (a PPTA radio-timing prior, Reardon et al. (2024), used in the NICER inference). role=hold-out (wave 248) - this system is NOT used to fit any DFM coefficient; only PSR J0737-3039A/B carries the f/lambda ledger.",,SOL-bbd53743,
PSR J0348+0432,mass,3.996885e30,kg,"Antoniadis et al. (2013) Science 340 448 - A Massive Pulsar in a Compact Relativistic Binary",https://doi.org/10.1126/science.1233232,2026-09-08,"Pulsar mass 2.01 +/- 0.04 M_sun x 1.9885e30 kg - the mass REFERENCE point of the wave-248 calibration track (radio timing plus optical spectroscopy of the 0.172 +/- 0.003 M_sun white-dwarf companion; 39-ms pulsar in a 2.46-h orbit). Caveat recorded, not resolved here: Berthereau et al. (2024) arXiv:2412.02850 report a LOWER mass estimate from CHIME/Pulsar precision timing; that value could not be transcribed in this session. Re-verification in this session went through web search only: arXiv, the publisher sites and the ATNF catalogue were blocked by the network egress policy, so the primary table could not be re-fetched. role=hold-out (wave 248) - this system is NOT used to fit any DFM coefficient; only PSR J0737-3039A/B carries the f/lambda ledger.",,SOL-06a29d5b,
PSR J1748-2446ad,rotation_period,1.396e-3,s,"Hessels et al. (2006) Science 311 1901 - A Radio Pulsar Spinning at 716 Hz",https://doi.org/10.1126/science.1123430,2026-09-08,"Spin frequency 716 Hz -> P_spin = 1.396 ms: the fastest known rotation of any radio pulsar (globular cluster Terzan 5). Only the four significant figures quoted as '716 Hz (1.396 ms)' were re-verified in this session; the full-precision frequency was not. ROLE: the spin REFERENCE point (upper end) of the wave-248 calibration track - omega = 4.501e3 rad/s = 4.501e4 rad per 10-s time unit, three orders of magnitude outside the engine's shell (+/-20) and core-Omega (+/-50) ranges, i.e. the extreme case of the wave-220 'measured yet not transcribable' declaration. Re-verification in this session went through web search only: arXiv, the publisher sites and the ATNF catalogue were blocked by the network egress policy, so the primary table could not be re-fetched. role=hold-out (wave 248) - this system is NOT used to fit any DFM coefficient; only PSR J0737-3039A/B carries the f/lambda ledger.",,SOL-71715962,
PSR J1757-1854,orbital_period,0.183537823671,d,Singha et al. (2026) arXiv:2606.23926 Table 2 - Detection of relativistic orbital deformation from improved timing of PSR J1757-1854,https://arxiv.org/abs/2606.23926,2026-09-08,"Pb = 0.183537823671(2) d = 15857.6679651744 s. Timing model DD/DDGR over a MeerKAT + Murriyang + GBT campaign; epoch as printed in Table 2 (MJD 60000 in the reviewed transcription). UNVERIFIED: the web-search summary corroborated only the qualitative 4.4 h orbit, not these digits. Supersedes nothing; the wave-248 row keeps Pb = 0.18353783587 d (Cameron et al. 2018). ALTERNATE RECORD VERSION added in wave 249a (2026-09-08): a SEPARATE, LATER timing solution for the same system. The wave-248 rows above are kept unchanged; do not mix the two versions in one orbital element set. Not loaded by any preset or builder - the DFM builds still use the wave-248 rows. Retrieved 2026-09-08 through web search only: arXiv, the publisher sites and the ATNF catalogue are blocked by the network egress policy, so THE PRIMARY TABLE COULD NOT BE READ DIRECTLY. Only digits that a web-search summary reproduced are marked verified; everything else is marked unverified.",,SOL-10c7a5bb,
PSR J1757-1854,eccentricity,0.605817,1,Singha et al. (2026) arXiv:2606.23926 Table 2 - Detection of relativistic orbital deformation from improved timing of PSR J1757-1854,https://arxiv.org/abs/2606.23926,2026-09-08,"e = 0.605817(2). PARTIALLY VERIFIED: web-search summaries reproduce e = 0.61 for this system, which is consistent, but the six-digit value and its uncertainty are UNVERIFIED. The wave-248 row keeps e = 0.6058142 (Cameron et al. 2018); the two differ in the 6th digit and must not be mixed. ALTERNATE RECORD VERSION added in wave 249a (2026-09-08): a SEPARATE, LATER timing solution for the same system. The wave-248 rows above are kept unchanged; do not mix the two versions in one orbital element set. Not loaded by any preset or builder - the DFM builds still use the wave-248 rows. Retrieved 2026-09-08 through web search only: arXiv, the publisher sites and the ATNF catalogue are blocked by the network egress policy, so THE PRIMARY TABLE COULD NOT BE READ DIRECTLY. Only digits that a web-search summary reproduced are marked verified; everything else is marked unverified.",,SOL-3a183731,
PSR J1757-1854,periastron_advance,10.364986,deg/yr,Singha et al. (2026) arXiv:2606.23926 Table 2 - Detection of relativistic orbital deformation from improved timing of PSR J1757-1854,https://arxiv.org/abs/2606.23926,2026-09-08,"omega_dot = 10.364986(8) deg/yr. With this table's Pb: 5.2083969e-3 deg per orbit (Julian year 3.15576e7 s - a unit convention). UNVERIFIED: web-search summaries state only that the post-Keplerian parameters improved by a factor of about 2 and that delta_theta was detected for the first time; these digits were not reproduced. Total observed advance (1PN + higher order + Lense-Thirring); GR-derived where used as a mass. role=hold-out (wave 248) - compared against, never fitted. ALTERNATE RECORD VERSION added in wave 249a (2026-09-08): a SEPARATE, LATER timing solution for the same system. The wave-248 rows above are kept unchanged; do not mix the two versions in one orbital element set. Not loaded by any preset or builder - the DFM builds still use the wave-248 rows. Retrieved 2026-09-08 through web search only: arXiv, the publisher sites and the ATNF catalogue are blocked by the network egress policy, so THE PRIMARY TABLE COULD NOT BE READ DIRECTLY. Only digits that a web-search summary reproduced are marked verified; everything else is marked unverified.",,SOL-f008402e,
PSR J1946+2052,orbital_period,0.07848805554,d,Meng et al. (2025) A&A 704 A153 Table 1 DDFWHE column - The double neutron star PSR J1946+2052 I. Masses and tests of general relativity [arXiv:2510.12506],https://doi.org/10.1051/0004-6361/202555689,2026-09-08,"Pb = 0.07848805554(2) d = 6781.367998656 s, theory-independent DDFWHE fit (TDB, DE440). PARTIALLY VERIFIED: a web-search summary reproduced 0.0784880 d, so the leading seven digits agree; the trailing digits and the uncertainty are UNVERIFIED. The wave-248 row keeps Pb = 0.07848804 d, which is NOT the same column of this table. Do not mix DDFWHE and DDGR columns. ALTERNATE RECORD VERSION added in wave 249a (2026-09-08): a SEPARATE, LATER timing solution for the same system. The wave-248 rows above are kept unchanged; do not mix the two versions in one orbital element set. Not loaded by any preset or builder - the DFM builds still use the wave-248 rows. Retrieved 2026-09-08 through web search only: arXiv, the publisher sites and the ATNF catalogue are blocked by the network egress policy, so THE PRIMARY TABLE COULD NOT BE READ DIRECTLY. Only digits that a web-search summary reproduced are marked verified; everything else is marked unverified.",,SOL-a8b404c5,
PSR J1946+2052,eccentricity,0.0638363,1,Meng et al. (2025) A&A 704 A153 Table 1 DDFWHE column - The double neutron star PSR J1946+2052 I. Masses and tests of general relativity [arXiv:2510.12506],https://doi.org/10.1051/0004-6361/202555689,2026-09-08,"e = 0.0638363(8), theory-independent DDFWHE fit. UNVERIFIED AND IN CONFLICT WITH THE ROW ABOVE: the web-search summary for this paper quotes e = 0.063848(9) as the system's eccentricity, which is what the wave-248 row already carries. The two central values differ by 1.17e-5 (14.6 sigma in the units of the value proposed here). This is a DISAGREEMENT BETWEEN TRANSCRIPTIONS that could not be resolved without the primary table; it is NOT a claim of a physical inconsistency between two analyses. ALTERNATE RECORD VERSION added in wave 249a (2026-09-08): a SEPARATE, LATER timing solution for the same system. The wave-248 rows above are kept unchanged; do not mix the two versions in one orbital element set. Not loaded by any preset or builder - the DFM builds still use the wave-248 rows. Retrieved 2026-09-08 through web search only: arXiv, the publisher sites and the ATNF catalogue are blocked by the network egress policy, so THE PRIMARY TABLE COULD NOT BE READ DIRECTLY. Only digits that a web-search summary reproduced are marked verified; everything else is marked unverified.",,SOL-c25ebbd9,
PSR J1946+2052,periastron_advance,25.79205,deg/yr,Meng et al. (2025) A&A 704 A153 Table 1 DDFWHE column - The double neutron star PSR J1946+2052 I. Masses and tests of general relativity [arXiv:2510.12506],https://doi.org/10.1051/0004-6361/202555689,2026-09-08,"omega_dot = 25.79205(40) deg/yr, theory-independent DDFWHE fit - the largest of any known double neutron star. VERIFIED: a web-search summary reproduced the value and its uncertainty exactly. The value equals the wave-248 row; this row records the DDFWHE column attribution, which the wave-248 note could not establish. With this table's Pb: 5.5424171e-3 deg per orbit. role=hold-out (wave 248) - compared against, never fitted. ALTERNATE RECORD VERSION added in wave 249a (2026-09-08): a SEPARATE, LATER timing solution for the same system. The wave-248 rows above are kept unchanged; do not mix the two versions in one orbital element set. Not loaded by any preset or builder - the DFM builds still use the wave-248 rows. Retrieved 2026-09-08 through web search only: arXiv, the publisher sites and the ATNF catalogue are blocked by the network egress policy, so THE PRIMARY TABLE COULD NOT BE READ DIRECTLY. Only digits that a web-search summary reproduced are marked verified; everything else is marked unverified.",,SOL-b134a027,
PSR B1534+12,mass,2.6506705e30,kg,"Fonseca, Stairs & Thorsett (2014) ApJ 787 82 - A Comprehensive Study of Relativistic Gravity Using PSR B1534+12",https://doi.org/10.1088/0004-637X/787/1/82,2026-09-09,"Pulsar mass 1.3330 M_sun x 1.9885e30 kg (this repo's committed solar-mass value, row `Sun,mass`). GR-derived from the five measured post-Keplerian parameters (22 years of Arecibo timing); conditional reference. ROLE: THE FOURTH FROZEN HOLD-OUT of the wave-250 compact-binary track - this system is NOT used to fit any DFM coefficient; only PSR J0737-3039A/B carries the f/lambda ledger. Retrieved 2026-09-09 through web search only: arXiv, IOPscience, ADS and the ATNF catalogue are blocked by the network egress policy, so THE PRIMARY TABLE COULD NOT BE READ DIRECTLY. VERIFIED by a web-search summary: the four printed digits 1.3330. UNVERIFIED: the quoted uncertainty (not reproduced by any summary reached in this session) - it is therefore not recorded here. No sample is built from this row in wave 250. sigma_primary=unverified; intake 2026-09-14. sigma transcribed at the 2026-09-14 intake from the observation record provided by the original hypothesis author: 1.3330 +/- 0.0002 M_sun (x 1.9885e30 kg (committed solar-mass value, row Sun|mass)) - Fonseca, Stairs & Thorsett 2014, ApJ 787, 82, Table 3 (DDGR). The value of this row is unchanged.",3.977e26,SOL-998afc17,
PSR B1534+12 companion,mass,2.67552675e30,kg,"Fonseca, Stairs & Thorsett (2014) ApJ 787 82 - A Comprehensive Study of Relativistic Gravity Using PSR B1534+12",https://doi.org/10.1088/0004-637X/787/1/82,2026-09-09,"Companion (unseen neutron star) mass 1.3455 M_sun x 1.9885e30 kg. GR-derived; conditional reference. No pulsations are detected from the companion: ITS SPIN PERIOD AND RADIUS ARE UNOBSERVED, so no rotation_period / radius row exists for it (absence is recorded as the absence of a row, never as 0). ROLE: the fourth frozen hold-out (wave 250) - not used to fit any DFM coefficient. VERIFIED by a web-search summary: the four printed digits 1.3455. UNVERIFIED: the quoted uncertainty. Retrieved 2026-09-09 through web search only (arXiv, IOPscience, ADS and the ATNF catalogue are blocked by the network egress policy). sigma_primary=unverified; intake 2026-09-14. sigma transcribed at the 2026-09-14 intake from the observation record provided by the original hypothesis author: 1.3455 +/- 0.0002 M_sun (x 1.9885e30 kg (committed solar-mass value, row Sun|mass)) - Fonseca, Stairs & Thorsett 2014, ApJ 787, 82, Table 3 (DDGR). The value of this row is unchanged.",3.977e26,SOL-fe273801,
PSR B1534+12,orbital_period,36351.702644140794,s,Stairs et al. (2002) ApJ 581 501 - Studies of the Relativistic Binary Pulsar PSR B1534+12. I. Timing Analysis,https://doi.org/10.1086/344157,2026-09-09,"Pb = 0.420737299122(10) d x 86400 s/d = 36351.702644140794 s = 10.0977 h. Relative orbit. VERIFIED by a web-search summary reproducing the full printed value 0.420737299122(10) d. Fonseca, Stairs & Thorsett (2014) ApJ 787 82 refine this system's Keplerian and post-Keplerian parameters over 22 years of timing; THAT TABLE COULD NOT BE FETCHED in this session (arXiv, IOPscience, ADS and the ATNF catalogue are blocked by the network egress policy), so the wave-250 row keeps the Stairs et al. (2002) value and names its source. ROLE: the fourth frozen hold-out (wave 250) - compared against, never fitted; no sample is built from it in wave 250. Stairs et al. (2002) の Pb = 0.420737299122(10) d の最終桁誤差 1e-11 d を秒へ換算. sigma_primary=verified. SIGMA COLUMN (added in wave 251c): the last column of this file carries the OBSERVATIONAL uncertainty of this row in the SAME UNIT as the value column. sigma_primary=verified means the number is the uncertainty printed in the cited primary table (as already transcribed into this note at intake) and this row carries no UNVERIFIED flag against it; sigma_primary=unverified means it was derived by propagation rather than printed, or the row/value is flagged unverified or disagrees with another transcription of the same table. An empty sigma cell means no uncertainty is recorded - never that the uncertainty is zero. TIMING MODEL AND EPOCH (added in wave 256d, 外部レビュー O5.2: an observational record must name the model that produced it): the Stairs et al. (2002) solution is fitted with the THEORY-INDEPENDENT DD MODEL (Damour and Deruelle 1986), in which all five post-Keplerian parameters are free parameters of the fit - so this row is NOT conditioned on general relativity (the masses derived from it are). THE EPOCH OF PERIASTRON T0 AND THE SPIN EPOCH PEPOCH ARE PRINTED IN THE PRIMARY TABLE BUT COULD NOT BE RETRIEVED IN THIS SESSION (arXiv, IOPscience, ADS and the ATNF catalogue are blocked by the network egress policy): they are recorded here as ABSENT, never as 0, and no sample or harness uses an epoch for this system - the two-dimensional samples psrB1534 / psrB1534DFM / psrB1534CF start from an apoapsis state built from a, e and the masses, so no timing epoch enters them.; confirmation_2=not-found-by-author 2026-09-16 (Stairs et al. 2002 Table 1 Pb: the original hypothesis author could not find the printed record for this row in the second confirmation record; the mark on this row is NOT changed); same_mark_not_available=2026-09-17 (no author-verified row of the same table: no other row of this file transcribes Stairs et al. 2002 Table 1, so there is no author-confirmed row whose mark could be copied here. The mark of this row is NOT changed and no X7 confirmer field is added); verified_by=原仮定者 2026-09-18; verified_at=Stairs et al. 2002 ApJ 581 501 timing table; verified_value=Pb = 0.420737299122(10) d; confirmation_round=4 (the fourth confirmation record (2026-09-18): the original hypothesis author read the printed table itself. The value, the unit, the source label and the sigma column of this row are unchanged - what is added here are the X7 confirmer fields and this round tag); same_mark_not_available_closed=2026-09-18 (the same_mark_not_available note of 2026-09-17 is superseded and kept as history: the mark of this row no longer depends on copying the mark of another row, because the printed table itself was read in the fourth confirmation record); external_name_neutralised=2026-09-18 (the reviewer label in the wave-256d note of this row is written as 外部レビュー O5.2. The value, the sigma column, the source label and the mark are unchanged - only the label string moved, and the earlier wording stays in git history)",8.64e-7,SOL-450a261d,
PSR B1534+12,eccentricity,0.2736775,1,Stairs et al. (2002) ApJ 581 501 - Studies of the Relativistic Binary Pulsar PSR B1534+12. I. Timing Analysis,https://doi.org/10.1086/344157,2026-09-09,"e = 0.2736775(3) (pulsar-timing eccentricity). Relative orbit - slightly wider and less eccentric than PSR B1913+16. VERIFIED by a web-search summary reproducing the full printed value. Superseded in precision by Fonseca et al. (2014), whose table could not be fetched in this session (network egress policy). ROLE: the fourth frozen hold-out (wave 250) - not used to fit any DFM coefficient. Stairs et al. (2002) の e = 0.2736775(3) の最終桁誤差. sigma_primary=verified. SIGMA COLUMN (added in wave 251c): the last column of this file carries the OBSERVATIONAL uncertainty of this row in the SAME UNIT as the value column. sigma_primary=verified means the number is the uncertainty printed in the cited primary table (as already transcribed into this note at intake) and this row carries no UNVERIFIED flag against it; sigma_primary=unverified means it was derived by propagation rather than printed, or the row/value is flagged unverified or disagrees with another transcription of the same table. An empty sigma cell means no uncertainty is recorded - never that the uncertainty is zero. TIMING MODEL AND EPOCH (added in wave 256d, 外部レビュー O5.2: an observational record must name the model that produced it): the Stairs et al. (2002) solution is fitted with the THEORY-INDEPENDENT DD MODEL (Damour and Deruelle 1986), in which all five post-Keplerian parameters are free parameters of the fit - so this row is NOT conditioned on general relativity (the masses derived from it are). THE EPOCH OF PERIASTRON T0 AND THE SPIN EPOCH PEPOCH ARE PRINTED IN THE PRIMARY TABLE BUT COULD NOT BE RETRIEVED IN THIS SESSION (arXiv, IOPscience, ADS and the ATNF catalogue are blocked by the network egress policy): they are recorded here as ABSENT, never as 0, and no sample or harness uses an epoch for this system - the two-dimensional samples psrB1534 / psrB1534DFM / psrB1534CF start from an apoapsis state built from a, e and the masses, so no timing epoch enters them.; confirmation_2=not-found-by-author 2026-09-16 (Stairs et al. 2002 Table 1 e: the original hypothesis author could not find the printed record for this row in the second confirmation record; the mark on this row is NOT changed); same_mark_not_available=2026-09-17 (no author-verified row of the same table: no other row of this file transcribes Stairs et al. 2002 Table 1, so there is no author-confirmed row whose mark could be copied here. The mark of this row is NOT changed and no X7 confirmer field is added); verified_by=原仮定者 2026-09-18; verified_at=Stairs et al. 2002 ApJ 581 501 timing table; verified_value=e = 0.2736775(3); confirmation_round=4 (the fourth confirmation record (2026-09-18): the original hypothesis author read the printed table itself. The value, the unit, the source label and the sigma column of this row are unchanged - what is added here are the X7 confirmer fields and this round tag); same_mark_not_available_closed=2026-09-18 (the same_mark_not_available note of 2026-09-17 is superseded and kept as history: the mark of this row no longer depends on copying the mark of another row, because the printed table itself was read in the fourth confirmation record); external_name_neutralised=2026-09-18 (the reviewer label in the wave-256d note of this row is written as 外部レビュー O5.2. The value, the sigma column, the source label and the mark are unchanged - only the label string moved, and the earlier wording stays in git history)",3e-7,SOL-ae4a0c44,
PSR B1534+12,periastron_advance,1.755789,deg/yr,Stairs et al. (2002) ApJ 581 501 - Studies of the Relativistic Binary Pulsar PSR B1534+12. I. Timing Analysis,https://doi.org/10.1086/344157,2026-09-09,"omega_dot = 1.755789(9) deg/yr. Converted with Pb: 2.0225213e-3 deg per orbit (Julian year 3.15576e7 s - a unit convention). This is the TOTAL observed advance (1PN + higher order), the GR interpretation of which gives the total mass; GR-derived where used as a mass. VERIFIED by a web-search summary reproducing the full printed value. Fonseca et al. (2014) report relativity confirmed to within 0.17% of its predictions for this system from five post-Keplerian parameters; that table could not be fetched here (network egress policy). ROLE: the fourth frozen hold-out (wave 250) - compared against, never fitted. Stairs et al. (2002) の omega_dot = 1.755789(9) deg/yr の最終桁誤差. sigma_primary=verified. SIGMA COLUMN (added in wave 251c): the last column of this file carries the OBSERVATIONAL uncertainty of this row in the SAME UNIT as the value column. sigma_primary=verified means the number is the uncertainty printed in the cited primary table (as already transcribed into this note at intake) and this row carries no UNVERIFIED flag against it; sigma_primary=unverified means it was derived by propagation rather than printed, or the row/value is flagged unverified or disagrees with another transcription of the same table. An empty sigma cell means no uncertainty is recorded - never that the uncertainty is zero. TIMING MODEL AND EPOCH (added in wave 256d, 外部レビュー O5.2: an observational record must name the model that produced it): the Stairs et al. (2002) solution is fitted with the THEORY-INDEPENDENT DD MODEL (Damour and Deruelle 1986), in which all five post-Keplerian parameters are free parameters of the fit - so this row is NOT conditioned on general relativity (the masses derived from it are). THE EPOCH OF PERIASTRON T0 AND THE SPIN EPOCH PEPOCH ARE PRINTED IN THE PRIMARY TABLE BUT COULD NOT BE RETRIEVED IN THIS SESSION (arXiv, IOPscience, ADS and the ATNF catalogue are blocked by the network egress policy): they are recorded here as ABSENT, never as 0, and no sample or harness uses an epoch for this system - the two-dimensional samples psrB1534 / psrB1534DFM / psrB1534CF start from an apoapsis state built from a, e and the masses, so no timing epoch enters them.; confirmation_2=not-found-by-author 2026-09-16 (Stairs et al. 2002 Table 1 omega_dot: the original hypothesis author could not find the printed record for this row in the second confirmation record; the mark on this row is NOT changed); same_mark_not_available=2026-09-17 (no author-verified row of the same table: no other row of this file transcribes Stairs et al. 2002 Table 1, so there is no author-confirmed row whose mark could be copied here. The mark of this row is NOT changed and no X7 confirmer field is added); verified_by=原仮定者 2026-09-18; verified_at=Stairs et al. 2002 ApJ 581 501 timing table; verified_value=omega_dot = 1.755789(9) deg/yr; confirmation_round=4 (the fourth confirmation record (2026-09-18): the original hypothesis author read the printed table itself. The value, the unit, the source label and the sigma column of this row are unchanged - what is added here are the X7 confirmer fields and this round tag); same_mark_not_available_closed=2026-09-18 (the same_mark_not_available note of 2026-09-17 is superseded and kept as history: the mark of this row no longer depends on copying the mark of another row, because the printed table itself was read in the fourth confirmation record); external_name_neutralised=2026-09-18 (the reviewer label in the wave-256d note of this row is written as 外部レビュー O5.2. The value, the sigma column, the source label and the mark are unchanged - only the label string moved, and the earlier wording stays in git history)",9e-6,SOL-033838b1,
PSR B1534+12,rotation_period,3.79e-2,s,"Fonseca, Stairs & Thorsett (2014) ApJ 787 82 - A Comprehensive Study of Relativistic Gravity Using PSR B1534+12",https://doi.org/10.1088/0004-637X/787/1/82,2026-09-09,"P_spin = 37.9 ms -> omega = 2*pi/P = 165.8 rad/s = 1658 rad per 10-s time unit - outside both the shell spin range (+/-20) and the core-Omega range (+/-50), i.e. the same 'measured yet not transcribable' declaration as the other DNS rows; it would be carried only in the read-only spinDipole channel. UNVERIFIED BEYOND THREE SIGNIFICANT FIGURES: only the phrase '37.9-ms radio pulsar' from the paper's abstract was reproduced by a web-search summary; the full-precision spin period (ATNF-grade digits) COULD NOT BE RETRIEVED (arXiv, IOPscience, ADS and the ATNF catalogue are blocked by the network egress policy). Do not use these digits where full precision matters. ROLE: the fourth frozen hold-out (wave 250).",,SOL-df3bdf7b,
PSR B1534+12,projected_semimajor_axis,3.7294636,s,"Fonseca, Stairs & Thorsett (2014) ApJ 787 82 - A Comprehensive Study of Relativistic Gravity Using PSR B1534+12",https://doi.org/10.1088/0004-637X/787/1/82,2026-09-09,"x = a1 sin i / c = 3.7294636 s (the pulsar orbit's projected semi-major axis, Table 3). ADDED IN WAVE 251a. PROVENANCE, STATED PLAINLY: this figure was RELAYED INTO THE SESSION IN THE WAVE-251a ASSIGNMENT (from the three-review digest) and COULD NOT BE VERIFIED HERE - arXiv, IOPscience, ADS and the ATNF catalogue remain blocked by the network egress policy, so the primary table was not read. It is recorded so that the number in play is written down with its claimed source, NOT as a corroborated observation. NO SAMPLE READS THIS ROW: psrB1534 / psrB1534DFM / psrB1534CF are two-dimensional and carry no inclination, so x never enters them. ROLE: the fourth frozen hold-out - compared against, never fitted. sigma_primary=unverified; intake 2026-09-14. sigma transcribed at the 2026-09-14 intake from the observation record provided by the original hypothesis author: 3.7294636 +/- 0.0000006 s - Fonseca, Stairs & Thorsett 2014, ApJ 787, 82, Table 3 (DD). The value of this row is unchanged.",0.0000006,SOL-aaac701c,
PSR B1534+12,total_mass,5.3260836e30,kg,"Fonseca, Stairs & Thorsett (2014) ApJ 787 82 - A Comprehensive Study of Relativistic Gravity Using PSR B1534+12",https://doi.org/10.1088/0004-637X/787/1/82,2026-09-09,"Total mass 2.678463 M_sun x 1.9885e30 kg (this repo's committed solar-mass value, row `Sun,mass`). GR-derived from the post-Keplerian parameters; conditional reference. ADDED IN WAVE 251a. PROVENANCE: the four-plus-digit total 2.678463 was RELAYED IN THE WAVE-251a ASSIGNMENT and COULD NOT BE VERIFIED HERE (egress policy). NOTE THE INTERNAL TENSION: the sum of the two component rows (1.3330 + 1.3455 = 2.6785 M_sun) differs from this total in the 5th decimal, which is the rounding of the printed component masses. THE SAMPLES USE THE COMPONENT ROWS, NOT THIS TOTAL, so that the bodies sum consistently. ROLE: the fourth frozen hold-out - compared against, never fitted.",,SOL-8e5e7acd,
PSR B1534+12,semi_major_axis,2.2829570550484287e9,m,"Derived in wave 251a from the orbital_period and total_mass rows by Kepler's third law",https://doi.org/10.1088/0004-637X/787/1/82,2026-09-09,"a = (G M Pb^2 / 4 pi^2)^(1/3) with G=6.674e-11, M = 2.6506705e30 + 2.67552675e30 = 5.3261973e30 kg (THE SUM OF THE TWO COMPONENT ROWS) and Pb = 36351.702644140794 s. THIS IS A DERIVED VALUE, NOT AN OBSERVATION: it inherits the GR-conditional character of the masses, and it is recorded only because the wave-251a samples (psrB1534 / psrB1534DFM / psrB1534CF) need a relative separation to build an apoapsis state. The relative apoapsis separation is a(1+e) = 2.907751034481445e9 m. No independent measurement of the relative semi-major axis was reachable in this session (egress policy). ROLE: the fourth frozen hold-out - the input side only; the quantities compared against are the period, the eccentricity and the periastron advance.",,SOL-eb18017b,
PSR J1946+2052,orbital_period,6781.367998656,s,Meng et al. (2025) A&A 704 A153 Table 1 DDFWHE column - The double neutron star PSR J1946+2052 I. Masses and tests of general relativity [arXiv:2510.12506],https://doi.org/10.1051/0004-6361/202555689,2026-09-13,"LEDGER ROW FOR RECORD VERSION v2 (added in wave 261c). Pb = 0.07848805554(2) d = 6781.367998656 s in SI seconds, theory-independent DDFWHE fit (TDB, DE440); sigma = 2e-11 d x 86400 s/d = 1.728e-6 s. THIS ROW IS A UNIT-CONVERTED LEDGER COPY of the wave-249a row that carries the same value in days: the day-unit row is left EXACTLY as it was, and so are the wave-248 rows. NOTHING WAS SILENTLY REPLACED. The presets (psrJ1946DFM / psrJ1946PN / psrJ1946CF) and every builder input still use the wave-248 row Pb = 6781.366656 s (record version v1); do not mix the two versions inside one orbital element set, and do not mix DDFWHE with DDGR. Consumers that take the FIRST matching row per (body|quantity) are unaffected by this row. sigma_primary=unverified: a web-search summary reproduced only the leading seven digits 0.0784880 d, so the trailing digits AND the uncertainty could not be checked against the primary table (arXiv, the publisher sites and the ATNF catalogue are blocked by the network egress policy). role=hold-out - compared against, never fitted.",1.728e-6,SOL-d60f8c8b,
PSR J1946+2052,eccentricity,0.0638363,1,Meng et al. (2025) A&A 704 A153 Table 1 DDFWHE column - The double neutron star PSR J1946+2052 I. Masses and tests of general relativity [arXiv:2510.12506],https://doi.org/10.1051/0004-6361/202555689,2026-09-13,"LEDGER ROW FOR RECORD VERSION v2 (added in wave 261c). e = 0.0638363(8), theory-independent DDFWHE fit; sigma = 8e-7. THIS ROW ONLY ADDS THE UNCERTAINTY COLUMN to the wave-249a row, which is left exactly as it was; the wave-248 row e = 0.063848(9) (record version v1) is what the presets and builders still use. THE TWO TRANSCRIPTIONS DISAGREE by 1.17e-5 and that disagreement is NOT resolved - it is a disagreement between transcriptions, not a claim of a physical inconsistency between the two analyses. sigma_primary=unverified (the primary table could not be read directly). role=hold-out - compared against, never fitted.",8e-7,SOL-c25ebbd9-2,
PSR J1946+2052,periastron_advance,25.79205,deg/yr,Meng et al. (2025) A&A 704 A153 Table 1 DDFWHE column - The double neutron star PSR J1946+2052 I. Masses and tests of general relativity [arXiv:2510.12506],https://doi.org/10.1051/0004-6361/202555689,2026-09-13,"LEDGER ROW FOR RECORD VERSION v2 (added in wave 261c). omega_dot = 25.79205(40) deg/yr, theory-independent DDFWHE fit - the largest of any known double neutron star. The value is IDENTICAL to the wave-248 row; what this row records is the DDFWHE column attribution together with the uncertainty. With THIS table's Pb (6781.367998656 s) the conversion is 5.5424171e-3 deg per orbit; with the wave-248 Pb it is 5.542416e-3 - do not mix the two versions. sigma_primary=verified: a web-search summary reproduced the value and its uncertainty exactly. role=hold-out - compared against, never fitted.; confirmation_2=not-found-by-author 2026-09-16 (the omega_dot record of PSR J1946+2052 (parallel row): the original hypothesis author could not find the printed record for this row in the second confirmation record; the mark on this row is NOT changed); verified_by=原仮定者 2026-09-17; verified_at=Meng 2025 A&A 704 A153 Table 1 DDFWHE column (A&A table view); verified_value=25.79205(40) deg/yr; same_mark_as=290 (author 2026-09-17: same mark allowed - row 290 transcribes the SAME value and the SAME sigma from the same Meng et al. 2025 Table 1 DDFWHE column and the author confirmed it in the third confirmation record. The mark of THIS row was already verified before this wave - what the copy adds is the X7 confirmer fields, not a new mark); confirmation_round=3",4.0e-4,SOL-b134a027-2,
Alpha Centauri AB,orbital_period,2517097291.2,s,"Akeson et al. 2021, AJ, 162, 14, Table 8 (Present work)",https://doi.org/10.3847/1538-3881/abfaff ; https://arxiv.org/abs/2104.10086,2026-09-14,intake_row=2026-09-14. Observation record provided by the original hypothesis author (2026-09-14 intake). Two independent transcriptions of the same primary table agree on this value and on its sigma. sigma source = record A. sigma_primary=verified; intake 2026-09-14. System-level (AB relative orbit) record; the adopted record used by the built preset is the existing Alpha Centauri B row and is NOT replaced. orig 79.762 ± 0.019 yr; conversion 1 yr = 365.25 d and 1 d = 86400 s; solution epoch = 2019.5; time scale for decimal years not stated in Akeson et al. 2021; relative Keplerian orbit of B with respect to A; frame/axes = sky plane; ALMA absolute astrometry is ICRS/J2000.0 but Table 8 does not separately state the equinox of the orbital angles; kind=ephemeris-fit; PB16 column not mixed; verified_by=原仮定者 2026-09-16; verified_at=Table 8 Period (yr) Present work column; verified_value=79.762 +/- 0.019 yr; value_confirmed=2026-09-16 (the original hypothesis author checked the cited table and column and the printed digits of this row against the confirmation record),599594.4,SOL-177bd56d,
Alpha Centauri AB,eccentricity,0.51947,1,"Akeson et al. 2021, AJ, 162, 14, Table 8 (Present work)",https://doi.org/10.3847/1538-3881/abfaff ; https://arxiv.org/abs/2104.10086,2026-09-14,intake_row=2026-09-14. Observation record provided by the original hypothesis author (2026-09-14 intake). Two independent transcriptions of the same primary table agree on this value and on its sigma. sigma source = record A. sigma_primary=verified; intake 2026-09-14. System-level (AB relative orbit) record; the adopted record used by the built preset is the existing Alpha Centauri B row and is NOT replaced. orig 0.51947 ± 0.00015; solution epoch = 2019.5; time scale = not applicable (decimal-year time scale of solution not stated); relative Keplerian orbit of B with respect to A; frame/axes = sky plane; ALMA absolute astrometry is ICRS/J2000.0 but Table 8 does not separately state the equinox of the orbital angles; kind=ephemeris-fit; PB16 column not mixed; verified_by=原仮定者 2026-09-16; verified_at=Table 8 Eccentricity Present work column; verified_value=0.51947 +/- 0.00015; value_confirmed=2026-09-16 (the original hypothesis author checked the cited table and column and the printed digits of this row against the confirmation record),0.00015,SOL-b06af02d,
Alpha Centauri AB,semi_major_axis,3.48545644324809e12,m,"Akeson et al. 2021, AJ, 162, 14, Table 8 (Present work)",https://doi.org/10.3847/1538-3881/abfaff ; https://arxiv.org/abs/2104.10086,2026-09-14,intake_row=2026-09-14. Observation record provided by the original hypothesis author (2026-09-14 intake). Two independent transcriptions of the same primary table agree on this value. sigma source = record B (propagated). sigma_primary=unverified; intake 2026-09-14. System-level (AB relative orbit) record; the adopted record used by the built preset is the existing Alpha Centauri B row and is NOT replaced. orig angular semimajor axis 17.4930 ± 0.0096 arcsec; orbital parallax 750.81 ± 0.38 mas; reported distance 1.3319 ± 0.0007 pc; converted with a_AU = a_arcsec/parallax_arcsec and exact 1 au = 149597870700 m; solution epoch = 2019.5; time scale = not applicable (decimal-year time scale of solution not stated); relative orbit of B with respect to A; frame/axes = sky plane; ALMA absolute astrometry is ICRS/J2000.0 but Table 8 does not separately state the equinox of the orbital angles; kind=model-derived; no uncertainty published for this derived SI combination; PB16 column not mixed; sigma_kind=covariance; sigma_propagated=the angular semimajor axis and the parallax combined in quadrature - this is an arithmetic propagation performed in the record and NOT a 1-sigma printed in the cited table; the mark stays unverified for this reason; value_checked_by=original hypothesis author 2026-09-16 (confirmation record); value_checked_at=Table 8 Semimajor axis (arcsec) and Parallax (mas) Present work column; value_checked_value=17.4930 +/- 0.0096 arcsec and parallax 750.81 +/- 0.38 mas; value_checked_scope=the ANGULAR quantities only - the SI value in this row is a propagation,2602049091.4275913,SOL-cb2d1d9c,
Alpha Centauri AB,inclination,79.2430,deg,"Akeson et al. 2021, AJ, 162, 14, Table 8 (Present work)",https://doi.org/10.3847/1538-3881/abfaff ; https://arxiv.org/abs/2104.10086,2026-09-14,intake_row=2026-09-14. Observation record provided by the original hypothesis author (2026-09-14 intake). Two independent transcriptions of the same primary table agree on this value and on its sigma. sigma source = record A. sigma_primary=verified; intake 2026-09-14. System-level (AB relative orbit) record; the adopted record used by the built preset is the existing Alpha Centauri B row and is NOT replaced. orig 79.2430 ± 0.0089 deg; solution epoch = 2019.5; time scale = not applicable (decimal-year time scale of solution not stated); relative orbit of B with respect to A; inclination to sky plane; ALMA absolute astrometry is ICRS/J2000.0 but Table 8 does not separately state the equinox of the orbital angles; kind=ephemeris-fit; PB16 column not mixed; verified_by=原仮定者 2026-09-16; verified_at=Akeson et al. 2021 AJ 162 14 Table 8 Inclination (deg) Present work column; verified_value=79.2430 +/- 0.0089 deg; confirmation_round=2 (second confirmation record of the original hypothesis author 2026-09-17; it gives the primary table / column / printed digits; the value and the sigma of this row were re-derived from the printed record by tests/exp-w267a-confirm2.mjs and reproduced),0.0089,SOL-457fe200,
Alpha Centauri AB,longitude_of_periastron,231.519,deg,"Akeson et al. 2021, AJ, 162, 14, Table 8 (Present work)",https://doi.org/10.3847/1538-3881/abfaff ; https://arxiv.org/abs/2104.10086,2026-09-14,intake_row=2026-09-14. Observation record provided by the original hypothesis author (2026-09-14 intake). Two independent transcriptions of the same primary table agree on this value and on its sigma. sigma source = record A. sigma_primary=verified; intake 2026-09-14. System-level (AB relative orbit) record; the adopted record used by the built preset is the existing Alpha Centauri B row and is NOT replaced. orig label Arg. of periastron omega = 231.519 ± 0.027 deg; solution epoch = 2019.5; time scale = not applicable (decimal-year time scale of solution not stated); relative orbit of B with respect to A; frame/axes = sky plane; ALMA absolute astrometry is ICRS/J2000.0 but Table 8 does not separately state the equinox of the orbital angles; kind=ephemeris-fit; PB16 column not mixed; verified_by=原仮定者 2026-09-16; verified_at=Akeson et al. 2021 AJ 162 14 Table 8 Arg. of periastron (deg) Present work column; verified_value=231.519 +/- 0.027 deg; confirmation_round=2 (second confirmation record of the original hypothesis author 2026-09-17; it gives the primary table / column / printed digits; the value and the sigma of this row were re-derived from the printed record by tests/exp-w267a-confirm2.mjs and reproduced),0.027,SOL-94cc60b9,
Alpha Centauri AB,longitude_of_node,205.073,deg,"Akeson et al. 2021, AJ, 162, 14, Table 8 (Present work)",https://doi.org/10.3847/1538-3881/abfaff ; https://arxiv.org/abs/2104.10086,2026-09-14,intake_row=2026-09-14. Observation record provided by the original hypothesis author (2026-09-14 intake). Two independent transcriptions of the same primary table agree on this value and on its sigma. sigma source = record A. sigma_primary=unverified; intake 2026-09-14. System-level (AB relative orbit) record; the adopted record used by the built preset is the existing Alpha Centauri B row and is NOT replaced. orig label Long. of asc. node Omega = 205.073 ± 0.025 deg; solution epoch = 2019.5; time scale = not applicable (decimal-year time scale of solution not stated); relative orbit of B with respect to A; frame/axes = sky plane; ALMA absolute astrometry is ICRS/J2000.0 but Table 8 does not separately state the equinox of the orbital angles; kind=ephemeris-fit; PB16 column not mixed,0.025,SOL-cd6eab5d,
Alpha Centauri AB,epoch_of_periastron,1955.564,yr,"Akeson et al. 2021, AJ, 162, 14, Table 8 (Present work)",https://doi.org/10.3847/1538-3881/abfaff ; https://arxiv.org/abs/2104.10086,2026-09-14,intake_row=2026-09-14. Observation record provided by the original hypothesis author (2026-09-14 intake). Two independent transcriptions of the same primary table agree on this value and on its sigma. sigma source = record A. sigma_primary=unverified; intake 2026-09-14. System-level (AB relative orbit) record; the adopted record used by the built preset is the existing Alpha Centauri B row and is NOT replaced. orig label Ref. epoch T0 = 1955.564 ± 0.015 yr; solution epoch = 2019.5; time scale and decimal-year convention not stated in Akeson et al. 2021; relative orbit of B with respect to A; frame/axes = sky plane; ALMA absolute astrometry is ICRS/J2000.0 but Table 8 does not separately state the equinox of the orbital angles; kind=ephemeris-fit; PB16 column not mixed,0.015,SOL-040679a3,
Alpha Centauri A,mass_candidate,2.14516727806679e30,kg,"Akeson et al. 2021, AJ, 162, 14, Table 8 (Present work); IAU 2015 Resolution B3",https://doi.org/10.3847/1538-3881/abfaff ; https://www.iau.org/common/Uploaded%20files/IAUGA2015-Resolution-B3-recommended-nominal-conversion.pdf,2026-09-14,intake_row=2026-09-14. Observation record provided by the original hypothesis author (2026-09-14 intake). Conversion uses nominal GM_sun with the CODATA 2014 G cited by IAU 2015 B3. Value differs from the current record (2.1451938e30 kg) only through the conversion constant; the current record is NOT replaced. sigma_primary=unverified; intake 2026-09-14. orig 1.0788 ± 0.0029 M_sun; conversion M_kg = (M/M_sun) × nominal GM_sun/G using exact nominal GM_sun = 1.3271244e20 m^3 s^-2 and G = 6.67408(31)e-11 m^3 kg^-1 s^-2 (CODATA 2014 value cited by IAU B3); sigma is the converted published dynamical-mass 1-sigma only and excludes G uncertainty; solution epoch = 2019.5; time scale = not applicable (decimal-year time scale of solution not stated); frame = relative-orbit solution tied to ALMA ICRS/J2000.0 absolute astrometry; kind=model-derived; PB16 column not mixed; confirmation_2=not-found-by-author 2026-09-16 (the Alpha Centauri A mass record: the original hypothesis author could not find the printed record for this row in the second confirmation record; the mark on this row is NOT changed),5.76657870448062e27,SOL-f04277eb,
Alpha Centauri A,mass_candidate,2.1450965685090574e+30,kg,Akeson R. et al. 2021 AJ 162 14 Table 8 (Present work),https://doi.org/10.3847/1538-3881/abfaff ; https://arxiv.org/abs/2104.10086,2026-09-14,"intake_row=2026-09-14. Observation record provided by the original hypothesis author (2026-09-14 intake). Conversion uses nominal GM_sun with CODATA 2018 G (M_sun = 1.988409870698051e30 kg). Value differs from the current record (2.1451938e30 kg) only through the conversion constant; the current record is NOT replaced. sigma_primary=unverified; intake 2026-09-14. kind=model-derived (dynamical mass from same Keplerian solution: a, P, orbital parallax and mass fraction); orig mA=1.0788+/-0.0029 Msun; converted M=m*GM_sun/G with IAU 2015 B3 nominal GM_sun=1.3271244e20 m3 s-2 (exact) and CODATA 2018 G=6.67430e-11 m3 kg-1 s-2 giving Msun=1.988409870698051e30 kg; sigma is paper 1-sigma on Msun scaled by that Msun only (G uncertainty not folded); mass fraction mA/(mA+mB)=0.54266+/-0.00011; PB16 mA=1.133+/-0.0050 Msun (not adopted); confirmation_2=not-found-by-author 2026-09-16 (the Alpha Centauri A mass record: the original hypothesis author could not find the printed record for this row in the second confirmation record; the mark on this row is NOT changed)",5.766388625024348e+27,SOL-da20986d,
Alpha Centauri B,mass_candidate,1.80792184762544e30,kg,"Akeson et al. 2021, AJ, 162, 14, Table 8 (Present work); IAU 2015 Resolution B3",https://doi.org/10.3847/1538-3881/abfaff ; https://www.iau.org/common/Uploaded%20files/IAUGA2015-Resolution-B3-recommended-nominal-conversion.pdf,2026-09-14,intake_row=2026-09-14. Observation record provided by the original hypothesis author (2026-09-14 intake). Conversion uses nominal GM_sun with the CODATA 2014 G cited by IAU 2015 B3. Value differs from the current record (1.8079442e30 kg) only through the conversion constant; the current record is NOT replaced. sigma_primary=unverified; intake 2026-09-14. orig 0.9092 ± 0.0025 M_sun; conversion M_kg = (M/M_sun) × nominal GM_sun/G using exact nominal GM_sun = 1.3271244e20 m^3 s^-2 and G = 6.67408(31)e-11 m^3 kg^-1 s^-2 (CODATA 2014 value cited by IAU B3); sigma is the converted published dynamical-mass 1-sigma only and excludes G uncertainty; solution epoch = 2019.5; time scale = not applicable (decimal-year time scale of solution not stated); frame = relative-orbit solution tied to ALMA ICRS/J2000.0 absolute astrometry; kind=model-derived; PB16 column not mixed; confirmation_2=not-found-by-author 2026-09-16 (the Alpha Centauri B mass record: the original hypothesis author could not find the printed record for this row in the second confirmation record; the mark on this row is NOT changed),4.97118853834536e27,SOL-875e0dff,
Alpha Centauri B,mass_candidate,1.807862254438668e+30,kg,Akeson R. et al. 2021 AJ 162 14 Table 8 (Present work),https://doi.org/10.3847/1538-3881/abfaff ; https://arxiv.org/abs/2104.10086,2026-09-14,intake_row=2026-09-14. Observation record provided by the original hypothesis author (2026-09-14 intake). Conversion uses nominal GM_sun with CODATA 2018 G (M_sun = 1.988409870698051e30 kg). Value differs from the current record (1.8079442e30 kg) only through the conversion constant; the current record is NOT replaced. sigma_primary=unverified; intake 2026-09-14. kind=model-derived (dynamical mass from same Keplerian solution); orig mB=0.9092+/-0.0025 Msun; same GM_sun and G as mass_A row; PB16 mB=0.972+/-0.0045 Msun (not adopted); confirmation_2=not-found-by-author 2026-09-16 (the Alpha Centauri B mass record: the original hypothesis author could not find the printed record for this row in the second confirmation record; the mark on this row is NOT changed),4.971024676745128e+27,SOL-ab3f9e55,
Alpha Centauri A,radius_candidate,847014750,m,"Akeson et al. 2021, AJ, 162, 14, Table 8 and Section 3.1.4; Kervella et al. 2017, A&A, 597, A137; IAU 2015 Resolution B3",https://doi.org/10.3847/1538-3881/abfaff ; https://doi.org/10.1051/0004-6361/201629505 ; https://www.iau.org/common/Uploaded%20files/IAUGA2015-Resolution-B3-recommended-nominal-conversion.pdf,2026-09-14,intake_row=2026-09-14. Observation record provided by the original hypothesis author (2026-09-14 intake). Conversion uses the IAU 2015 B3 nominal R_sun = 6.957e8 m (the current record uses the committed 6.96e8 m). Value differs from the current record (8.4738e8 m) only through the conversion constant; the current record is NOT replaced. sigma_primary=unverified; intake 2026-09-14. orig 1.2175 ± 0.0055 R_sun; underlying limb-darkened angular diameter theta_LD(A) = 8.502 ± 0.038 mas; Akeson orbital parallax = 750.81 ± 0.38 mas and reported distance = 1.3319 ± 0.0007 pc; converted with exact nominal R_sun = 6.957e8 m; solution epoch = 2019.5; time scale = not applicable; angular reference frame = sky plane and ALMA absolute astrometry ICRS/J2000.0; kind=model-derived; confirmation_2=not-found-by-author 2026-09-16 (the Alpha Centauri A radius record: the original hypothesis author could not find the printed record for this row in the second confirmation record; the mark on this row is NOT changed),3826350,SOL-4a6d727c,
Alpha Centauri B,radius_candidate,597675870,m,"Akeson et al. 2021, AJ, 162, 14, Table 8 and Section 3.1.4; Kervella et al. 2017, A&A, 597, A137; IAU 2015 Resolution B3",https://doi.org/10.3847/1538-3881/abfaff ; https://doi.org/10.1051/0004-6361/201629505 ; https://www.iau.org/common/Uploaded%20files/IAUGA2015-Resolution-B3-recommended-nominal-conversion.pdf,2026-09-14,intake_row=2026-09-14. Observation record provided by the original hypothesis author (2026-09-14 intake). Conversion uses the IAU 2015 B3 nominal R_sun = 6.957e8 m (the current record uses the committed 6.96e8 m). Value differs from the current record (5.979336e8 m) only through the conversion constant; the current record is NOT replaced. sigma_primary=unverified; intake 2026-09-14. orig 0.8591 ± 0.0036 R_sun; underlying limb-darkened angular diameter theta_LD(B) = 5.999 ± 0.025 mas; Akeson orbital parallax = 750.81 ± 0.38 mas and reported distance = 1.3319 ± 0.0007 pc; converted with exact nominal R_sun = 6.957e8 m; solution epoch = 2019.5; time scale = not applicable; angular reference frame = sky plane and ALMA absolute astrometry ICRS/J2000.0; kind=model-derived; confirmation_2=not-found-by-author 2026-09-16 (the Alpha Centauri B radius record: the original hypothesis author could not find the printed record for this row in the second confirmation record; the mark on this row is NOT changed),2504520,SOL-11cd2cf3,
Sirius AB,orbital_period,1581931995.84,s,"Bond et al. 2017, ApJ, 840, 70, Table 4",https://doi.org/10.3847/1538-4357/aa6af8 ; https://arxiv.org/abs/1703.10625,2026-09-14,intake_row=2026-09-14. Observation record provided by the original hypothesis author (2026-09-14 intake). Two independent transcriptions of the same primary table agree on this value and on its sigma. sigma source = record A. sigma_primary=verified; intake 2026-09-14. System-level (AB relative orbit) record; the adopted record used by the built preset is the existing Sirius B row and is NOT replaced. orig 50.1284 ± 0.0043 yr; conversion 1 yr = 365.25 d and 1 d = 86400 s; relative visual orbit of B with respect to A; solution reference equator and epoch = J2000; time scale and decimal-year convention not stated in Bond et al. 2017; no separate fit epoch published; kind=ephemeris-fit; verified_by=原仮定者 2026-09-16; verified_at=Table 4 Orbital period P (year); verified_value=50.1284 +/- 0.0043 yr; value_confirmed=2026-09-16 (the original hypothesis author checked the cited table and column and the printed digits of this row against the confirmation record),135697.68,SOL-4a8f0f25,
Sirius AB,eccentricity,0.59142,1,"Bond et al. 2017, ApJ, 840, 70, Table 4",https://doi.org/10.3847/1538-4357/aa6af8 ; https://arxiv.org/abs/1703.10625,2026-09-14,intake_row=2026-09-14. Observation record provided by the original hypothesis author (2026-09-14 intake). Two independent transcriptions of the same primary table agree on this value and on its sigma. sigma source = record A. sigma_primary=verified; intake 2026-09-14. System-level (AB relative orbit) record; the adopted record used by the built preset is the existing Sirius B row and is NOT replaced. orig 0.59142 ± 0.00037; relative visual orbit of B with respect to A; solution reference equator and epoch = J2000; time scale = not applicable (decimal-year time scale of solution not stated); no separate fit epoch published; kind=ephemeris-fit; verified_by=原仮定者 2026-09-16; verified_at=Table 4 Eccentricity e; verified_value=0.59142 +/- 0.00037; value_confirmed=2026-09-16 (the original hypothesis author checked the cited table and column and the printed digits of this row against the confirmation record),0.00037,SOL-e36df0e9,
Sirius AB,semi_major_axis,2.95946360360515e12,m,"Bond et al. 2017, ApJ, 840, 70, Tables 4 and 5",https://doi.org/10.3847/1538-4357/aa6af8 ; https://arxiv.org/abs/1703.10625,2026-09-14,intake_row=2026-09-14. Observation record provided by the original hypothesis author (2026-09-14 intake). Two independent transcriptions of the same primary table agree on this value. sigma source = record B (propagated). sigma_primary=unverified; intake 2026-09-14. System-level (AB relative orbit) record; the adopted record used by the built preset is the existing Sirius B row and is NOT replaced. orig angular semimajor axis 7.4957 ± 0.0025 arcsec; adopted weighted-mean absolute parallax 0.3789 ± 0.0014 arcsec; converted with a_AU = a_arcsec/parallax_arcsec and exact 1 au = 149597870700 m; relative visual orbit of B with respect to A; solution reference equator and epoch = J2000; time scale = not applicable (decimal-year time scale of solution not stated); no separate fit epoch published; kind=model-derived; no uncertainty published for this derived SI combination; sigma_kind=covariance; sigma_propagated=the angular semimajor axis and the parallax combined in quadrature - this is an arithmetic propagation performed in the record and NOT a 1-sigma printed in the cited table; the mark stays unverified for this reason; value_checked_by=original hypothesis author 2026-09-16 (confirmation record); value_checked_at=Table 4 Semimajor axis a (arcsec) and Table 5 weighted-mean parallax; value_checked_value=7.4957 +/- 0.0025 arcsec and parallax 0.3789 +/- 0.0014 arcsec; value_checked_scope=the ANGULAR quantities only - the SI value in this row is a propagation,10979399076.091833,SOL-0e629057,
Sirius AB,inclination,136.336,deg,"Bond et al. 2017, ApJ, 840, 70, Table 4",https://doi.org/10.3847/1538-4357/aa6af8 ; https://arxiv.org/abs/1703.10625,2026-09-14,intake_row=2026-09-14. Observation record provided by the original hypothesis author (2026-09-14 intake). Two independent transcriptions of the same primary table agree on this value and on its sigma. sigma source = record A. sigma_primary=verified; intake 2026-09-14. System-level (AB relative orbit) record; the adopted record used by the built preset is the existing Sirius B row and is NOT replaced. orig 136.336 ± 0.040 deg; relative visual orbit of B with respect to A; inclination to sky plane; solution reference equator and epoch = J2000; time scale = not applicable (decimal-year time scale of solution not stated); no separate fit epoch published; kind=ephemeris-fit; verified_by=原仮定者 2026-09-16; verified_at=Bond et al. 2017 ApJ 840 70 Table 4 Inclination i (deg); verified_value=136.336 +/- 0.040 deg; confirmation_round=2 (second confirmation record of the original hypothesis author 2026-09-17; it gives the primary table / column / printed digits; the value and the sigma of this row were re-derived from the printed record by tests/exp-w267a-confirm2.mjs and reproduced),0.040,SOL-1b0851fb,
Sirius AB,longitude_of_periastron,149.161,deg,"Bond et al. 2017, ApJ, 840, 70, Table 4",https://doi.org/10.3847/1538-4357/aa6af8 ; https://arxiv.org/abs/1703.10625,2026-09-14,intake_row=2026-09-14. Observation record provided by the original hypothesis author (2026-09-14 intake). Two independent transcriptions of the same primary table agree on this value and on its sigma. sigma source = record A. sigma_primary=verified; intake 2026-09-14. System-level (AB relative orbit) record; the adopted record used by the built preset is the existing Sirius B row and is NOT replaced. orig label Longitude of periastron omega = 149.161 ± 0.075 deg; relative visual orbit of B with respect to A; solution reference equator and epoch = J2000; time scale = not applicable (decimal-year time scale of solution not stated); no separate fit epoch published; kind=ephemeris-fit; verified_by=原仮定者 2026-09-16; verified_at=Bond et al. 2017 ApJ 840 70 Table 4 Longitude of periastron omega (deg); verified_value=149.161 +/- 0.075 deg; confirmation_round=2 (second confirmation record of the original hypothesis author 2026-09-17; it gives the primary table / column / printed digits; the value and the sigma of this row were re-derived from the printed record by tests/exp-w267a-confirm2.mjs and reproduced),0.075,SOL-51fac3f7,
Sirius AB,longitude_of_node,45.400,deg,"Bond et al. 2017, ApJ, 840, 70, Table 4",https://doi.org/10.3847/1538-4357/aa6af8 ; https://arxiv.org/abs/1703.10625,2026-09-14,intake_row=2026-09-14. Observation record provided by the original hypothesis author (2026-09-14 intake). Two independent transcriptions of the same primary table agree on this value and on its sigma. sigma source = record A. sigma_primary=unverified; intake 2026-09-14. System-level (AB relative orbit) record; the adopted record used by the built preset is the existing Sirius B row and is NOT replaced. orig label Position angle of node Omega = 45.400 ± 0.071 deg; relative visual orbit of B with respect to A; solution reference equator and epoch = J2000; time scale = not applicable (decimal-year time scale of solution not stated); no separate fit epoch published; kind=ephemeris-fit,0.071,SOL-16d8937c,
Sirius AB,epoch_of_periastron,1994.5715,yr,"Bond et al. 2017, ApJ, 840, 70, Table 4",https://doi.org/10.3847/1538-4357/aa6af8 ; https://arxiv.org/abs/1703.10625,2026-09-14,intake_row=2026-09-14. Observation record provided by the original hypothesis author (2026-09-14 intake). Two independent transcriptions of the same primary table agree on this value and on its sigma. sigma source = record A. sigma_primary=unverified; intake 2026-09-14. System-level (AB relative orbit) record; the adopted record used by the built preset is the existing Sirius B row and is NOT replaced. orig date of periastron passage T0 = 1994.5715 ± 0.0058 yr; time scale and decimal-year convention not stated in Bond et al. 2017; relative visual orbit of B with respect to A; solution reference equator and epoch = J2000; no separate fit epoch published; kind=ephemeris-fit,0.0058,SOL-06106913,
Sirius A,mass_candidate,4.10222478184259e30,kg,"Bond et al. 2017, ApJ, 840, 70, Table 6; IAU 2015 Resolution B3",https://doi.org/10.3847/1538-4357/aa6af8 ; https://www.iau.org/common/Uploaded%20files/IAUGA2015-Resolution-B3-recommended-nominal-conversion.pdf,2026-09-14,intake_row=2026-09-14. Observation record provided by the original hypothesis author (2026-09-14 intake). Conversion uses nominal GM_sun with the CODATA 2014 G cited by IAU 2015 B3. Value differs from the current record (4.1022755e30 kg) only through the conversion constant; the current record is NOT replaced. sigma_primary=verified; intake 2026-09-14. orig 2.063 ± 0.023 M_sun; conversion M_kg = (M/M_sun) × nominal GM_sun/G using exact nominal GM_sun = 1.3271244e20 m^3 s^-2 and G = 6.67408(31)e-11 m^3 kg^-1 s^-2 (CODATA 2014 value cited by IAU B3); sigma is the converted published dynamical-mass 1-sigma only and excludes G uncertainty; adopted parallax = 0.3789 ± 0.0014 arcsec; relative-orbit solution reference equator and epoch = J2000; time scale = not applicable (decimal-year time scale of solution not stated); no separate fit epoch published; kind=model-derived; verified_by=原仮定者 2026-09-16; verified_at=Bond et al. 2017 ApJ 840 70 Table 6 Mass of Sirius A MA (This Paper column); verified_value=2.063 +/- 0.023 M_sun; confirmation_round=2 (second confirmation record of the original hypothesis author 2026-09-17; it gives the primary table / column / printed digits; the value and the sigma of this row were re-derived from the printed record by tests/exp-w267a-confirm2.mjs and reproduced; conversion=the constants already printed in this note (GM_sun 1.3271244e20 / G 6.67408e-11); the M_sun value and its sigma are the primary record - the kg value is the conversion),4.57349345527773e28,SOL-6705afaa,
Sirius A,mass_candidate,4.1020895632500795e+30,kg,Bond H.E. et al. 2017 ApJ 840 70 Table 6 (This paper),https://doi.org/10.3847/1538-4357/aa6af8 ; https://arxiv.org/abs/1703.10625,2026-09-14,"intake_row=2026-09-14. Observation record provided by the original hypothesis author (2026-09-14 intake). Conversion uses nominal GM_sun with CODATA 2018 G (M_sun = 1.988409870698051e30 kg). Value differs from the current record (4.1022755e30 kg) only through the conversion constant; the current record is NOT replaced. sigma_primary=verified; intake 2026-09-14. kind=model-derived (dynamical mass); orig MA=2.063+/-0.023 Msun from M=a^3/(pi^3 P^2) and MA=M(1-aA/a) with Table 4 a,P and Table 5 pi=0.3789+/-0.0014 arcsec and aA=2.4761+/-0.0045 arcsec; converted with IAU 2015 B3 GM_sun=1.3271244e20 m3 s-2 and CODATA 2018 G=6.67430e-11 giving Msun=1.988409870698051e30 kg; Table 7 shows mass error budget is dominated by the parallax 1-sigma; verified_by=原仮定者 2026-09-16; verified_at=Bond et al. 2017 ApJ 840 70 Table 6 Mass of Sirius A MA (This Paper column); verified_value=2.063 +/- 0.023 M_sun; confirmation_round=2 (second confirmation record of the original hypothesis author 2026-09-17; it gives the primary table / column / printed digits; the value and the sigma of this row were re-derived from the printed record by tests/exp-w267a-confirm2.mjs and reproduced; conversion=M_sun 1.988409870698051e30 kg (CODATA 2018 G) as already printed in this note)",4.573342702605517e+28,SOL-2e8d9117,
Sirius B,mass_candidate,2.02426797281423e30,kg,"Bond et al. 2017, ApJ, 840, 70, Table 6; IAU 2015 Resolution B3",https://doi.org/10.3847/1538-4357/aa6af8 ; https://www.iau.org/common/Uploaded%20files/IAUGA2015-Resolution-B3-recommended-nominal-conversion.pdf,2026-09-14,intake_row=2026-09-14. Observation record provided by the original hypothesis author (2026-09-14 intake). Conversion uses nominal GM_sun with the CODATA 2014 G cited by IAU 2015 B3. Value differs from the current record (2.024293e30 kg) only through the conversion constant; the current record is NOT replaced. sigma_primary=verified; intake 2026-09-14. orig 1.018 ± 0.011 M_sun; conversion M_kg = (M/M_sun) × nominal GM_sun/G using exact nominal GM_sun = 1.3271244e20 m^3 s^-2 and G = 6.67408(31)e-11 m^3 kg^-1 s^-2 (CODATA 2014 value cited by IAU B3); sigma is the converted published dynamical-mass 1-sigma only and excludes G uncertainty; adopted parallax = 0.3789 ± 0.0014 arcsec; relative-orbit solution reference equator and epoch = J2000; time scale = not applicable (decimal-year time scale of solution not stated); no separate fit epoch published; kind=model-derived; verified_by=原仮定者 2026-09-16; verified_at=Bond et al. 2017 ApJ 840 70 Table 6 Mass of Sirius B MB (This Paper column); verified_value=1.018 +/- 0.011 M_sun; confirmation_round=2 (second confirmation record of the original hypothesis author 2026-09-17; it gives the primary table / column / printed digits; the value and the sigma of this row were re-derived from the printed record by tests/exp-w267a-confirm2.mjs and reproduced; conversion=the constants already printed in this note (GM_sun 1.3271244e20 / G 6.67408e-11)),2.18732295687196e28,SOL-eefac2e9,
Sirius B,mass_candidate,2.0242012483706158e+30,kg,Bond H.E. et al. 2017 ApJ 840 70 Table 6 (This paper),https://doi.org/10.3847/1538-4357/aa6af8 ; https://arxiv.org/abs/1703.10625,2026-09-14,intake_row=2026-09-14. Observation record provided by the original hypothesis author (2026-09-14 intake). Conversion uses nominal GM_sun with CODATA 2018 G (M_sun = 1.988409870698051e30 kg). Value differs from the current record (2.024293e30 kg) only through the conversion constant; the current record is NOT replaced. sigma_primary=verified; intake 2026-09-14. kind=model-derived (dynamical mass); orig MB=1.018+/-0.011 Msun from MB=M*aA/a in same solution as mass_A; same GM_sun and G conversion; verified_by=原仮定者 2026-09-16; verified_at=Bond et al. 2017 ApJ 840 70 Table 6 Mass of Sirius B MB (This Paper column); verified_value=1.018 +/- 0.011 M_sun; confirmation_round=2 (second confirmation record of the original hypothesis author 2026-09-17; it gives the primary table / column / printed digits; the value and the sigma of this row were re-derived from the printed record by tests/exp-w267a-confirm2.mjs and reproduced; conversion=M_sun 1.988409870698051e30 kg (CODATA 2018 G) as already printed in this note),2.187250857767856e+28,SOL-e8572a76,
Sirius A,radius_candidate,1192708080,m,"Bond et al. 2017, ApJ, 840, 70, Section 9; Davis et al. 2011, PASA, 28, 58-65; IAU 2015 Resolution B3",https://doi.org/10.3847/1538-4357/aa6af8 ; https://doi.org/10.1071/AS10010 ; https://www.iau.org/common/Uploaded%20files/IAUGA2015-Resolution-B3-recommended-nominal-conversion.pdf,2026-09-14,intake_row=2026-09-14. Observation record provided by the original hypothesis author (2026-09-14 intake). Conversion uses the IAU 2015 B3 nominal R_sun = 6.957e8 m (the current record uses the committed 6.96e8 m). Value differs from the current record (1.1932224e9 m) only through the conversion constant; the current record is NOT replaced. sigma_primary=unverified; intake 2026-09-14. orig Bond-adjusted 1.7144 ± 0.0090 R_sun; underlying Davis limb-darkened angular diameter theta_LD = 6.041 ± 0.017 mas; Bond adjusted Davis result to adopted parallax 0.3789 ± 0.0014 arcsec (Davis used 0.37922 arcsec); converted with exact nominal R_sun = 6.957e8 m; orbital solution reference equator and epoch = J2000; time scale = not applicable; kind=model-derived; confirmation_2=not-found-by-author 2026-09-16 (the Sirius A radius record: the original hypothesis author could not find the printed record for this row in the second confirmation record; the mark on this row is NOT changed),6261300,SOL-77ca5de7,
Sirius B,radius_candidate,5633778.6,m,"Bond et al. 2017, ApJ, 840, 70, Section 8; IAU 2015 Resolution B3",https://doi.org/10.3847/1538-4357/aa6af8 ; https://www.iau.org/common/Uploaded%20files/IAUGA2015-Resolution-B3-recommended-nominal-conversion.pdf,2026-09-14,intake_row=2026-09-14. Observation record provided by the original hypothesis author (2026-09-14 intake). Conversion uses the IAU 2015 B3 nominal R_sun = 6.957e8 m (the current record uses the committed 6.96e8 m). Value differs from the current record (5.636208e6 m) only through the conversion constant; the current record is NOT replaced. sigma_primary=unverified; intake 2026-09-14. orig 0.008098 ± 0.000046 R_sun; radius inferred from HST/STIS absolute flux with a pure-hydrogen model-atmosphere fit rather than from an interferometric angular diameter; system adopted parallax = 0.3789 ± 0.0014 arcsec; converted with exact nominal R_sun = 6.957e8 m; orbital solution reference equator and epoch = J2000; time scale = not applicable; kind=model-derived; confirmation_2=not-found-by-author 2026-09-16 (the Sirius B radius record: the original hypothesis author could not find the printed record for this row in the second confirmation record; the mark on this row is NOT changed),32002.2,SOL-5a1dbd52,
PSR J0737-3039 B,orbital_period,8834.5347232867200,s,"Kramer et al. 2021, Phys. Rev. X 11, 041050, Table IV",https://doi.org/10.1103/PhysRevX.11.041050,2026-09-14,"intake_row=2026-09-14. Observation record provided by the original hypothesis author (2026-09-14 intake). solution=Kramer2021-DDS. Solution-tagged row: one complete parameter set from a single published timing solution, placed BESIDE the adopted record - the adopted first row for PSR J0737-3039 B|orbital_period (8834.534723278) is NOT replaced and readers that take the first matching row are unaffected. Do not mix parameters from different solutions inside one orbital element set. sigma_primary=verified; intake 2026-09-14. orig 0.1022515592973(10) d; kind=ephemeris-fit; solution=DDS (modified TEMPO numerical-inversion implementation); epoch=T0 55700.233017540 MJD; spin epoch=55700.0 MJD; timescale=TDB; Solar System ephemeris=DE436; observation span=52760-58640 MJD (30-s ToA data set); reference frame=J2000 astrometry; verified_by=原仮定者 2026-09-16; verified_at=Table IV Orbital period (day); verified_value=0.102 251 559 297 3(10) d; value_confirmed=2026-09-16 (the original hypothesis author checked the cited table and column and the printed digits of this row against the confirmation record)",8.64e-8,SOL-e35438ab,Kramer2021-DDS
PSR J0737-3039 B,orbital_period_derivative,-1.247920e-12,1,"Kramer et al. 2021, Phys. Rev. X 11, 041050, Table IV",https://doi.org/10.1103/PhysRevX.11.041050,2026-09-14,"intake_row=2026-09-14. Observation record provided by the original hypothesis author (2026-09-14 intake). solution=Kramer2021-DDS. Solution-tagged row: one complete parameter set from a single published timing solution, placed BESIDE the adopted record - no earlier row exists for PSR J0737-3039 B|orbital_period_derivative, so this row is the first one; it is a solution-tagged record, not a builder input. Do not mix parameters from different solutions inside one orbital element set. sigma_primary=unverified; intake 2026-09-14. orig -1.247920(78)e-12; observed timing parameter; kind=ephemeris-fit; solution=DDS (modified TEMPO numerical-inversion implementation); epoch=T0 55700.233017540 MJD; spin epoch=55700.0 MJD; timescale=TDB; Solar System ephemeris=DE436; observation span=52760-58640 MJD (30-s ToA data set); reference frame=J2000 astrometry",7.8e-17,SOL-474f6132,Kramer2021-DDS
PSR J0737-3039 B,orbital_period_derivative_intrinsic,-1.247752e-12,1,"Kramer et al. 2021, Phys. Rev. X 11, 041050, Eq. 42",https://doi.org/10.1103/PhysRevX.11.041050,2026-09-14,"intake_row=2026-09-14. Observation record provided by the original hypothesis author (2026-09-14 intake). solution=Kramer2021-DDS. Solution-tagged row: one complete parameter set from a single published timing solution, placed BESIDE the adopted record - no earlier row exists for PSR J0737-3039 B|orbital_period_derivative_intrinsic, so this row is the first one; it is a solution-tagged record, not a builder input. Do not mix parameters from different solutions inside one orbital element set. sigma_primary=unverified; intake 2026-09-14. orig -1.247752(79)e-12; corrected for Shklovskii and Galactic acceleration in Eq. 42; kind=model-derived; solution=DDS (modified TEMPO numerical-inversion implementation); epoch=T0 55700.233017540 MJD; spin epoch=55700.0 MJD; timescale=TDB; Solar System ephemeris=DE436; observation span=52760-58640 MJD (30-s ToA data set); reference frame=J2000 astrometry",7.9e-17,SOL-b2d82241,Kramer2021-DDS
PSR J0737-3039 B,eccentricity,0.087777023,1,"Kramer et al. 2021, Phys. Rev. X 11, 041050, Table IV",https://doi.org/10.1103/PhysRevX.11.041050,2026-09-14,"intake_row=2026-09-14. Observation record provided by the original hypothesis author (2026-09-14 intake). solution=Kramer2021-DDS. Solution-tagged row: one complete parameter set from a single published timing solution, placed BESIDE the adopted record - the adopted first row for PSR J0737-3039 B|eccentricity (0.087777036) is NOT replaced and readers that take the first matching row are unaffected. Do not mix parameters from different solutions inside one orbital element set. sigma_primary=verified; intake 2026-09-14. orig e_T=0.087777023(61); DD time eccentricity used in Kepler equation; kind=ephemeris-fit; solution=DDS (modified TEMPO numerical-inversion implementation); epoch=T0 55700.233017540 MJD; spin epoch=55700.0 MJD; timescale=TDB; Solar System ephemeris=DE436; observation span=52760-58640 MJD (30-s ToA data set); reference frame=J2000 astrometry; verified_by=原仮定者 2026-09-16; verified_at=Table IV Eccentricity (Kepler equation); verified_value=0.087 777 023(61); value_confirmed=2026-09-16 (the original hypothesis author checked the cited table and column and the printed digits of this row against the confirmation record)",6.1e-8,SOL-1c67b7d7,Kramer2021-DDS
PSR J0737-3039 B,periastron_advance,16.899323,deg/yr,"Kramer et al. 2021, Phys. Rev. X 11, 041050, Table IV",https://doi.org/10.1103/PhysRevX.11.041050,2026-09-14,"intake_row=2026-09-14. Observation record provided by the original hypothesis author (2026-09-14 intake). solution=Kramer2021-DDS. Solution-tagged row: one complete parameter set from a single published timing solution, placed BESIDE the adopted record - the adopted first row for PSR J0737-3039 B|periastron_advance (16.899323) is NOT replaced and readers that take the first matching row are unaffected. Do not mix parameters from different solutions inside one orbital element set. sigma_primary=verified; intake 2026-09-14. orig 16.899323(13) deg/yr; kind=ephemeris-fit; solution=DDS (modified TEMPO numerical-inversion implementation); epoch=T0 55700.233017540 MJD; spin epoch=55700.0 MJD; timescale=TDB; Solar System ephemeris=DE436; observation span=52760-58640 MJD (30-s ToA data set); reference frame=J2000 astrometry; verified_by=原仮定者 2026-09-16; verified_at=Table IV Periastron advance (deg/yr); verified_value=16.899 323(13); value_confirmed=2026-09-16 (the original hypothesis author checked the cited table and column and the printed digits of this row against the confirmation record)",0.000013,SOL-c162bd87,Kramer2021-DDS
PSR J0737-3039 B,projected_semimajor_axis,1.415028603,s,"Kramer et al. 2021, Phys. Rev. X 11, 041050, Table IV",https://doi.org/10.1103/PhysRevX.11.041050,2026-09-14,"intake_row=2026-09-14. Observation record provided by the original hypothesis author (2026-09-14 intake). solution=Kramer2021-DDS. Solution-tagged row: one complete parameter set from a single published timing solution, placed BESIDE the adopted record - no earlier row exists for PSR J0737-3039 B|projected_semimajor_axis, so this row is the first one; it is a solution-tagged record, not a builder input. Do not mix parameters from different solutions inside one orbital element set. sigma_primary=unverified; intake 2026-09-14. orig 1.415028603(92) s; kind=ephemeris-fit; solution=DDS (modified TEMPO numerical-inversion implementation); epoch=T0 55700.233017540 MJD; spin epoch=55700.0 MJD; timescale=TDB; Solar System ephemeris=DE436; observation span=52760-58640 MJD (30-s ToA data set); reference frame=J2000 astrometry",9.2e-8,SOL-e21edfd3,Kramer2021-DDS
PSR J0737-3039 B,longitude_of_periastron,204.753686,deg,"Kramer et al. 2021, Phys. Rev. X 11, 041050, Table IV",https://doi.org/10.1103/PhysRevX.11.041050,2026-09-14,"intake_row=2026-09-14. Observation record provided by the original hypothesis author (2026-09-14 intake). solution=Kramer2021-DDS. Solution-tagged row: one complete parameter set from a single published timing solution, placed BESIDE the adopted record - no earlier row exists for PSR J0737-3039 B|longitude_of_periastron, so this row is the first one; it is a solution-tagged record, not a builder input. Do not mix parameters from different solutions inside one orbital element set. sigma_primary=unverified; intake 2026-09-14. orig 204.753686(47) deg at T0; kind=ephemeris-fit; solution=DDS (modified TEMPO numerical-inversion implementation); epoch=T0 55700.233017540 MJD; spin epoch=55700.0 MJD; timescale=TDB; Solar System ephemeris=DE436; observation span=52760-58640 MJD (30-s ToA data set); reference frame=J2000 astrometry",0.000047,SOL-9e9544b3,Kramer2021-DDS
PSR J0737-3039 B,epoch_of_periastron,55700.233017540,MJD,"Kramer et al. 2021, Phys. Rev. X 11, 041050, Table IV",https://doi.org/10.1103/PhysRevX.11.041050,2026-09-14,"intake_row=2026-09-14. Observation record provided by the original hypothesis author (2026-09-14 intake). solution=Kramer2021-DDS. Solution-tagged row: one complete parameter set from a single published timing solution, placed BESIDE the adopted record - no earlier row exists for PSR J0737-3039 B|epoch_of_periastron, so this row is the first one; it is a solution-tagged record, not a builder input. Do not mix parameters from different solutions inside one orbital element set. sigma_primary=unverified; intake 2026-09-14. orig 55700.233017540(13) MJD; kind=ephemeris-fit; solution=DDS (modified TEMPO numerical-inversion implementation); epoch=T0 55700.233017540 MJD; spin epoch=55700.0 MJD; timescale=TDB; Solar System ephemeris=DE436; observation span=52760-58640 MJD (30-s ToA data set); reference frame=J2000 astrometry",1.3e-8,SOL-97dbd2e7,Kramer2021-DDS
PSR J0737-3039 B,einstein_delay,0.000384045,s,"Kramer et al. 2021, Phys. Rev. X 11, 041050, Table IV",https://doi.org/10.1103/PhysRevX.11.041050,2026-09-14,"intake_row=2026-09-14. Observation record provided by the original hypothesis author (2026-09-14 intake). solution=Kramer2021-DDS. Solution-tagged row: one complete parameter set from a single published timing solution, placed BESIDE the adopted record - no earlier row exists for PSR J0737-3039 B|einstein_delay, so this row is the first one; it is a solution-tagged record, not a builder input. Do not mix parameters from different solutions inside one orbital element set. sigma_primary=unverified; intake 2026-09-14. orig gamma_E=0.384045(94) ms; kind=ephemeris-fit; solution=DDS (modified TEMPO numerical-inversion implementation); epoch=T0 55700.233017540 MJD; spin epoch=55700.0 MJD; timescale=TDB; Solar System ephemeris=DE436; observation span=52760-58640 MJD (30-s ToA data set); reference frame=J2000 astrometry",9.4e-8,SOL-98818567,Kramer2021-DDS
PSR J0737-3039 B,shapiro_s,0.999936,1,"Kramer et al. 2021, Phys. Rev. X 11, 041050, Table IV",https://doi.org/10.1103/PhysRevX.11.041050,2026-09-14,"intake_row=2026-09-14. Observation record provided by the original hypothesis author (2026-09-14 intake). solution=Kramer2021-DDS. Solution-tagged row: one complete parameter set from a single published timing solution, placed BESIDE the adopted record - no earlier row exists for PSR J0737-3039 B|shapiro_s, so this row is the first one; it is a solution-tagged record, not a builder input. Do not mix parameters from different solutions inside one orbital element set. sigma_primary=unverified; intake 2026-09-14. sigma_asymmetric=+9e-6/-1.0e-5 (asymmetric or non-1-sigma interval: the sigma column is left empty because it carries symmetric 1-sigma values only). orig sin(i)=0.999936(+9/-10) in last quoted digit; derived from fitted z_s; kind=model-derived; solution=DDS (modified TEMPO numerical-inversion implementation); epoch=T0 55700.233017540 MJD; spin epoch=55700.0 MJD; timescale=TDB; Solar System ephemeris=DE436; observation span=52760-58640 MJD (30-s ToA data set); reference frame=J2000 astrometry",,SOL-566fc2f4,Kramer2021-DDS
PSR J0737-3039 B,shapiro_r,6.162e-6,s,"Kramer et al. 2021, Phys. Rev. X 11, 041050, Table IV",https://doi.org/10.1103/PhysRevX.11.041050,2026-09-14,"intake_row=2026-09-14. Observation record provided by the original hypothesis author (2026-09-14 intake). solution=Kramer2021-DDS. Solution-tagged row: one complete parameter set from a single published timing solution, placed BESIDE the adopted record - no earlier row exists for PSR J0737-3039 B|shapiro_r, so this row is the first one; it is a solution-tagged record, not a builder input. Do not mix parameters from different solutions inside one orbital element set. sigma_primary=unverified; intake 2026-09-14. orig r=6.162(21) microseconds; kind=ephemeris-fit; solution=DDS (modified TEMPO numerical-inversion implementation); epoch=T0 55700.233017540 MJD; spin epoch=55700.0 MJD; timescale=TDB; Solar System ephemeris=DE436; observation span=52760-58640 MJD (30-s ToA data set); reference frame=J2000 astrometry",2.1e-8,SOL-d4af8429,Kramer2021-DDS
PSR J0737-3039 A,mass,2.660860262820071e+30,kg,"Kramer et al. 2021, Phys. Rev. X 11, 041050, Table IV",https://doi.org/10.1103/PhysRevX.11.041050,2026-09-14,"intake_row=2026-09-14. Observation record provided by the original hypothesis author (2026-09-14 intake). solution=Kramer2021-DDS. Solution-tagged row: one complete parameter set from a single published timing solution, placed BESIDE the adopted record - the adopted first row for PSR J0737-3039 A|mass (2.660982861e30) is NOT replaced and readers that take the first matching row are unaffected. Do not mix parameters from different solutions inside one orbital element set. sigma_primary=unverified; intake 2026-09-14. sigma_asymmetric=+2.3860918448e25/-2.7837738190e25 (asymmetric or non-1-sigma interval: the sigma column is left empty because it carries symmetric 1-sigma values only). orig 1.338185(+0.000012/-0.000014) M_sun; kg conversion uses nominal GM_sun=1.3271244e20 m^3/s^2 (IAU 2015 Resolution B3) and G=6.67430e-11 m^3 kg^-1 s^-2 (CODATA); tabulated timing uncertainty only was scaled (G uncertainty not folded into sigma); component=A; GR/EOS-dependent derived mass; kind=model-derived; solution=DDS (modified TEMPO numerical-inversion implementation); epoch=T0 55700.233017540 MJD; spin epoch=55700.0 MJD; timescale=TDB; Solar System ephemeris=DE436; observation span=52760-58640 MJD (30-s ToA data set); reference frame=J2000 astrometry",,SOL-586ccecf,Kramer2021-DDS
PSR J0737-3039 B,mass,2.483261458398933e+30,kg,"Kramer et al. 2021, Phys. Rev. X 11, 041050, Table IV",https://doi.org/10.1103/PhysRevX.11.041050,2026-09-14,"intake_row=2026-09-14. Observation record provided by the original hypothesis author (2026-09-14 intake). solution=Kramer2021-DDS. Solution-tagged row: one complete parameter set from a single published timing solution, placed BESIDE the adopted record - the adopted first row for PSR J0737-3039 B|mass (2.483370041e30) is NOT replaced and readers that take the first matching row are unaffected. Do not mix parameters from different solutions inside one orbital element set. sigma_primary=unverified; intake 2026-09-14. sigma_asymmetric=+2.5849328319e25/-2.1872508578e25 (asymmetric or non-1-sigma interval: the sigma column is left empty because it carries symmetric 1-sigma values only). orig 1.248868(+0.000013/-0.000011) M_sun; kg conversion uses nominal GM_sun=1.3271244e20 m^3/s^2 (IAU 2015 Resolution B3) and G=6.67430e-11 m^3 kg^-1 s^-2 (CODATA); tabulated timing uncertainty only was scaled (G uncertainty not folded into sigma); component=B; GR/EOS-dependent derived mass; kind=model-derived; solution=DDS (modified TEMPO numerical-inversion implementation); epoch=T0 55700.233017540 MJD; spin epoch=55700.0 MJD; timescale=TDB; Solar System ephemeris=DE436; observation span=52760-58640 MJD (30-s ToA data set); reference frame=J2000 astrometry",,SOL-bcfdea3b,Kramer2021-DDS
PSR J0737-3039 B,total_mass,5.144119732809133e+30,kg,"Kramer et al. 2021, Phys. Rev. X 11, 041050, Table IV",https://doi.org/10.1103/PhysRevX.11.041050,2026-09-14,"intake_row=2026-09-14. Observation record provided by the original hypothesis author (2026-09-14 intake). solution=Kramer2021-DDS. Solution-tagged row: one complete parameter set from a single published timing solution, placed BESIDE the adopted record - no earlier row exists for PSR J0737-3039 B|total_mass, so this row is the first one; it is a solution-tagged record, not a builder input. Do not mix parameters from different solutions inside one orbital element set. sigma_primary=unverified; intake 2026-09-14. sigma_asymmetric=+1.7895688836e25/-1.3918869095e25 (asymmetric or non-1-sigma interval: the sigma column is left empty because it carries symmetric 1-sigma values only). orig 2.587052(+0.000009/-0.000007) M_sun; kg conversion uses nominal GM_sun=1.3271244e20 m^3/s^2 (IAU 2015 Resolution B3) and G=6.67430e-11 m^3 kg^-1 s^-2 (CODATA); tabulated timing uncertainty only was scaled (G uncertainty not folded into sigma); GR/EOS-dependent derived mass; kind=model-derived; solution=DDS (modified TEMPO numerical-inversion implementation); epoch=T0 55700.233017540 MJD; spin epoch=55700.0 MJD; timescale=TDB; Solar System ephemeris=DE436; observation span=52760-58640 MJD (30-s ToA data set); reference frame=J2000 astrometry",,SOL-b1fee508,Kramer2021-DDS
PSR J0737-3039 B,inclination,89.35 or 90.65,deg,"Kramer et al. 2021, Phys. Rev. X 11, 041050, Table IV",https://doi.org/10.1103/PhysRevX.11.041050,2026-09-14,"intake_row=2026-09-14. Observation record provided by the original hypothesis author (2026-09-14 intake). solution=Kramer2021-DDS. Solution-tagged row: one complete parameter set from a single published timing solution, placed BESIDE the adopted record - no earlier row exists for PSR J0737-3039 B|inclination, so this row is the first one; it is a solution-tagged record, not a builder input. Do not mix parameters from different solutions inside one orbital element set. sigma_primary=unverified; intake 2026-09-14. orig 89.35(5) or 90.65(5) deg; i <-> 180 deg-i ambiguity; derived from Shapiro shape; kind=model-derived; solution=DDS (modified TEMPO numerical-inversion implementation); epoch=T0 55700.233017540 MJD; spin epoch=55700.0 MJD; timescale=TDB; Solar System ephemeris=DE436; observation span=52760-58640 MJD (30-s ToA data set); reference frame=J2000 astrometry",0.05,SOL-209cedd4,Kramer2021-DDS
PSR J0737-3039 B,orbital_period,8834.5347232780800,s,"Hu et al. 2022, A&A 667, A149, Table 2",https://doi.org/10.1051/0004-6361/202244825,2026-09-14,"intake_row=2026-09-14. Observation record provided by the original hypothesis author (2026-09-14 intake). solution=Hu2022-DDS. Solution-tagged row: one complete parameter set from a single published timing solution, placed BESIDE the adopted record - the adopted first row for PSR J0737-3039 B|orbital_period (8834.534723278) is NOT replaced and readers that take the first matching row are unaffected. Do not mix parameters from different solutions inside one orbital element set. sigma_primary=verified; intake 2026-09-14. orig 0.1022515592972(29) d; kind=ephemeris-fit; solution=DDS (TEMPO); epoch=T0 55700.23301754 MJD; spin epoch=55700.0 MJD; timescale=TDB; terrestrial standard=UTC(NIST); Solar System ephemeris=DE436; observation span=58568-59721 MJD (trimmed MeerKAT data; L-band gives full min/max); reference frame=J2000 astrometry; verified_by=原仮定者 2026-09-16; verified_at=Hu et al. 2022 A&A 667 A149 Table 2 Orbital period Pb (days) (DDS binary model); verified_value=0.102 251 559 297 2(29) d; confirmation_round=2 (second confirmation record of the original hypothesis author 2026-09-17; it gives the primary table / column / printed digits; the value and the sigma of this row were re-derived from the printed record by tests/exp-w267a-confirm2.mjs and reproduced)",2.5056e-7,SOL-3fbf419e,
PSR J0737-3039 B,orbital_period_derivative,-1.247920e-12,1,"Hu et al. 2022, A&A 667, A149, Table 2",https://doi.org/10.1051/0004-6361/202244825,2026-09-14,"intake_row=2026-09-14. Observation record provided by the original hypothesis author (2026-09-14 intake). solution=Hu2022-DDS. Solution-tagged row: one complete parameter set from a single published timing solution, placed BESIDE the adopted record - no earlier row exists for PSR J0737-3039 B|orbital_period_derivative, so this row is the first one; it is a solution-tagged record, not a builder input. Do not mix parameters from different solutions inside one orbital element set. sigma_primary=unverified; intake 2026-09-14. orig -1.247920(78)e-12; fixed/adopted from Kramer et al. 2021, not independently fitted by this 3-yr solution; kind=ephemeris-fit; solution=DDS (TEMPO); epoch=T0 55700.23301754 MJD; spin epoch=55700.0 MJD; timescale=TDB; terrestrial standard=UTC(NIST); Solar System ephemeris=DE436; observation span=58568-59721 MJD (trimmed MeerKAT data; L-band gives full min/max); reference frame=J2000 astrometry",7.8e-17,SOL-555b06ed,
PSR J0737-3039 B,eccentricity,0.087777036,1,"Hu et al. 2022, A&A 667, A149, Table 2",https://doi.org/10.1051/0004-6361/202244825,2026-09-14,"intake_row=2026-09-14. Observation record provided by the original hypothesis author (2026-09-14 intake). solution=Hu2022-DDS. Solution-tagged row: one complete parameter set from a single published timing solution, placed BESIDE the adopted record - the adopted first row for PSR J0737-3039 B|eccentricity (0.087777036) is NOT replaced and readers that take the first matching row are unaffected. Do not mix parameters from different solutions inside one orbital element set. sigma_primary=verified; intake 2026-09-14. orig e_T=0.087777036(48); DD time eccentricity; kind=ephemeris-fit; solution=DDS (TEMPO); epoch=T0 55700.23301754 MJD; spin epoch=55700.0 MJD; timescale=TDB; terrestrial standard=UTC(NIST); Solar System ephemeris=DE436; observation span=58568-59721 MJD (trimmed MeerKAT data; L-band gives full min/max); reference frame=J2000 astrometry; verified_by=原仮定者 2026-09-16; verified_at=Hu et al. 2022 A&A 667 A149 Table 2 Eccentricity eT (DDS binary model); verified_value=0.087 777 036(48) (eT - the TIME eccentricity of the timing model); confirmation_round=2 (second confirmation record of the original hypothesis author 2026-09-17; it gives the primary table / column / printed digits; the value and the sigma of this row were re-derived from the printed record by tests/exp-w267a-confirm2.mjs and reproduced)",4.8e-8,SOL-ae22dce7,
PSR J0737-3039 B,periastron_advance,16.899321,deg/yr,"Hu et al. 2022, A&A 667, A149, Table 2",https://doi.org/10.1051/0004-6361/202244825,2026-09-14,"intake_row=2026-09-14. Observation record provided by the original hypothesis author (2026-09-14 intake). solution=Hu2022-DDS. Solution-tagged row: one complete parameter set from a single published timing solution, placed BESIDE the adopted record - the adopted first row for PSR J0737-3039 B|periastron_advance (16.899323) is NOT replaced and readers that take the first matching row are unaffected. Do not mix parameters from different solutions inside one orbital element set. sigma_primary=unverified; intake 2026-09-14. orig 16.899321(37) deg/yr; kind=ephemeris-fit; solution=DDS (TEMPO); epoch=T0 55700.23301754 MJD; spin epoch=55700.0 MJD; timescale=TDB; terrestrial standard=UTC(NIST); Solar System ephemeris=DE436; observation span=58568-59721 MJD (trimmed MeerKAT data; L-band gives full min/max); reference frame=J2000 astrometry; confirmation_2=not-found-by-author 2026-09-16 (Hu et al. 2022 Table 2 omega_dot: the original hypothesis author could not find the printed record for this row in the second confirmation record; the mark on this row is NOT changed)",0.000037,SOL-e4d731cd,
PSR J0737-3039 B,projected_semimajor_axis,1.415028299,s,"Hu et al. 2022, A&A 667, A149, Table 2",https://doi.org/10.1051/0004-6361/202244825,2026-09-14,"intake_row=2026-09-14. Observation record provided by the original hypothesis author (2026-09-14 intake). solution=Hu2022-DDS. Solution-tagged row: one complete parameter set from a single published timing solution, placed BESIDE the adopted record - no earlier row exists for PSR J0737-3039 B|projected_semimajor_axis, so this row is the first one; it is a solution-tagged record, not a builder input. Do not mix parameters from different solutions inside one orbital element set. sigma_primary=unverified; intake 2026-09-14. orig 1.415028299(88) s; kind=ephemeris-fit; solution=DDS (TEMPO); epoch=T0 55700.23301754 MJD; spin epoch=55700.0 MJD; timescale=TDB; terrestrial standard=UTC(NIST); Solar System ephemeris=DE436; observation span=58568-59721 MJD (trimmed MeerKAT data; L-band gives full min/max); reference frame=J2000 astrometry",8.8e-8,SOL-ee649363,
PSR J0737-3039 B,longitude_of_periastron,204.75372,deg,"Hu et al. 2022, A&A 667, A149, Table 2",https://doi.org/10.1051/0004-6361/202244825,2026-09-14,"intake_row=2026-09-14. Observation record provided by the original hypothesis author (2026-09-14 intake). solution=Hu2022-DDS. Solution-tagged row: one complete parameter set from a single published timing solution, placed BESIDE the adopted record - no earlier row exists for PSR J0737-3039 B|longitude_of_periastron, so this row is the first one; it is a solution-tagged record, not a builder input. Do not mix parameters from different solutions inside one orbital element set. sigma_primary=unverified; intake 2026-09-14. orig 204.75372(36) deg at T0; kind=ephemeris-fit; solution=DDS (TEMPO); epoch=T0 55700.23301754 MJD; spin epoch=55700.0 MJD; timescale=TDB; terrestrial standard=UTC(NIST); Solar System ephemeris=DE436; observation span=58568-59721 MJD (trimmed MeerKAT data; L-band gives full min/max); reference frame=J2000 astrometry",0.00036,SOL-55c6f077,
PSR J0737-3039 B,epoch_of_periastron,55700.23301754,MJD,"Hu et al. 2022, A&A 667, A149, Table 2",https://doi.org/10.1051/0004-6361/202244825,2026-09-14,"intake_row=2026-09-14. Observation record provided by the original hypothesis author (2026-09-14 intake). solution=Hu2022-DDS. Solution-tagged row: one complete parameter set from a single published timing solution, placed BESIDE the adopted record - no earlier row exists for PSR J0737-3039 B|epoch_of_periastron, so this row is the first one; it is a solution-tagged record, not a builder input. Do not mix parameters from different solutions inside one orbital element set. sigma_primary=unverified; intake 2026-09-14. orig 55700.23301754(10) MJD; kind=ephemeris-fit; solution=DDS (TEMPO); epoch=T0 55700.23301754 MJD; spin epoch=55700.0 MJD; timescale=TDB; terrestrial standard=UTC(NIST); Solar System ephemeris=DE436; observation span=58568-59721 MJD (trimmed MeerKAT data; L-band gives full min/max); reference frame=J2000 astrometry",1.0e-7,SOL-b2b70c94,
PSR J0737-3039 B,einstein_delay,0.000384045,s,"Hu et al. 2022, A&A 667, A149, Table 2",https://doi.org/10.1051/0004-6361/202244825,2026-09-14,"intake_row=2026-09-14. Observation record provided by the original hypothesis author (2026-09-14 intake). solution=Hu2022-DDS. Solution-tagged row: one complete parameter set from a single published timing solution, placed BESIDE the adopted record - no earlier row exists for PSR J0737-3039 B|einstein_delay, so this row is the first one; it is a solution-tagged record, not a builder input. Do not mix parameters from different solutions inside one orbital element set. sigma_primary=unverified; intake 2026-09-14. orig gamma_E=0.384045(94) ms; fixed/adopted from Kramer et al. 2021; kind=ephemeris-fit; solution=DDS (TEMPO); epoch=T0 55700.23301754 MJD; spin epoch=55700.0 MJD; timescale=TDB; terrestrial standard=UTC(NIST); Solar System ephemeris=DE436; observation span=58568-59721 MJD (trimmed MeerKAT data; L-band gives full min/max); reference frame=J2000 astrometry",9.4e-8,SOL-2a1825d3,
PSR J0737-3039 B,shapiro_s,0.9999369,1,"Hu et al. 2022, A&A 667, A149, Table 2",https://doi.org/10.1051/0004-6361/202244825,2026-09-14,"intake_row=2026-09-14. Observation record provided by the original hypothesis author (2026-09-14 intake). solution=Hu2022-DDS. Solution-tagged row: one complete parameter set from a single published timing solution, placed BESIDE the adopted record - no earlier row exists for PSR J0737-3039 B|shapiro_s, so this row is the first one; it is a solution-tagged record, not a builder input. Do not mix parameters from different solutions inside one orbital element set. sigma_primary=unverified; intake 2026-09-14. sigma_asymmetric=+4.6e-6/-5.1e-6 (asymmetric or non-1-sigma interval: the sigma column is left empty because it carries symmetric 1-sigma values only). orig sin(i)=0.9999369(+46/-51) in last quoted digit; derived from fitted z_s; kind=model-derived; solution=DDS (TEMPO); epoch=T0 55700.23301754 MJD; spin epoch=55700.0 MJD; timescale=TDB; terrestrial standard=UTC(NIST); Solar System ephemeris=DE436; observation span=58568-59721 MJD (trimmed MeerKAT data; L-band gives full min/max); reference frame=J2000 astrometry",,SOL-012932d8,
PSR J0737-3039 B,shapiro_r,6.163e-6,s,"Hu et al. 2022, A&A 667, A149, Table 2",https://doi.org/10.1051/0004-6361/202244825,2026-09-14,"intake_row=2026-09-14. Observation record provided by the original hypothesis author (2026-09-14 intake). solution=Hu2022-DDS. Solution-tagged row: one complete parameter set from a single published timing solution, placed BESIDE the adopted record - no earlier row exists for PSR J0737-3039 B|shapiro_r, so this row is the first one; it is a solution-tagged record, not a builder input. Do not mix parameters from different solutions inside one orbital element set. sigma_primary=unverified; intake 2026-09-14. orig r=6.163(16) microseconds; kind=ephemeris-fit; solution=DDS (TEMPO); epoch=T0 55700.23301754 MJD; spin epoch=55700.0 MJD; timescale=TDB; terrestrial standard=UTC(NIST); Solar System ephemeris=DE436; observation span=58568-59721 MJD (trimmed MeerKAT data; L-band gives full min/max); reference frame=J2000 astrometry",1.6e-8,SOL-56f25f5f,
PSR J0737-3039 A,mass,2.660862251229942e+30,kg,"Hu et al. 2022, A&A 667, A149, Table 2",https://doi.org/10.1051/0004-6361/202244825,2026-09-14,"intake_row=2026-09-14. Observation record provided by the original hypothesis author (2026-09-14 intake). solution=Hu2022-DDS. Solution-tagged row: one complete parameter set from a single published timing solution, placed BESIDE the adopted record - the adopted first row for PSR J0737-3039 A|mass (2.660982861e30) is NOT replaced and readers that take the first matching row are unaffected. Do not mix parameters from different solutions inside one orbital element set. sigma_primary=unverified; intake 2026-09-14. orig 1.338186(10) M_sun; kg conversion uses nominal GM_sun=1.3271244e20 m^3/s^2 (IAU 2015 Resolution B3) and G=6.67430e-11 m^3 kg^-1 s^-2 (CODATA); tabulated timing uncertainty only was scaled (G uncertainty not folded into sigma); component=A; GR-derived; kind=model-derived; solution=DDS (TEMPO); epoch=T0 55700.23301754 MJD; spin epoch=55700.0 MJD; timescale=TDB; terrestrial standard=UTC(NIST); Solar System ephemeris=DE436; observation span=58568-59721 MJD (trimmed MeerKAT data; L-band gives full min/max); reference frame=J2000 astrometry",1.9884098707e+25,SOL-d675d7c7,
PSR J0737-3039 B,mass,2.483257481579192e+30,kg,"Hu et al. 2022, A&A 667, A149, Table 2",https://doi.org/10.1051/0004-6361/202244825,2026-09-14,"intake_row=2026-09-14. Observation record provided by the original hypothesis author (2026-09-14 intake). solution=Hu2022-DDS. Solution-tagged row: one complete parameter set from a single published timing solution, placed BESIDE the adopted record - the adopted first row for PSR J0737-3039 B|mass (2.483370041e30) is NOT replaced and readers that take the first matching row are unaffected. Do not mix parameters from different solutions inside one orbital element set. sigma_primary=unverified; intake 2026-09-14. orig 1.248866(7) M_sun; kg conversion uses nominal GM_sun=1.3271244e20 m^3/s^2 (IAU 2015 Resolution B3) and G=6.67430e-11 m^3 kg^-1 s^-2 (CODATA); tabulated timing uncertainty only was scaled (G uncertainty not folded into sigma); component=B; GR-derived; kind=model-derived; solution=DDS (TEMPO); epoch=T0 55700.23301754 MJD; spin epoch=55700.0 MJD; timescale=TDB; terrestrial standard=UTC(NIST); Solar System ephemeris=DE436; observation span=58568-59721 MJD (trimmed MeerKAT data; L-band gives full min/max); reference frame=J2000 astrometry",1.3918869095e+25,SOL-662658c9,
PSR J0737-3039 B,total_mass,5.144119732809133e+30,kg,"Hu et al. 2022, A&A 667, A149, Table 2",https://doi.org/10.1051/0004-6361/202244825,2026-09-14,"intake_row=2026-09-14. Observation record provided by the original hypothesis author (2026-09-14 intake). solution=Hu2022-DDS. Solution-tagged row: one complete parameter set from a single published timing solution, placed BESIDE the adopted record - no earlier row exists for PSR J0737-3039 B|total_mass, so this row is the first one; it is a solution-tagged record, not a builder input. Do not mix parameters from different solutions inside one orbital element set. sigma_primary=unverified; intake 2026-09-14. orig 2.587052(11) M_sun; kg conversion uses nominal GM_sun=1.3271244e20 m^3/s^2 (IAU 2015 Resolution B3) and G=6.67430e-11 m^3 kg^-1 s^-2 (CODATA); tabulated timing uncertainty only was scaled (G uncertainty not folded into sigma); GR-derived; kind=model-derived; solution=DDS (TEMPO); epoch=T0 55700.23301754 MJD; spin epoch=55700.0 MJD; timescale=TDB; terrestrial standard=UTC(NIST); Solar System ephemeris=DE436; observation span=58568-59721 MJD (trimmed MeerKAT data; L-band gives full min/max); reference frame=J2000 astrometry",2.1872508578e+25,SOL-11e95034,
PSR J0737-3039 B,inclination,89.36 or 90.64,deg,"Hu et al. 2022, A&A 667, A149, Table 2",https://doi.org/10.1051/0004-6361/202244825,2026-09-14,"intake_row=2026-09-14. Observation record provided by the original hypothesis author (2026-09-14 intake). solution=Hu2022-DDS. Solution-tagged row: one complete parameter set from a single published timing solution, placed BESIDE the adopted record - no earlier row exists for PSR J0737-3039 B|inclination, so this row is the first one; it is a solution-tagged record, not a builder input. Do not mix parameters from different solutions inside one orbital element set. sigma_primary=unverified; intake 2026-09-14. orig 89.36(3) or 90.64(3) deg; i <-> 180 deg-i ambiguity; derived from Shapiro shape; kind=model-derived; solution=DDS (TEMPO); epoch=T0 55700.23301754 MJD; spin epoch=55700.0 MJD; timescale=TDB; terrestrial standard=UTC(NIST); Solar System ephemeris=DE436; observation span=58568-59721 MJD (trimmed MeerKAT data; L-band gives full min/max); reference frame=J2000 astrometry",0.03,SOL-11daeb4b,
PSR B1534+12,orbital_period,36351.702623145600,s,"Fonseca, Stairs & Thorsett 2014, ApJ 787, 82, Table 3 DD column",https://doi.org/10.1088/0004-637X/787/1/82,2026-09-14,"intake_row=2026-09-14. Observation record provided by the original hypothesis author (2026-09-14 intake). solution=Fonseca2014-DD. Solution-tagged row: one complete parameter set from a single published timing solution, placed BESIDE the adopted record - the adopted first row for PSR B1534+12|orbital_period (36351.702644140794) is NOT replaced and readers that take the first matching row are unaffected. Do not mix parameters from different solutions inside one orbital element set. sigma_primary=unverified; intake 2026-09-14. orig 0.420737298879(2) d; kind=ephemeris-fit; solution=DD (TEMPO); epoch=T0 52076.827113263 MJD; spin/parameter epoch=52077 MJD; timescale=not published; Solar System ephemeris=DE421; observation span=1990-2012 (22 yr; Table 1); reference frame=J2000 astrometry",1.728e-7,SOL-308c2323,
PSR B1534+12,orbital_period_derivative,-1.366e-13,1,"Fonseca, Stairs & Thorsett 2014, ApJ 787, 82, Table 3 DD column",https://doi.org/10.1088/0004-637X/787/1/82,2026-09-14,"intake_row=2026-09-14. Observation record provided by the original hypothesis author (2026-09-14 intake). solution=Fonseca2014-DD. Solution-tagged row: one complete parameter set from a single published timing solution, placed BESIDE the adopted record - no earlier row exists for PSR B1534+12|orbital_period_derivative, so this row is the first one; it is a solution-tagged record, not a builder input. Do not mix parameters from different solutions inside one orbital element set. sigma_primary=unverified; intake 2026-09-14. orig -0.1366(3)e-12; table label=(Pbdot)^obs; kind=ephemeris-fit; solution=DD (TEMPO); epoch=T0 52076.827113263 MJD; spin/parameter epoch=52077 MJD; timescale=not published; Solar System ephemeris=DE421; observation span=1990-2012 (22 yr; Table 1); reference frame=J2000 astrometry",3e-16,SOL-4a837409,
PSR B1534+12,eccentricity,0.27367752,1,"Fonseca, Stairs & Thorsett 2014, ApJ 787, 82, Table 3 DD column",https://doi.org/10.1088/0004-637X/787/1/82,2026-09-14,"intake_row=2026-09-14. Observation record provided by the original hypothesis author (2026-09-14 intake). solution=Fonseca2014-DD. Solution-tagged row: one complete parameter set from a single published timing solution, placed BESIDE the adopted record - the adopted first row for PSR B1534+12|eccentricity (0.2736775) is NOT replaced and readers that take the first matching row are unaffected. Do not mix parameters from different solutions inside one orbital element set. sigma_primary=unverified; intake 2026-09-14. orig 0.27367752(7); DD timing eccentricity (table does not publish separate e_r or e_theta); kind=ephemeris-fit; solution=DD (TEMPO); epoch=T0 52076.827113263 MJD; spin/parameter epoch=52077 MJD; timescale=not published; Solar System ephemeris=DE421; observation span=1990-2012 (22 yr; Table 1); reference frame=J2000 astrometry",7e-8,SOL-98ad8d8d,
PSR B1534+12,periastron_advance,1.7557950,deg/yr,"Fonseca, Stairs & Thorsett 2014, ApJ 787, 82, Table 3 DD column",https://doi.org/10.1088/0004-637X/787/1/82,2026-09-14,"intake_row=2026-09-14. Observation record provided by the original hypothesis author (2026-09-14 intake). solution=Fonseca2014-DD. Solution-tagged row: one complete parameter set from a single published timing solution, placed BESIDE the adopted record - the adopted first row for PSR B1534+12|periastron_advance (1.755789) is NOT replaced and readers that take the first matching row are unaffected. Do not mix parameters from different solutions inside one orbital element set. sigma_primary=verified; intake 2026-09-14. orig 1.7557950(19) deg/yr; kind=ephemeris-fit; solution=DD (TEMPO); epoch=T0 52076.827113263 MJD; spin/parameter epoch=52077 MJD; timescale=not published; Solar System ephemeris=DE421; observation span=1990-2012 (22 yr; Table 1); reference frame=J2000 astrometry; verified_by=原仮定者 2026-09-16; verified_at=Table 3 Rate of periastron advance DD Model column; verified_value=1.7557950(19) deg/yr; value_confirmed=2026-09-16 (the original hypothesis author checked the cited table and column and the printed digits of this row against the confirmation record)",0.0000019,SOL-ffd2695b,
PSR B1534+12,projected_semimajor_axis,3.7294636,s,"Fonseca, Stairs & Thorsett 2014, ApJ 787, 82, Table 3 DD column",https://doi.org/10.1088/0004-637X/787/1/82,2026-09-14,"intake_row=2026-09-14. Observation record provided by the original hypothesis author (2026-09-14 intake). solution=Fonseca2014-DD. Solution-tagged row: one complete parameter set from a single published timing solution, placed BESIDE the adopted record - the adopted first row for PSR B1534+12|projected_semimajor_axis (3.7294636) is NOT replaced and readers that take the first matching row are unaffected. Do not mix parameters from different solutions inside one orbital element set. sigma_primary=unverified; intake 2026-09-14. orig 3.7294636(6) s; kind=ephemeris-fit; solution=DD (TEMPO); epoch=T0 52076.827113263 MJD; spin/parameter epoch=52077 MJD; timescale=not published; Solar System ephemeris=DE421; observation span=1990-2012 (22 yr; Table 1); reference frame=J2000 astrometry",6e-7,SOL-2823110d,
PSR B1534+12,longitude_of_periastron,283.306012,deg,"Fonseca, Stairs & Thorsett 2014, ApJ 787, 82, Table 3 DD column",https://doi.org/10.1088/0004-637X/787/1/82,2026-09-14,"intake_row=2026-09-14. Observation record provided by the original hypothesis author (2026-09-14 intake). solution=Fonseca2014-DD. Solution-tagged row: one complete parameter set from a single published timing solution, placed BESIDE the adopted record - no earlier row exists for PSR B1534+12|longitude_of_periastron, so this row is the first one; it is a solution-tagged record, not a builder input. Do not mix parameters from different solutions inside one orbital element set. sigma_primary=unverified; intake 2026-09-14. orig 283.306012(12) deg at T0; kind=ephemeris-fit; solution=DD (TEMPO); epoch=T0 52076.827113263 MJD; spin/parameter epoch=52077 MJD; timescale=not published; Solar System ephemeris=DE421; observation span=1990-2012 (22 yr; Table 1); reference frame=J2000 astrometry",0.000012,SOL-93e89477,
PSR B1534+12,epoch_of_periastron,52076.827113263,MJD,"Fonseca, Stairs & Thorsett 2014, ApJ 787, 82, Table 3 DD column",https://doi.org/10.1088/0004-637X/787/1/82,2026-09-14,"intake_row=2026-09-14. Observation record provided by the original hypothesis author (2026-09-14 intake). solution=Fonseca2014-DD. Solution-tagged row: one complete parameter set from a single published timing solution, placed BESIDE the adopted record - no earlier row exists for PSR B1534+12|epoch_of_periastron, so this row is the first one; it is a solution-tagged record, not a builder input. Do not mix parameters from different solutions inside one orbital element set. sigma_primary=unverified; intake 2026-09-14. orig 52076.827113263(11) MJD; kind=ephemeris-fit; solution=DD (TEMPO); epoch=T0 52076.827113263 MJD; spin/parameter epoch=52077 MJD; timescale=not published; Solar System ephemeris=DE421; observation span=1990-2012 (22 yr; Table 1); reference frame=J2000 astrometry",1.1e-8,SOL-5a049ca2,
PSR B1534+12,einstein_delay,0.0020708,s,"Fonseca, Stairs & Thorsett 2014, ApJ 787, 82, Table 3 DD column",https://doi.org/10.1088/0004-637X/787/1/82,2026-09-14,"intake_row=2026-09-14. Observation record provided by the original hypothesis author (2026-09-14 intake). solution=Fonseca2014-DD. Solution-tagged row: one complete parameter set from a single published timing solution, placed BESIDE the adopted record - no earlier row exists for PSR B1534+12|einstein_delay, so this row is the first one; it is a solution-tagged record, not a builder input. Do not mix parameters from different solutions inside one orbital element set. sigma_primary=unverified; intake 2026-09-14. orig gamma=2.0708(5) ms; kind=ephemeris-fit; solution=DD (TEMPO); epoch=T0 52076.827113263 MJD; spin/parameter epoch=52077 MJD; timescale=not published; Solar System ephemeris=DE421; observation span=1990-2012 (22 yr; Table 1); reference frame=J2000 astrometry",5e-7,SOL-7011729e,
PSR B1534+12,shapiro_s,0.9772,1,"Fonseca, Stairs & Thorsett 2014, ApJ 787, 82, Table 3 DD column",https://doi.org/10.1088/0004-637X/787/1/82,2026-09-14,"intake_row=2026-09-14. Observation record provided by the original hypothesis author (2026-09-14 intake). solution=Fonseca2014-DD. Solution-tagged row: one complete parameter set from a single published timing solution, placed BESIDE the adopted record - no earlier row exists for PSR B1534+12|shapiro_s, so this row is the first one; it is a solution-tagged record, not a builder input. Do not mix parameters from different solutions inside one orbital element set. sigma_primary=unverified; intake 2026-09-14. orig s=0.9772(16); kind=ephemeris-fit; solution=DD (TEMPO); epoch=T0 52076.827113263 MJD; spin/parameter epoch=52077 MJD; timescale=not published; Solar System ephemeris=DE421; observation span=1990-2012 (22 yr; Table 1); reference frame=J2000 astrometry",0.0016,SOL-0a2a4195,
PSR B1534+12,shapiro_r,6.6e-6,s,"Fonseca, Stairs & Thorsett 2014, ApJ 787, 82, Table 3 DD column",https://doi.org/10.1088/0004-637X/787/1/82,2026-09-14,"intake_row=2026-09-14. Observation record provided by the original hypothesis author (2026-09-14 intake). solution=Fonseca2014-DD. Solution-tagged row: one complete parameter set from a single published timing solution, placed BESIDE the adopted record - no earlier row exists for PSR B1534+12|shapiro_r, so this row is the first one; it is a solution-tagged record, not a builder input. Do not mix parameters from different solutions inside one orbital element set. sigma_primary=unverified; intake 2026-09-14. orig r=6.6(2) microseconds; kind=ephemeris-fit; solution=DD (TEMPO); epoch=T0 52076.827113263 MJD; spin/parameter epoch=52077 MJD; timescale=not published; Solar System ephemeris=DE421; observation span=1990-2012 (22 yr; Table 1); reference frame=J2000 astrometry",2e-7,SOL-6ae016bc,
PSR B1534+12 companion,mass,2.684353325442369e+30,kg,"Fonseca, Stairs & Thorsett 2014, ApJ 787, 82, Table 3 DD column",https://doi.org/10.1088/0004-637X/787/1/82,2026-09-14,"intake_row=2026-09-14. Observation record provided by the original hypothesis author (2026-09-14 intake). solution=Fonseca2014-DD. Solution-tagged row: one complete parameter set from a single published timing solution, placed BESIDE the adopted record - the adopted first row for PSR B1534+12 companion|mass (2.67552675e30) is NOT replaced and readers that take the first matching row are unaffected. Do not mix parameters from different solutions inside one orbital element set. sigma_primary=unverified; intake 2026-09-14. orig 1.35(5) M_sun; kg conversion uses nominal GM_sun=1.3271244e20 m^3/s^2 (IAU 2015 Resolution B3) and G=6.67430e-11 m^3 kg^-1 s^-2 (CODATA); tabulated timing uncertainty only was scaled (G uncertainty not folded into sigma); component=m2; inferred from Shapiro r; kind=model-derived; solution=DD (TEMPO); epoch=T0 52076.827113263 MJD; spin/parameter epoch=52077 MJD; timescale=not published; Solar System ephemeris=DE421; observation span=1990-2012 (22 yr; Table 1); reference frame=J2000 astrometry",9.9420493535e+28,SOL-18cbf976,
PSR B1534+12,orbital_period,36351.702623318400,s,"Fonseca, Stairs & Thorsett 2014, ApJ 787, 82, Table 3 DDGR column",https://doi.org/10.1088/0004-637X/787/1/82,2026-09-14,"intake_row=2026-09-14. Observation record provided by the original hypothesis author (2026-09-14 intake). solution=Fonseca2014-DDGR. Solution-tagged row: one complete parameter set from a single published timing solution, placed BESIDE the adopted record - the adopted first row for PSR B1534+12|orbital_period (36351.702644140794) is NOT replaced and readers that take the first matching row are unaffected. Do not mix parameters from different solutions inside one orbital element set. sigma_primary=verified; intake 2026-09-14. orig 0.420737298881(2) d; kind=ephemeris-fit; solution=DDGR (TEMPO; assumes GR); epoch=T0 52076.827113271 MJD; spin/parameter epoch=52077 MJD; timescale=not published; Solar System ephemeris=DE421; observation span=1990-2012 (22 yr; Table 1); reference frame=J2000 astrometry; verified_by=原仮定者 2026-09-16; verified_at=Table 3 Orbital period Pb DDGR Model column; verified_value=0.420737298881(2) d; value_confirmed=2026-09-16 (the original hypothesis author checked the cited table and column and the printed digits of this row against the confirmation record)",1.728e-7,SOL-9a098c54,Fonseca2014-DDGR
PSR B1534+12,orbital_period_derivative,-1.9244e-13,1,"Fonseca, Stairs & Thorsett 2014, ApJ 787, 82, Table 3 DDGR column",https://doi.org/10.1088/0004-637X/787/1/82,2026-09-14,"intake_row=2026-09-14. Observation record provided by the original hypothesis author (2026-09-14 intake). solution=Fonseca2014-DDGR. Solution-tagged row: one complete parameter set from a single published timing solution, placed BESIDE the adopted record - no earlier row exists for PSR B1534+12|orbital_period_derivative, so this row is the first one; it is a solution-tagged record, not a builder input. Do not mix parameters from different solutions inside one orbital element set. sigma_primary=unverified; intake 2026-09-14. orig -0.19244e-12; DDGR-derived quantity, not an observed Pbdot; kind=model-derived; no uncertainty published; solution=DDGR (TEMPO; assumes GR); epoch=T0 52076.827113271 MJD; spin/parameter epoch=52077 MJD; timescale=not published; Solar System ephemeris=DE421; observation span=1990-2012 (22 yr; Table 1); reference frame=J2000 astrometry",,SOL-7591445e,Fonseca2014-DDGR
PSR B1534+12,eccentricity,0.27367740,1,"Fonseca, Stairs & Thorsett 2014, ApJ 787, 82, Table 3 DDGR column",https://doi.org/10.1088/0004-637X/787/1/82,2026-09-14,"intake_row=2026-09-14. Observation record provided by the original hypothesis author (2026-09-14 intake). solution=Fonseca2014-DDGR. Solution-tagged row: one complete parameter set from a single published timing solution, placed BESIDE the adopted record - the adopted first row for PSR B1534+12|eccentricity (0.2736775) is NOT replaced and readers that take the first matching row are unaffected. Do not mix parameters from different solutions inside one orbital element set. sigma_primary=verified; intake 2026-09-14. orig 0.27367740(4); DDGR eccentricity; kind=ephemeris-fit; solution=DDGR (TEMPO; assumes GR); epoch=T0 52076.827113271 MJD; spin/parameter epoch=52077 MJD; timescale=not published; Solar System ephemeris=DE421; observation span=1990-2012 (22 yr; Table 1); reference frame=J2000 astrometry; verified_by=原仮定者 2026-09-16; verified_at=Table 3 Eccentricity e DDGR Model column; verified_value=0.27367740(4); value_confirmed=2026-09-16 (the original hypothesis author checked the cited table and column and the printed digits of this row against the confirmation record)",4e-8,SOL-437b2220,Fonseca2014-DDGR
PSR B1534+12,periastron_advance,1.755795,deg/yr,"Fonseca, Stairs & Thorsett 2014, ApJ 787, 82, Table 3 DDGR column",https://doi.org/10.1088/0004-637X/787/1/82,2026-09-14,"intake_row=2026-09-14. Observation record provided by the original hypothesis author (2026-09-14 intake). solution=Fonseca2014-DDGR. Solution-tagged row: one complete parameter set from a single published timing solution, placed BESIDE the adopted record - the adopted first row for PSR B1534+12|periastron_advance (1.755789) is NOT replaced and readers that take the first matching row are unaffected. Do not mix parameters from different solutions inside one orbital element set. sigma_primary=unverified; intake 2026-09-14. orig 1.755795 deg/yr; DDGR-derived quantity; kind=model-derived; no uncertainty published; solution=DDGR (TEMPO; assumes GR); epoch=T0 52076.827113271 MJD; spin/parameter epoch=52077 MJD; timescale=not published; Solar System ephemeris=DE421; observation span=1990-2012 (22 yr; Table 1); reference frame=J2000 astrometry",,SOL-adb67dcf,Fonseca2014-DDGR
PSR B1534+12,projected_semimajor_axis,3.72946417,s,"Fonseca, Stairs & Thorsett 2014, ApJ 787, 82, Table 3 DDGR column",https://doi.org/10.1088/0004-637X/787/1/82,2026-09-14,"intake_row=2026-09-14. Observation record provided by the original hypothesis author (2026-09-14 intake). solution=Fonseca2014-DDGR. Solution-tagged row: one complete parameter set from a single published timing solution, placed BESIDE the adopted record - the adopted first row for PSR B1534+12|projected_semimajor_axis (3.7294636) is NOT replaced and readers that take the first matching row are unaffected. Do not mix parameters from different solutions inside one orbital element set. sigma_primary=unverified; intake 2026-09-14. orig 3.72946417(13) s; kind=ephemeris-fit; solution=DDGR (TEMPO; assumes GR); epoch=T0 52076.827113271 MJD; spin/parameter epoch=52077 MJD; timescale=not published; Solar System ephemeris=DE421; observation span=1990-2012 (22 yr; Table 1); reference frame=J2000 astrometry",1.3e-7,SOL-7b38e955,Fonseca2014-DDGR
PSR B1534+12,longitude_of_periastron,283.306029,deg,"Fonseca, Stairs & Thorsett 2014, ApJ 787, 82, Table 3 DDGR column",https://doi.org/10.1088/0004-637X/787/1/82,2026-09-14,"intake_row=2026-09-14. Observation record provided by the original hypothesis author (2026-09-14 intake). solution=Fonseca2014-DDGR. Solution-tagged row: one complete parameter set from a single published timing solution, placed BESIDE the adopted record - no earlier row exists for PSR B1534+12|longitude_of_periastron, so this row is the first one; it is a solution-tagged record, not a builder input. Do not mix parameters from different solutions inside one orbital element set. sigma_primary=unverified; intake 2026-09-14. orig 283.306029(10) deg at T0; kind=ephemeris-fit; solution=DDGR (TEMPO; assumes GR); epoch=T0 52076.827113271 MJD; spin/parameter epoch=52077 MJD; timescale=not published; Solar System ephemeris=DE421; observation span=1990-2012 (22 yr; Table 1); reference frame=J2000 astrometry",0.000010,SOL-97434e2a,Fonseca2014-DDGR
PSR B1534+12,epoch_of_periastron,52076.827113271,MJD,"Fonseca, Stairs & Thorsett 2014, ApJ 787, 82, Table 3 DDGR column",https://doi.org/10.1088/0004-637X/787/1/82,2026-09-14,"intake_row=2026-09-14. Observation record provided by the original hypothesis author (2026-09-14 intake). solution=Fonseca2014-DDGR. Solution-tagged row: one complete parameter set from a single published timing solution, placed BESIDE the adopted record - no earlier row exists for PSR B1534+12|epoch_of_periastron, so this row is the first one; it is a solution-tagged record, not a builder input. Do not mix parameters from different solutions inside one orbital element set. sigma_primary=unverified; intake 2026-09-14. orig 52076.827113271(9) MJD; kind=ephemeris-fit; solution=DDGR (TEMPO; assumes GR); epoch=T0 52076.827113271 MJD; spin/parameter epoch=52077 MJD; timescale=not published; Solar System ephemeris=DE421; observation span=1990-2012 (22 yr; Table 1); reference frame=J2000 astrometry",9e-9,SOL-b897358e,Fonseca2014-DDGR
PSR B1534+12,einstein_delay,0.0020701,s,"Fonseca, Stairs & Thorsett 2014, ApJ 787, 82, Table 3 DDGR column",https://doi.org/10.1088/0004-637X/787/1/82,2026-09-14,"intake_row=2026-09-14. Observation record provided by the original hypothesis author (2026-09-14 intake). solution=Fonseca2014-DDGR. Solution-tagged row: one complete parameter set from a single published timing solution, placed BESIDE the adopted record - no earlier row exists for PSR B1534+12|einstein_delay, so this row is the first one; it is a solution-tagged record, not a builder input. Do not mix parameters from different solutions inside one orbital element set. sigma_primary=unverified; intake 2026-09-14. orig gamma=2.0701 ms; DDGR-derived quantity; kind=model-derived; no uncertainty published; solution=DDGR (TEMPO; assumes GR); epoch=T0 52076.827113271 MJD; spin/parameter epoch=52077 MJD; timescale=not published; Solar System ephemeris=DE421; observation span=1990-2012 (22 yr; Table 1); reference frame=J2000 astrometry",,SOL-5576579e,Fonseca2014-DDGR
PSR B1534+12,shapiro_s,0.97496,1,"Fonseca, Stairs & Thorsett 2014, ApJ 787, 82, Table 3 DDGR column",https://doi.org/10.1088/0004-637X/787/1/82,2026-09-14,"intake_row=2026-09-14. Observation record provided by the original hypothesis author (2026-09-14 intake). solution=Fonseca2014-DDGR. Solution-tagged row: one complete parameter set from a single published timing solution, placed BESIDE the adopted record - no earlier row exists for PSR B1534+12|shapiro_s, so this row is the first one; it is a solution-tagged record, not a builder input. Do not mix parameters from different solutions inside one orbital element set. sigma_primary=unverified; intake 2026-09-14. orig s=0.97496; DDGR-derived quantity; kind=model-derived; no uncertainty published; solution=DDGR (TEMPO; assumes GR); epoch=T0 52076.827113271 MJD; spin/parameter epoch=52077 MJD; timescale=not published; Solar System ephemeris=DE421; observation span=1990-2012 (22 yr; Table 1); reference frame=J2000 astrometry",,SOL-3cc153db,Fonseca2014-DDGR
PSR B1534+12,shapiro_r,6.627e-6,s,"Fonseca, Stairs & Thorsett 2014, ApJ 787, 82, Table 3 DDGR column",https://doi.org/10.1088/0004-637X/787/1/82,2026-09-14,"intake_row=2026-09-14. Observation record provided by the original hypothesis author (2026-09-14 intake). solution=Fonseca2014-DDGR. Solution-tagged row: one complete parameter set from a single published timing solution, placed BESIDE the adopted record - no earlier row exists for PSR B1534+12|shapiro_r, so this row is the first one; it is a solution-tagged record, not a builder input. Do not mix parameters from different solutions inside one orbital element set. sigma_primary=unverified; intake 2026-09-14. orig r=6.627 microseconds; DDGR-derived quantity; kind=model-derived; no uncertainty published; solution=DDGR (TEMPO; assumes GR); epoch=T0 52076.827113271 MJD; spin/parameter epoch=52077 MJD; timescale=not published; Solar System ephemeris=DE421; observation span=1990-2012 (22 yr; Table 1); reference frame=J2000 astrometry",,SOL-1b3ffcd3,Fonseca2014-DDGR
PSR B1534+12,mass,2.650550357640502e+30,kg,"Fonseca, Stairs & Thorsett 2014, ApJ 787, 82, Table 3 DDGR column",https://doi.org/10.1088/0004-637X/787/1/82,2026-09-14,"intake_row=2026-09-14. Observation record provided by the original hypothesis author (2026-09-14 intake). solution=Fonseca2014-DDGR. Solution-tagged row: one complete parameter set from a single published timing solution, placed BESIDE the adopted record - the adopted first row for PSR B1534+12|mass (2.6506705e30) is NOT replaced and readers that take the first matching row are unaffected. Do not mix parameters from different solutions inside one orbital element set. sigma_primary=unverified; intake 2026-09-14. orig 1.3330(2) M_sun; kg conversion uses nominal GM_sun=1.3271244e20 m^3/s^2 (IAU 2015 Resolution B3) and G=6.67430e-11 m^3 kg^-1 s^-2 (CODATA); tabulated timing uncertainty only was scaled (G uncertainty not folded into sigma); component=m1; DDGR-derived; kind=model-derived; solution=DDGR (TEMPO; assumes GR); epoch=T0 52076.827113271 MJD; spin/parameter epoch=52077 MJD; timescale=not published; Solar System ephemeris=DE421; observation span=1990-2012 (22 yr; Table 1); reference frame=J2000 astrometry",3.9768197414e+26,SOL-f72b6750,Fonseca2014-DDGR
PSR B1534+12 companion,mass,2.675405481024227e+30,kg,"Fonseca, Stairs & Thorsett 2014, ApJ 787, 82, Table 3 DDGR column",https://doi.org/10.1088/0004-637X/787/1/82,2026-09-14,"intake_row=2026-09-14. Observation record provided by the original hypothesis author (2026-09-14 intake). solution=Fonseca2014-DDGR. Solution-tagged row: one complete parameter set from a single published timing solution, placed BESIDE the adopted record - the adopted first row for PSR B1534+12 companion|mass (2.67552675e30) is NOT replaced and readers that take the first matching row are unaffected. Do not mix parameters from different solutions inside one orbital element set. sigma_primary=unverified; intake 2026-09-14. orig 1.3455(2) M_sun; kg conversion uses nominal GM_sun=1.3271244e20 m^3/s^2 (IAU 2015 Resolution B3) and G=6.67430e-11 m^3 kg^-1 s^-2 (CODATA); tabulated timing uncertainty only was scaled (G uncertainty not folded into sigma); component=m2; DDGR fitted mass; kind=model-derived; solution=DDGR (TEMPO; assumes GR); epoch=T0 52076.827113271 MJD; spin/parameter epoch=52077 MJD; timescale=not published; Solar System ephemeris=DE421; observation span=1990-2012 (22 yr; Table 1); reference frame=J2000 astrometry",3.9768197414e+26,SOL-3290abe7,Fonseca2014-DDGR
PSR B1534+12,total_mass,5.325882267499513e+30,kg,"Fonseca, Stairs & Thorsett 2014, ApJ 787, 82, Table 3 DDGR column",https://doi.org/10.1088/0004-637X/787/1/82,2026-09-14,"intake_row=2026-09-14. Observation record provided by the original hypothesis author (2026-09-14 intake). solution=Fonseca2014-DDGR. Solution-tagged row: one complete parameter set from a single published timing solution, placed BESIDE the adopted record - the adopted first row for PSR B1534+12|total_mass (5.3260836e30) is NOT replaced and readers that take the first matching row are unaffected. Do not mix parameters from different solutions inside one orbital element set. sigma_primary=unverified; intake 2026-09-14. orig 2.678463(4) M_sun; kg conversion uses nominal GM_sun=1.3271244e20 m^3/s^2 (IAU 2015 Resolution B3) and G=6.67430e-11 m^3 kg^-1 s^-2 (CODATA); tabulated timing uncertainty only was scaled (G uncertainty not folded into sigma); DDGR fitted/derived mass; kind=model-derived; solution=DDGR (TEMPO; assumes GR); epoch=T0 52076.827113271 MJD; spin/parameter epoch=52077 MJD; timescale=not published; Solar System ephemeris=DE421; observation span=1990-2012 (22 yr; Table 1); reference frame=J2000 astrometry",7.9536394828e+24,SOL-a2cc3fd4,Fonseca2014-DDGR
PSR J1757-1854,orbital_period,15857.66901916800,s,"Cameron et al. 2018, MNRAS 475, L57-L61, Table 2",https://doi.org/10.1093/mnrasl/sly003,2026-09-14,"intake_row=2026-09-14. Observation record provided by the original hypothesis author (2026-09-14 intake). solution=Cameron2018-DDH. Solution-tagged row: one complete parameter set from a single published timing solution, placed BESIDE the adopted record - the adopted first row for PSR J1757-1854|orbital_period (15857.669019168) is NOT replaced and readers that take the first matching row are unaffected. Do not mix parameters from different solutions inside one orbital element set. sigma_primary=verified; intake 2026-09-14. orig 0.18353783587(5) d; kind=ephemeris-fit; solution=DDH (TEMPO2); mass rows use the same-paper DDGR mass fit flagged in Table 2; epoch=T0 57700.92599420 MJD; spin epoch=57701 MJD; timescale=TCB; Solar System ephemeris=DE421; observation span=57405-57998 MJD; reference frame=J2000 astrometry; confirmation_2=not-found-by-author 2026-09-16 (Cameron et al. 2018 Table 2 Pb (parallel row): the original hypothesis author could not find the printed record for this row in the second confirmation record; the mark on this row is NOT changed); verified_by=原仮定者 2026-09-18; verified_at=Cameron 2018 MNRAS Letters 475 L57 Table 2; verified_value=Pb = 0.18353783587(5) d; confirmation_round=4 (the fourth confirmation record (2026-09-18): the original hypothesis author read the printed table itself. The value, the unit, the source label and the sigma column of this row are unchanged - what is added here are the X7 confirmer fields and this round tag); previous_mark=unverified (this parallel row transcribes the same Cameron et al. 2018 Table 2 that the fourth confirmation record covers, so its mark goes unverified -> verified. Only the mark and these confirmer fields move: the value, the unit, the source label and the sigma column are unchanged)",4.32e-6,SOL-7f931145,
PSR J1757-1854,orbital_period_derivative,-5.3e-12,1,"Cameron et al. 2018, MNRAS 475, L57-L61, Table 2",https://doi.org/10.1093/mnrasl/sly003,2026-09-14,"intake_row=2026-09-14. Observation record provided by the original hypothesis author (2026-09-14 intake). solution=Cameron2018-DDH. Solution-tagged row: one complete parameter set from a single published timing solution, placed BESIDE the adopted record - the adopted first row for PSR J1757-1854|orbital_period_derivative (-5.3e-12) is NOT replaced and readers that take the first matching row are unaffected. Do not mix parameters from different solutions inside one orbital element set. sigma_primary=unverified; intake 2026-09-14. orig -5.3(2)e-12; observed timing parameter; kind=ephemeris-fit; solution=DDH (TEMPO2); mass rows use the same-paper DDGR mass fit flagged in Table 2; epoch=T0 57700.92599420 MJD; spin epoch=57701 MJD; timescale=TCB; Solar System ephemeris=DE421; observation span=57405-57998 MJD; reference frame=J2000 astrometry",2e-13,SOL-ad074b86,
PSR J1757-1854,eccentricity,0.6058142,1,"Cameron et al. 2018, MNRAS 475, L57-L61, Table 2",https://doi.org/10.1093/mnrasl/sly003,2026-09-14,"intake_row=2026-09-14. Observation record provided by the original hypothesis author (2026-09-14 intake). solution=Cameron2018-DDH. Solution-tagged row: one complete parameter set from a single published timing solution, placed BESIDE the adopted record - the adopted first row for PSR J1757-1854|eccentricity (0.6058142) is NOT replaced and readers that take the first matching row are unaffected. Do not mix parameters from different solutions inside one orbital element set. sigma_primary=verified; intake 2026-09-14. orig 0.6058142(10); kind=ephemeris-fit; solution=DDH (TEMPO2); mass rows use the same-paper DDGR mass fit flagged in Table 2; epoch=T0 57700.92599420 MJD; spin epoch=57701 MJD; timescale=TCB; Solar System ephemeris=DE421; observation span=57405-57998 MJD; reference frame=J2000 astrometry; confirmation_2=not-found-by-author 2026-09-16 (Cameron et al. 2018 Table 2 e (parallel row): the original hypothesis author could not find the printed record for this row in the second confirmation record; the mark on this row is NOT changed); verified_by=原仮定者 2026-09-18; verified_at=Cameron 2018 MNRAS Letters 475 L57 Table 2; verified_value=e = 0.6058142(10); confirmation_round=4 (the fourth confirmation record (2026-09-18): the original hypothesis author read the printed table itself. The value, the unit, the source label and the sigma column of this row are unchanged - what is added here are the X7 confirmer fields and this round tag); previous_mark=unverified (this parallel row transcribes the same Cameron et al. 2018 Table 2 that the fourth confirmation record covers, so its mark goes unverified -> verified. Only the mark and these confirmer fields move: the value, the unit, the source label and the sigma column are unchanged)",1.0e-6,SOL-4683b411,
PSR J1757-1854,periastron_advance,10.3651,deg/yr,"Cameron et al. 2018, MNRAS 475, L57-L61, Table 2",https://doi.org/10.1093/mnrasl/sly003,2026-09-14,"intake_row=2026-09-14. Observation record provided by the original hypothesis author (2026-09-14 intake). solution=Cameron2018-DDH. Solution-tagged row: one complete parameter set from a single published timing solution, placed BESIDE the adopted record - the adopted first row for PSR J1757-1854|periastron_advance (10.3651) is NOT replaced and readers that take the first matching row are unaffected. Do not mix parameters from different solutions inside one orbital element set. sigma_primary=verified; intake 2026-09-14. orig 10.3651(2) deg/yr; kind=ephemeris-fit; solution=DDH (TEMPO2); mass rows use the same-paper DDGR mass fit flagged in Table 2; epoch=T0 57700.92599420 MJD; spin epoch=57701 MJD; timescale=TCB; Solar System ephemeris=DE421; observation span=57405-57998 MJD; reference frame=J2000 astrometry; confirmation_2=not-found-by-author 2026-09-16 (Cameron et al. 2018 Table 2 omega_dot (parallel row): the original hypothesis author could not find the printed record for this row in the second confirmation record; the mark on this row is NOT changed); verified_by=原仮定者 2026-09-18; verified_at=Cameron 2018 MNRAS Letters 475 L57 Table 2; verified_value=omega_dot = 10.3651(2) deg/yr; confirmation_round=4 (the fourth confirmation record (2026-09-18): the original hypothesis author read the printed table itself. The value, the unit, the source label and the sigma column of this row are unchanged - what is added here are the X7 confirmer fields and this round tag); previous_mark=unverified (this parallel row transcribes the same Cameron et al. 2018 Table 2 that the fourth confirmation record covers, so its mark goes unverified -> verified. Only the mark and these confirmer fields move: the value, the unit, the source label and the sigma column are unchanged)",0.0002,SOL-0372e267,
PSR J1757-1854,projected_semimajor_axis,2.237805,s,"Cameron et al. 2018, MNRAS 475, L57-L61, Table 2",https://doi.org/10.1093/mnrasl/sly003,2026-09-14,"intake_row=2026-09-14. Observation record provided by the original hypothesis author (2026-09-14 intake). solution=Cameron2018-DDH. Solution-tagged row: one complete parameter set from a single published timing solution, placed BESIDE the adopted record - no earlier row exists for PSR J1757-1854|projected_semimajor_axis, so this row is the first one; it is a solution-tagged record, not a builder input. Do not mix parameters from different solutions inside one orbital element set. sigma_primary=unverified; intake 2026-09-14. orig 2.237805(5) lt-s; kind=ephemeris-fit; solution=DDH (TEMPO2); mass rows use the same-paper DDGR mass fit flagged in Table 2; epoch=T0 57700.92599420 MJD; spin epoch=57701 MJD; timescale=TCB; Solar System ephemeris=DE421; observation span=57405-57998 MJD; reference frame=J2000 astrometry",5e-6,SOL-40cf1ccd,
PSR J1757-1854,longitude_of_periastron,279.3409,deg,"Cameron et al. 2018, MNRAS 475, L57-L61, Table 2",https://doi.org/10.1093/mnrasl/sly003,2026-09-14,"intake_row=2026-09-14. Observation record provided by the original hypothesis author (2026-09-14 intake). solution=Cameron2018-DDH. Solution-tagged row: one complete parameter set from a single published timing solution, placed BESIDE the adopted record - no earlier row exists for PSR J1757-1854|longitude_of_periastron, so this row is the first one; it is a solution-tagged record, not a builder input. Do not mix parameters from different solutions inside one orbital element set. sigma_primary=unverified; intake 2026-09-14. orig 279.3409(4) deg at T0; kind=ephemeris-fit; solution=DDH (TEMPO2); mass rows use the same-paper DDGR mass fit flagged in Table 2; epoch=T0 57700.92599420 MJD; spin epoch=57701 MJD; timescale=TCB; Solar System ephemeris=DE421; observation span=57405-57998 MJD; reference frame=J2000 astrometry",0.0004,SOL-d810be45,
PSR J1757-1854,epoch_of_periastron,57700.92599420,MJD,"Cameron et al. 2018, MNRAS 475, L57-L61, Table 2",https://doi.org/10.1093/mnrasl/sly003,2026-09-14,"intake_row=2026-09-14. Observation record provided by the original hypothesis author (2026-09-14 intake). solution=Cameron2018-DDH. Solution-tagged row: one complete parameter set from a single published timing solution, placed BESIDE the adopted record - no earlier row exists for PSR J1757-1854|epoch_of_periastron, so this row is the first one; it is a solution-tagged record, not a builder input. Do not mix parameters from different solutions inside one orbital element set. sigma_primary=unverified; intake 2026-09-14. orig 57700.92599420(5) MJD; kind=ephemeris-fit; solution=DDH (TEMPO2); mass rows use the same-paper DDGR mass fit flagged in Table 2; epoch=T0 57700.92599420 MJD; spin epoch=57701 MJD; timescale=TCB; Solar System ephemeris=DE421; observation span=57405-57998 MJD; reference frame=J2000 astrometry",5e-8,SOL-b10f2b23,
PSR J1757-1854,einstein_delay,0.003587,s,"Cameron et al. 2018, MNRAS 475, L57-L61, Table 2",https://doi.org/10.1093/mnrasl/sly003,2026-09-14,"intake_row=2026-09-14. Observation record provided by the original hypothesis author (2026-09-14 intake). solution=Cameron2018-DDH. Solution-tagged row: one complete parameter set from a single published timing solution, placed BESIDE the adopted record - no earlier row exists for PSR J1757-1854|einstein_delay, so this row is the first one; it is a solution-tagged record, not a builder input. Do not mix parameters from different solutions inside one orbital element set. sigma_primary=unverified; intake 2026-09-14. orig gamma=3.587(12) ms; kind=ephemeris-fit; solution=DDH (TEMPO2); mass rows use the same-paper DDGR mass fit flagged in Table 2; epoch=T0 57700.92599420 MJD; spin epoch=57701 MJD; timescale=TCB; Solar System ephemeris=DE421; observation span=57405-57998 MJD; reference frame=J2000 astrometry",1.2e-5,SOL-583052ff,
PSR J1757-1854,mass,2.661287770942271e+30,kg,"Cameron et al. 2018, MNRAS 475, L57-L61, Table 2",https://doi.org/10.1093/mnrasl/sly003,2026-09-14,"intake_row=2026-09-14. Observation record provided by the original hypothesis author (2026-09-14 intake). solution=Cameron2018-DDH. Solution-tagged row: one complete parameter set from a single published timing solution, placed BESIDE the adopted record - the adopted first row for PSR J1757-1854|mass (2.6614084e30) is NOT replaced and readers that take the first matching row are unaffected. Do not mix parameters from different solutions inside one orbital element set. sigma_primary=unverified; intake 2026-09-14. orig 1.3384(9) M_sun; kg conversion uses nominal GM_sun=1.3271244e20 m^3/s^2 (IAU 2015 Resolution B3) and G=6.67430e-11 m^3 kg^-1 s^-2 (CODATA); tabulated timing uncertainty only was scaled (G uncertainty not folded into sigma); component=mp; same-paper DDGR mass inference; kind=model-derived; solution=DDH (TEMPO2); mass rows use the same-paper DDGR mass fit flagged in Table 2; epoch=T0 57700.92599420 MJD; spin epoch=57701 MJD; timescale=TCB; Solar System ephemeris=DE421; observation span=57405-57998 MJD; reference frame=J2000 astrometry",1.7895688836e+27,SOL-426f8c8d,
PSR J1757-1854 companion,mass,2.773036405675502e+30,kg,"Cameron et al. 2018, MNRAS 475, L57-L61, Table 2",https://doi.org/10.1093/mnrasl/sly003,2026-09-14,"intake_row=2026-09-14. Observation record provided by the original hypothesis author (2026-09-14 intake). solution=Cameron2018-DDH. Solution-tagged row: one complete parameter set from a single published timing solution, placed BESIDE the adopted record - the adopted first row for PSR J1757-1854 companion|mass (2.7731621e30) is NOT replaced and readers that take the first matching row are unaffected. Do not mix parameters from different solutions inside one orbital element set. sigma_primary=unverified; intake 2026-09-14. orig 1.3946(9) M_sun; kg conversion uses nominal GM_sun=1.3271244e20 m^3/s^2 (IAU 2015 Resolution B3) and G=6.67430e-11 m^3 kg^-1 s^-2 (CODATA); tabulated timing uncertainty only was scaled (G uncertainty not folded into sigma); component=mc; same-paper DDGR mass inference; kind=model-derived; solution=DDH (TEMPO2); mass rows use the same-paper DDGR mass fit flagged in Table 2; epoch=T0 57700.92599420 MJD; spin epoch=57701 MJD; timescale=TCB; Solar System ephemeris=DE421; observation span=57405-57998 MJD; reference frame=J2000 astrometry",1.7895688836e+27,SOL-0127593e,
PSR J1757-1854,total_mass,5.434224756124238e+30,kg,"Cameron et al. 2018, MNRAS 475, L57-L61, Table 2",https://doi.org/10.1093/mnrasl/sly003,2026-09-14,"intake_row=2026-09-14. Observation record provided by the original hypothesis author (2026-09-14 intake). solution=Cameron2018-DDH. Solution-tagged row: one complete parameter set from a single published timing solution, placed BESIDE the adopted record - no earlier row exists for PSR J1757-1854|total_mass, so this row is the first one; it is a solution-tagged record, not a builder input. Do not mix parameters from different solutions inside one orbital element set. sigma_primary=unverified; intake 2026-09-14. orig 2.73295(9) M_sun; kg conversion uses nominal GM_sun=1.3271244e20 m^3/s^2 (IAU 2015 Resolution B3) and G=6.67430e-11 m^3 kg^-1 s^-2 (CODATA); tabulated timing uncertainty only was scaled (G uncertainty not folded into sigma); same-paper DDGR mass inference; kind=model-derived; solution=DDH (TEMPO2); mass rows use the same-paper DDGR mass fit flagged in Table 2; epoch=T0 57700.92599420 MJD; spin epoch=57701 MJD; timescale=TCB; Solar System ephemeris=DE421; observation span=57405-57998 MJD; reference frame=J2000 astrometry",1.7895688836e+26,SOL-3db3a97c,
PSR J1757-1854,rotation_period,0.021497231890027,s,"Cameron et al. 2018, MNRAS 475, L57-L61, Table 2",https://doi.org/10.1093/mnrasl/sly003,2026-09-14,"intake_row=2026-09-14. Observation record provided by the original hypothesis author (2026-09-14 intake). solution=Cameron2018-DDH. Solution-tagged row: one complete parameter set from a single published timing solution, placed BESIDE the adopted record - the adopted first row for PSR J1757-1854|rotation_period (2.14972318900292e-2) is NOT replaced and readers that take the first matching row are unaffected. Do not mix parameters from different solutions inside one orbital element set. sigma_primary=unverified; intake 2026-09-14. orig 21.497231890027(7) ms; kind=ephemeris-fit; solution=DDH (TEMPO2); mass rows use the same-paper DDGR mass fit flagged in Table 2; epoch=T0 57700.92599420 MJD; spin epoch=57701 MJD; timescale=TCB; Solar System ephemeris=DE421; observation span=57405-57998 MJD; reference frame=J2000 astrometry",7e-15,SOL-8e27f345,
PSR J1757-1854,inclination,84.0 or 96.0,deg,"Cameron et al. 2018, MNRAS 475, L57-L61, Table 2",https://doi.org/10.1093/mnrasl/sly003,2026-09-14,"intake_row=2026-09-14. Observation record provided by the original hypothesis author (2026-09-14 intake). solution=Cameron2018-DDH. Solution-tagged row: one complete parameter set from a single published timing solution, placed BESIDE the adopted record - no earlier row exists for PSR J1757-1854|inclination, so this row is the first one; it is a solution-tagged record, not a builder input. Do not mix parameters from different solutions inside one orbital element set. sigma_primary=unverified; intake 2026-09-14. sigma_asymmetric=+0.4/-0.3 or +0.3/-0.4 (asymmetric or non-1-sigma interval: the sigma column is left empty because it carries symmetric 1-sigma values only). orig 84.0(+0.4/-0.3) or 96.0(+0.3/-0.4) deg; inferred from DDGR masses and mass function; kind=model-derived; solution=DDH (TEMPO2); mass rows use the same-paper DDGR mass fit flagged in Table 2; epoch=T0 57700.92599420 MJD; spin epoch=57701 MJD; timescale=TCB; Solar System ephemeris=DE421; observation span=57405-57998 MJD; reference frame=J2000 astrometry",,SOL-5b520ea2,
PSR J1757-1854,orbital_period,15857.667965174400,s,"Singha et al. 2026, arXiv:2606.23926v1, Table 2",https://arxiv.org/abs/2606.23926,2026-09-14,"intake_row=2026-09-14. Observation record provided by the original hypothesis author (2026-09-14 intake). solution=Singha2026-DDH. Solution-tagged row: one complete parameter set from a single published timing solution, placed BESIDE the adopted record - the adopted first row for PSR J1757-1854|orbital_period (15857.669019168) is NOT replaced and readers that take the first matching row are unaffected. Do not mix parameters from different solutions inside one orbital element set. sigma_primary=verified; intake 2026-09-14. orig 0.183537823671(2) d; kind=ephemeris-fit; solution=DDH (TEMPO2; Table 2); mass rows use the same-paper DDGR fit described in Sec. 4.4 and listed in Table 2; epoch=T0 60004.142219871 MJD; spin epoch=60000.104420185 MJD; timescale=not published; Solar System ephemeris=not published; observation span=57405-60757 MJD (Table 1 min/max; nine-year data set); reference frame=J2000 astrometry; verified_by=原仮定者 2026-09-16; verified_at=Table 2 Orbital period Pb (d); verified_value=0.183537823671(2) d; value_confirmed=2026-09-16 (the original hypothesis author checked the cited table and column and the printed digits of this row against the confirmation record)",1.728e-7,SOL-73e1ba36,Singha2026-DDH
PSR J1757-1854,orbital_period_derivative,-5.282e-12,1,"Singha et al. 2026, arXiv:2606.23926v1, Table 2",https://arxiv.org/abs/2606.23926,2026-09-14,"intake_row=2026-09-14. Observation record provided by the original hypothesis author (2026-09-14 intake). solution=Singha2026-DDH. Solution-tagged row: one complete parameter set from a single published timing solution, placed BESIDE the adopted record - the adopted first row for PSR J1757-1854|orbital_period_derivative (-5.3e-12) is NOT replaced and readers that take the first matching row are unaffected. Do not mix parameters from different solutions inside one orbital element set. sigma_primary=unverified; intake 2026-09-14. orig -5.282(2)e-12; observed timing parameter; kind=ephemeris-fit; solution=DDH (TEMPO2; Table 2); mass rows use the same-paper DDGR fit described in Sec. 4.4 and listed in Table 2; epoch=T0 60004.142219871 MJD; spin epoch=60000.104420185 MJD; timescale=not published; Solar System ephemeris=not published; observation span=57405-60757 MJD (Table 1 min/max; nine-year data set); reference frame=J2000 astrometry",2e-15,SOL-34b026bf,Singha2026-DDH
PSR J1757-1854,eccentricity,0.605817,1,"Singha et al. 2026, arXiv:2606.23926v1, Table 2",https://arxiv.org/abs/2606.23926,2026-09-14,"intake_row=2026-09-14. Observation record provided by the original hypothesis author (2026-09-14 intake). solution=Singha2026-DDH. Solution-tagged row: one complete parameter set from a single published timing solution, placed BESIDE the adopted record - the adopted first row for PSR J1757-1854|eccentricity (0.6058142) is NOT replaced and readers that take the first matching row are unaffected. Do not mix parameters from different solutions inside one orbital element set. sigma_primary=verified; intake 2026-09-14. orig 0.605817(2); DD time eccentricity e_T per paper discussion; kind=ephemeris-fit; solution=DDH (TEMPO2; Table 2); mass rows use the same-paper DDGR fit described in Sec. 4.4 and listed in Table 2; epoch=T0 60004.142219871 MJD; spin epoch=60000.104420185 MJD; timescale=not published; Solar System ephemeris=not published; observation span=57405-60757 MJD (Table 1 min/max; nine-year data set); reference frame=J2000 astrometry; verified_by=原仮定者 2026-09-16; verified_at=Table 2 Eccentricity e; verified_value=0.605817(2); value_confirmed=2026-09-16 (the original hypothesis author checked the cited table and column and the printed digits of this row against the confirmation record)",2e-6,SOL-8d0fec54,Singha2026-DDH
PSR J1757-1854,periastron_advance,10.364986,deg/yr,"Singha et al. 2026, arXiv:2606.23926v1, Table 2",https://arxiv.org/abs/2606.23926,2026-09-14,"intake_row=2026-09-14. Observation record provided by the original hypothesis author (2026-09-14 intake). solution=Singha2026-DDH. Solution-tagged row: one complete parameter set from a single published timing solution, placed BESIDE the adopted record - the adopted first row for PSR J1757-1854|periastron_advance (10.3651) is NOT replaced and readers that take the first matching row are unaffected. Do not mix parameters from different solutions inside one orbital element set. sigma_primary=verified; intake 2026-09-14. orig 10.364986(8) deg/yr; kind=ephemeris-fit; solution=DDH (TEMPO2; Table 2); mass rows use the same-paper DDGR fit described in Sec. 4.4 and listed in Table 2; epoch=T0 60004.142219871 MJD; spin epoch=60000.104420185 MJD; timescale=not published; Solar System ephemeris=not published; observation span=57405-60757 MJD (Table 1 min/max; nine-year data set); reference frame=J2000 astrometry; verified_by=原仮定者 2026-09-16; verified_at=Table 2 Periastron advance (deg/yr); verified_value=10.364986(8); value_confirmed=2026-09-16 (the original hypothesis author checked the cited table and column and the printed digits of this row against the confirmation record)",0.000008,SOL-4d073b22,Singha2026-DDH
PSR J1757-1854,projected_semimajor_axis,2.2378066,s,"Singha et al. 2026, arXiv:2606.23926v1, Table 2",https://arxiv.org/abs/2606.23926,2026-09-14,"intake_row=2026-09-14. Observation record provided by the original hypothesis author (2026-09-14 intake). solution=Singha2026-DDH. Solution-tagged row: one complete parameter set from a single published timing solution, placed BESIDE the adopted record - no earlier row exists for PSR J1757-1854|projected_semimajor_axis, so this row is the first one; it is a solution-tagged record, not a builder input. Do not mix parameters from different solutions inside one orbital element set. sigma_primary=unverified; intake 2026-09-14. orig 2.2378066(9) s; kind=ephemeris-fit; solution=DDH (TEMPO2; Table 2); mass rows use the same-paper DDGR fit described in Sec. 4.4 and listed in Table 2; epoch=T0 60004.142219871 MJD; spin epoch=60000.104420185 MJD; timescale=not published; Solar System ephemeris=not published; observation span=57405-60757 MJD (Table 1 min/max; nine-year data set); reference frame=J2000 astrometry",9e-7,SOL-2d272d42,Singha2026-DDH
PSR J1757-1854,longitude_of_periastron,344.70107,deg,"Singha et al. 2026, arXiv:2606.23926v1, Table 2",https://arxiv.org/abs/2606.23926,2026-09-14,"intake_row=2026-09-14. Observation record provided by the original hypothesis author (2026-09-14 intake). solution=Singha2026-DDH. Solution-tagged row: one complete parameter set from a single published timing solution, placed BESIDE the adopted record - no earlier row exists for PSR J1757-1854|longitude_of_periastron, so this row is the first one; it is a solution-tagged record, not a builder input. Do not mix parameters from different solutions inside one orbital element set. sigma_primary=unverified; intake 2026-09-14. orig 344.70107(4) deg at T0; kind=ephemeris-fit; solution=DDH (TEMPO2; Table 2); mass rows use the same-paper DDGR fit described in Sec. 4.4 and listed in Table 2; epoch=T0 60004.142219871 MJD; spin epoch=60000.104420185 MJD; timescale=not published; Solar System ephemeris=not published; observation span=57405-60757 MJD (Table 1 min/max; nine-year data set); reference frame=J2000 astrometry",0.00004,SOL-32cdc546,Singha2026-DDH
PSR J1757-1854,epoch_of_periastron,60004.142219871,MJD,"Singha et al. 2026, arXiv:2606.23926v1, Table 2",https://arxiv.org/abs/2606.23926,2026-09-14,"intake_row=2026-09-14. Observation record provided by the original hypothesis author (2026-09-14 intake). solution=Singha2026-DDH. Solution-tagged row: one complete parameter set from a single published timing solution, placed BESIDE the adopted record - no earlier row exists for PSR J1757-1854|epoch_of_periastron, so this row is the first one; it is a solution-tagged record, not a builder input. Do not mix parameters from different solutions inside one orbital element set. sigma_primary=unverified; intake 2026-09-14. orig 60004.142219871(15) MJD; kind=ephemeris-fit; solution=DDH (TEMPO2; Table 2); mass rows use the same-paper DDGR fit described in Sec. 4.4 and listed in Table 2; epoch=T0 60004.142219871 MJD; spin epoch=60000.104420185 MJD; timescale=not published; Solar System ephemeris=not published; observation span=57405-60757 MJD (Table 1 min/max; nine-year data set); reference frame=J2000 astrometry",1.5e-8,SOL-cffd157d,Singha2026-DDH
PSR J1757-1854,einstein_delay,0.0035931,s,"Singha et al. 2026, arXiv:2606.23926v1, Table 2",https://arxiv.org/abs/2606.23926,2026-09-14,"intake_row=2026-09-14. Observation record provided by the original hypothesis author (2026-09-14 intake). solution=Singha2026-DDH. Solution-tagged row: one complete parameter set from a single published timing solution, placed BESIDE the adopted record - no earlier row exists for PSR J1757-1854|einstein_delay, so this row is the first one; it is a solution-tagged record, not a builder input. Do not mix parameters from different solutions inside one orbital element set. sigma_primary=unverified; intake 2026-09-14. orig gamma=0.0035931(33) s; fitted jointly with delta_theta; kind=ephemeris-fit; solution=DDH (TEMPO2; Table 2); mass rows use the same-paper DDGR fit described in Sec. 4.4 and listed in Table 2; epoch=T0 60004.142219871 MJD; spin epoch=60000.104420185 MJD; timescale=not published; Solar System ephemeris=not published; observation span=57405-60757 MJD (Table 1 min/max; nine-year data set); reference frame=J2000 astrometry",3.3e-6,SOL-6d9f4b84,Singha2026-DDH
PSR J1757-1854,mass,2.661287770942271e+30,kg,"Singha et al. 2026, arXiv:2606.23926v1, Table 2",https://arxiv.org/abs/2606.23926,2026-09-14,"intake_row=2026-09-14. Observation record provided by the original hypothesis author (2026-09-14 intake). solution=Singha2026-DDH. Solution-tagged row: one complete parameter set from a single published timing solution, placed BESIDE the adopted record - the adopted first row for PSR J1757-1854|mass (2.6614084e30) is NOT replaced and readers that take the first matching row are unaffected. Do not mix parameters from different solutions inside one orbital element set. sigma_primary=unverified; intake 2026-09-14. orig 1.3384(2) M_sun; kg conversion uses nominal GM_sun=1.3271244e20 m^3/s^2 (IAU 2015 Resolution B3) and G=6.67430e-11 m^3 kg^-1 s^-2 (CODATA); tabulated timing uncertainty only was scaled (G uncertainty not folded into sigma); component=mp; same-paper DDGR fit; kind=model-derived; solution=DDH (TEMPO2; Table 2); mass rows use the same-paper DDGR fit described in Sec. 4.4 and listed in Table 2; epoch=T0 60004.142219871 MJD; spin epoch=60000.104420185 MJD; timescale=not published; Solar System ephemeris=not published; observation span=57405-60757 MJD (Table 1 min/max; nine-year data set); reference frame=J2000 astrometry",3.9768197414e+26,SOL-45ca5265,Singha2026-DDH
PSR J1757-1854 companion,mass,2.772837564688432e+30,kg,"Singha et al. 2026, arXiv:2606.23926v1, Table 2",https://arxiv.org/abs/2606.23926,2026-09-14,"intake_row=2026-09-14. Observation record provided by the original hypothesis author (2026-09-14 intake). solution=Singha2026-DDH. Solution-tagged row: one complete parameter set from a single published timing solution, placed BESIDE the adopted record - the adopted first row for PSR J1757-1854 companion|mass (2.7731621e30) is NOT replaced and readers that take the first matching row are unaffected. Do not mix parameters from different solutions inside one orbital element set. sigma_primary=unverified; intake 2026-09-14. orig 1.3945(2) M_sun; kg conversion uses nominal GM_sun=1.3271244e20 m^3/s^2 (IAU 2015 Resolution B3) and G=6.67430e-11 m^3 kg^-1 s^-2 (CODATA); tabulated timing uncertainty only was scaled (G uncertainty not folded into sigma); component=mc; same-paper DDGR fit; kind=model-derived; solution=DDH (TEMPO2; Table 2); mass rows use the same-paper DDGR fit described in Sec. 4.4 and listed in Table 2; epoch=T0 60004.142219871 MJD; spin epoch=60000.104420185 MJD; timescale=not published; Solar System ephemeris=not published; observation span=57405-60757 MJD (Table 1 min/max; nine-year data set); reference frame=J2000 astrometry",3.9768197414e+26,SOL-6f07ec66,Singha2026-DDH
PSR J1757-1854,total_mass,5.434102270076203e+30,kg,"Singha et al. 2026, arXiv:2606.23926v1, Table 2",https://arxiv.org/abs/2606.23926,2026-09-14,"intake_row=2026-09-14. Observation record provided by the original hypothesis author (2026-09-14 intake). solution=Singha2026-DDH. Solution-tagged row: one complete parameter set from a single published timing solution, placed BESIDE the adopted record - no earlier row exists for PSR J1757-1854|total_mass, so this row is the first one; it is a solution-tagged record, not a builder input. Do not mix parameters from different solutions inside one orbital element set. sigma_primary=unverified; intake 2026-09-14. orig 2.7328884(36) M_sun; kg conversion uses nominal GM_sun=1.3271244e20 m^3/s^2 (IAU 2015 Resolution B3) and G=6.67430e-11 m^3 kg^-1 s^-2 (CODATA); tabulated timing uncertainty only was scaled (G uncertainty not folded into sigma); same-paper DDGR fit; kind=model-derived; solution=DDH (TEMPO2; Table 2); mass rows use the same-paper DDGR fit described in Sec. 4.4 and listed in Table 2; epoch=T0 60004.142219871 MJD; spin epoch=60000.104420185 MJD; timescale=not published; Solar System ephemeris=not published; observation span=57405-60757 MJD (Table 1 min/max; nine-year data set); reference frame=J2000 astrometry",7.1582755345e+24,SOL-bbcf150b,Singha2026-DDH
PSR J1757-1854,rotation_period,0.0214972324118936,s,"Singha et al. 2026, arXiv:2606.23926v1, Table 2",https://arxiv.org/abs/2606.23926,2026-09-14,"intake_row=2026-09-14. Observation record provided by the original hypothesis author (2026-09-14 intake). solution=Singha2026-DDH. Solution-tagged row: one complete parameter set from a single published timing solution, placed BESIDE the adopted record - the adopted first row for PSR J1757-1854|rotation_period (2.14972318900292e-2) is NOT replaced and readers that take the first matching row are unaffected. Do not mix parameters from different solutions inside one orbital element set. sigma_primary=unverified; intake 2026-09-14. orig 0.0214972324118936(9) s; Table 2 derived parameter; kind=model-derived; solution=DDH (TEMPO2; Table 2); mass rows use the same-paper DDGR fit described in Sec. 4.4 and listed in Table 2; epoch=T0 60004.142219871 MJD; spin epoch=60000.104420185 MJD; timescale=not published; Solar System ephemeris=not published; observation span=57405-60757 MJD (Table 1 min/max; nine-year data set); reference frame=J2000 astrometry",9e-16,SOL-b6345df5,Singha2026-DDH
PSR J1946+2052,orbital_period,6781.36799865600,s,"Meng et al. 2025, A&A 704, A153, Table 1 DDFWHE column",https://doi.org/10.1051/0004-6361/202555689,2026-09-14,"intake_row=2026-09-14. Observation record provided by the original hypothesis author (2026-09-14 intake). solution=Meng2025-DDFWHE. Solution-tagged row: one complete parameter set from a single published timing solution, placed BESIDE the adopted record - the adopted first row for PSR J1946+2052|orbital_period (6781.366656) is NOT replaced and readers that take the first matching row are unaffected. Do not mix parameters from different solutions inside one orbital element set. sigma_primary=verified; intake 2026-09-14. orig 0.07848805554(2) d; kind=ephemeris-fit; solution=DDFWHE (TEMPO); epoch=T0 57953.2123884 MJD; spin epoch=57982.080242 MJD; timescale=TDB; clock=TT(BIPM2023); Solar System ephemeris=DE440; observation span=57953-60460 MJD; reference frame=J2000.0 astrometry; value_check_note=confirmation record cited the discovery paper (Stovall 2018) not Meng 2025 Table 1; still unchecked; the mark stays unverified; confirmation_2=not-found-by-author 2026-09-16 (Meng 2025 Table 1 DDFWHE Pb: the original hypothesis author could not find the printed record for this row in the second confirmation record; the mark on this row is NOT changed); value_checked_by=external review 2026-09-17; value_checked_at=arXiv:2510.12506 Table 1 DDFWHE Pb (days); value_checked_value=0.07848805554(2) d; value_checked_scope=VALUE AND PRINTED UNCERTAINTY, cross-checked against the arXiv HTML (Section 3 Table 1) and PDF (page 7) of the same paper. This is an EXTERNAL check and it does NOT change the mark of this row (only the confirmation of the original hypothesis author does that), so the mark and the confirmation_2 note above stay exactly as they are; verified_by=原仮定者 2026-09-17; verified_at=Meng 2025 A&A 704 A153 Table 1 DDFWHE column (A&A table view); verified_value=0.07848805554(2) d; confirmation_round=3 (the third confirmation record of 2026-09-17: the original hypothesis author read the A&A version of Table 1 as a standalone table and confirmed the printed record of this row. This SUPERSEDES the confirmation_2=not-found-by-author note and the value_check_note above, both of which are kept as history. The external check of 2026-09-17 is also kept and it is NOT what raised the mark of this row) adopted_solution=Meng2025-DDFWHE 2026-09-18 (第270便c/AD9: PSR J1946+2052 の採用レコードを Meng 2025 A&A 704 A153 Table 1 DDFWHE 列の**一組**へ揃えた。本行はその採用行である。P・e・omega_dot が同じ公表解の同じ列から来る。**値・単位・出典・印は 1 文字も動かしていない** —— 動いたのは注記だけ。)",1.728e-6,SOL-dd4b7894,Meng2025-DDFWHE
PSR J1946+2052,orbital_period_derivative,-1.8296e-12,1,"Meng et al. 2025, A&A 704, A153, Table 1 DDFWHE column",https://doi.org/10.1051/0004-6361/202555689,2026-09-14,"intake_row=2026-09-14. Observation record provided by the original hypothesis author (2026-09-14 intake). solution=Meng2025-DDFWHE. Solution-tagged row: one complete parameter set from a single published timing solution, placed BESIDE the adopted record - the adopted first row for PSR J1946+2052|orbital_period_derivative (-1.8288e-12) is NOT replaced and readers that take the first matching row are unaffected. Do not mix parameters from different solutions inside one orbital element set. sigma_primary=unverified; intake 2026-09-14. orig -1.8296(15)e-12 s/s; observed timing parameter; kind=ephemeris-fit; solution=DDFWHE (TEMPO); epoch=T0 57953.2123884 MJD; spin epoch=57982.080242 MJD; timescale=TDB; clock=TT(BIPM2023); Solar System ephemeris=DE440; observation span=57953-60460 MJD; reference frame=J2000.0 astrometry",1.5e-15,SOL-f9fd68d2,Meng2025-DDFWHE
PSR J1946+2052,orbital_period_derivative_intrinsic,-1.8288e-12,1,"Meng et al. 2025, A&A 704, A153, Table 3 YMW16 column",https://doi.org/10.1051/0004-6361/202555689,2026-09-14,"intake_row=2026-09-14. Observation record provided by the original hypothesis author (2026-09-14 intake). solution=Meng2025-DDFWHE. Solution-tagged row: one complete parameter set from a single published timing solution, placed BESIDE the adopted record - no earlier row exists for PSR J1946+2052|orbital_period_derivative_intrinsic, so this row is the first one; it is a solution-tagged record, not a builder input. Do not mix parameters from different solutions inside one orbital element set. sigma_primary=unverified; intake 2026-09-14. orig -1828.8(16) fs/s; YMW16 distance, Galactic acceleration and Shklovskii correction (Table 3); kind=model-derived; solution=DDFWHE (TEMPO); epoch=T0 57953.2123884 MJD; spin epoch=57982.080242 MJD; timescale=TDB; clock=TT(BIPM2023); Solar System ephemeris=DE440; observation span=57953-60460 MJD; reference frame=J2000.0 astrometry",1.6e-15,SOL-1c5a3ffa,Meng2025-DDFWHE
PSR J1946+2052,orbital_period_derivative_intrinsic,-1.8284e-12,1,"Meng et al. 2025, A&A 704, A153, Table 3 NE2001 column",https://doi.org/10.1051/0004-6361/202555689,2026-09-14,"intake_row=2026-09-14. Observation record provided by the original hypothesis author (2026-09-14 intake). solution=Meng2025-DDFWHE. Solution-tagged row: one complete parameter set from a single published timing solution, placed BESIDE the adopted record - no earlier row exists for PSR J1946+2052|orbital_period_derivative_intrinsic, so this row is the first one; it is a solution-tagged record, not a builder input. Do not mix parameters from different solutions inside one orbital element set. sigma_primary=unverified; intake 2026-09-14. orig -1828.4(16) fs/s; NE2001 distance, Galactic acceleration and Shklovskii correction (Table 3); kind=model-derived; solution=DDFWHE (TEMPO); epoch=T0 57953.2123884 MJD; spin epoch=57982.080242 MJD; timescale=TDB; clock=TT(BIPM2023); Solar System ephemeris=DE440; observation span=57953-60460 MJD; reference frame=J2000.0 astrometry",1.6e-15,SOL-7b84fa1d,Meng2025-DDFWHE
PSR J1946+2052,eccentricity,0.0638363,1,"Meng et al. 2025, A&A 704, A153, Table 1 DDFWHE column",https://doi.org/10.1051/0004-6361/202555689,2026-09-14,"intake_row=2026-09-14. Observation record provided by the original hypothesis author (2026-09-14 intake). solution=Meng2025-DDFWHE. Solution-tagged row: one complete parameter set from a single published timing solution, placed BESIDE the adopted record - the adopted first row for PSR J1946+2052|eccentricity (0.063848) is NOT replaced and readers that take the first matching row are unaffected. Do not mix parameters from different solutions inside one orbital element set. sigma_primary=verified; intake 2026-09-14. orig 0.0638363(8); kind=ephemeris-fit; solution=DDFWHE (TEMPO); epoch=T0 57953.2123884 MJD; spin epoch=57982.080242 MJD; timescale=TDB; clock=TT(BIPM2023); Solar System ephemeris=DE440; observation span=57953-60460 MJD; reference frame=J2000.0 astrometry; value_check_note=confirmation record cited the discovery paper (Stovall 2018) not Meng 2025 Table 1; still unchecked; the mark stays unverified; confirmation_2=not-found-by-author 2026-09-16 (Meng 2025 Table 1 DDFWHE e: the original hypothesis author could not find the printed record for this row in the second confirmation record; the mark on this row is NOT changed); value_checked_by=external review 2026-09-17; value_checked_at=arXiv:2510.12506 Table 1 DDFWHE e; value_checked_value=0.0638363(8); value_checked_scope=VALUE AND PRINTED UNCERTAINTY, cross-checked against the arXiv HTML (Section 3 Table 1) and PDF (page 7) of the same paper. This is an EXTERNAL check and it does NOT change the mark of this row (only the confirmation of the original hypothesis author does that), so the mark and the confirmation_2 note above stay exactly as they are; verified_by=原仮定者 2026-09-17; verified_at=Meng 2025 A&A 704 A153 Table 1 DDFWHE column (A&A table view); verified_value=0.0638363(8); confirmation_round=3 (the third confirmation record of 2026-09-17: the original hypothesis author read the A&A version of Table 1 as a standalone table and confirmed the printed record of this row. This SUPERSEDES the confirmation_2=not-found-by-author note and the value_check_note above, both of which are kept as history. The external check of 2026-09-17 is also kept and it is NOT what raised the mark of this row) adopted_solution=Meng2025-DDFWHE 2026-09-18 (第270便c/AD9: PSR J1946+2052 の採用レコードを Meng 2025 A&A 704 A153 Table 1 DDFWHE 列の**一組**へ揃えた。本行はその採用行である。P・e・omega_dot が同じ公表解の同じ列から来る。**値・単位・出典・印は 1 文字も動かしていない** —— 動いたのは注記だけ。)",8e-7,SOL-ae8d8ac9,Meng2025-DDFWHE
PSR J1946+2052,periastron_advance,25.79205,deg/yr,"Meng et al. 2025, A&A 704, A153, Table 1 DDFWHE column",https://doi.org/10.1051/0004-6361/202555689,2026-09-14,"intake_row=2026-09-14. Observation record provided by the original hypothesis author (2026-09-14 intake). solution=Meng2025-DDFWHE. Solution-tagged row: one complete parameter set from a single published timing solution, placed BESIDE the adopted record - the adopted first row for PSR J1946+2052|periastron_advance (25.79205) is NOT replaced and readers that take the first matching row are unaffected. Do not mix parameters from different solutions inside one orbital element set. sigma_primary=verified; intake 2026-09-14. orig 25.79205(40) deg/yr; kind=ephemeris-fit; solution=DDFWHE (TEMPO); epoch=T0 57953.2123884 MJD; spin epoch=57982.080242 MJD; timescale=TDB; clock=TT(BIPM2023); Solar System ephemeris=DE440; observation span=57953-60460 MJD; reference frame=J2000.0 astrometry; value_check_note=confirmation record cited the discovery paper (Stovall 2018) not Meng 2025 Table 1; still unchecked; the mark stays unverified; confirmation_2=not-found-by-author 2026-09-16 (Meng 2025 Table 1 DDFWHE omega_dot: the original hypothesis author could not find the printed record for this row in the second confirmation record; the mark on this row is NOT changed); value_checked_by=external review 2026-09-17; value_checked_at=arXiv:2510.12506 Table 1 DDFWHE omega_dot (deg/yr); value_checked_value=25.79205(40) deg/yr; value_checked_scope=VALUE AND PRINTED UNCERTAINTY, cross-checked against the arXiv HTML (Section 3 Table 1) and PDF (page 7) of the same paper. This is an EXTERNAL check and it does NOT change the mark of this row (only the confirmation of the original hypothesis author does that), so the mark and the confirmation_2 note above stay exactly as they are; verified_by=原仮定者 2026-09-17; verified_at=Meng 2025 A&A 704 A153 Table 1 DDFWHE column (A&A table view); verified_value=25.79205(40) deg/yr; confirmation_round=3 (the third confirmation record of 2026-09-17: the original hypothesis author read the A&A version of Table 1 as a standalone table and confirmed the printed record of this row. This SUPERSEDES the confirmation_2=not-found-by-author note and the value_check_note above, both of which are kept as history. The external check of 2026-09-17 is also kept and it is NOT what raised the mark of this row) adopted_solution=Meng2025-DDFWHE 2026-09-18 (第270便c/AD9: PSR J1946+2052 の採用レコードを Meng 2025 A&A 704 A153 Table 1 DDFWHE 列の**一組**へ揃えた。本行はその採用行である。P・e・omega_dot が同じ公表解の同じ列から来る。**値・単位・出典・印は 1 文字も動かしていない** —— 動いたのは注記だけ。)",0.00040,SOL-4d53d566,Meng2025-DDFWHE
PSR J1946+2052,projected_semimajor_axis,1.154474,s,"Meng et al. 2025, A&A 704, A153, Table 1 DDFWHE column",https://doi.org/10.1051/0004-6361/202555689,2026-09-14,"intake_row=2026-09-14. Observation record provided by the original hypothesis author (2026-09-14 intake). solution=Meng2025-DDFWHE. Solution-tagged row: one complete parameter set from a single published timing solution, placed BESIDE the adopted record - no earlier row exists for PSR J1946+2052|projected_semimajor_axis, so this row is the first one; it is a solution-tagged record, not a builder input. Do not mix parameters from different solutions inside one orbital element set. sigma_primary=unverified; intake 2026-09-14. orig 1.154474(2) s; kind=ephemeris-fit; solution=DDFWHE (TEMPO); epoch=T0 57953.2123884 MJD; spin epoch=57982.080242 MJD; timescale=TDB; clock=TT(BIPM2023); Solar System ephemeris=DE440; observation span=57953-60460 MJD; reference frame=J2000.0 astrometry",2e-6,SOL-d02ff05d,Meng2025-DDFWHE
PSR J1946+2052,longitude_of_periastron,130.357,deg,"Meng et al. 2025, A&A 704, A153, Table 1 DDFWHE column",https://doi.org/10.1051/0004-6361/202555689,2026-09-14,"intake_row=2026-09-14. Observation record provided by the original hypothesis author (2026-09-14 intake). solution=Meng2025-DDFWHE. Solution-tagged row: one complete parameter set from a single published timing solution, placed BESIDE the adopted record - no earlier row exists for PSR J1946+2052|longitude_of_periastron, so this row is the first one; it is a solution-tagged record, not a builder input. Do not mix parameters from different solutions inside one orbital element set. sigma_primary=unverified; intake 2026-09-14. orig 130.357(2) deg at T0; kind=ephemeris-fit; solution=DDFWHE (TEMPO); epoch=T0 57953.2123884 MJD; spin epoch=57982.080242 MJD; timescale=TDB; clock=TT(BIPM2023); Solar System ephemeris=DE440; observation span=57953-60460 MJD; reference frame=J2000.0 astrometry",0.002,SOL-9f2eae87,Meng2025-DDFWHE
PSR J1946+2052,epoch_of_periastron,57953.2123884,MJD,"Meng et al. 2025, A&A 704, A153, Table 1 DDFWHE column",https://doi.org/10.1051/0004-6361/202555689,2026-09-14,"intake_row=2026-09-14. Observation record provided by the original hypothesis author (2026-09-14 intake). solution=Meng2025-DDFWHE. Solution-tagged row: one complete parameter set from a single published timing solution, placed BESIDE the adopted record - no earlier row exists for PSR J1946+2052|epoch_of_periastron, so this row is the first one; it is a solution-tagged record, not a builder input. Do not mix parameters from different solutions inside one orbital element set. sigma_primary=unverified; intake 2026-09-14. orig 57953.2123884(5) MJD; kind=ephemeris-fit; solution=DDFWHE (TEMPO); epoch=T0 57953.2123884 MJD; spin epoch=57982.080242 MJD; timescale=TDB; clock=TT(BIPM2023); Solar System ephemeris=DE440; observation span=57953-60460 MJD; reference frame=J2000.0 astrometry",5e-7,SOL-c291279c,Meng2025-DDFWHE
PSR J1946+2052,einstein_delay,0.0002591,s,"Meng et al. 2025, A&A 704, A153, Table 1 DDFWHE column",https://doi.org/10.1051/0004-6361/202555689,2026-09-14,"intake_row=2026-09-14. Observation record provided by the original hypothesis author (2026-09-14 intake). solution=Meng2025-DDFWHE. Solution-tagged row: one complete parameter set from a single published timing solution, placed BESIDE the adopted record - no earlier row exists for PSR J1946+2052|einstein_delay, so this row is the first one; it is a solution-tagged record, not a builder input. Do not mix parameters from different solutions inside one orbital element set. sigma_primary=unverified; intake 2026-09-14. orig gamma=0.2591(6) ms; kind=ephemeris-fit; solution=DDFWHE (TEMPO); epoch=T0 57953.2123884 MJD; spin epoch=57982.080242 MJD; timescale=TDB; clock=TT(BIPM2023); Solar System ephemeris=DE440; observation span=57953-60460 MJD; reference frame=J2000.0 astrometry",6e-7,SOL-bbe8c598,Meng2025-DDFWHE
PSR J1946+2052,mass,2.552720592002158e+30,kg,"Meng et al. 2025, A&A 704, A153, Table 1 DDFWHE column",https://doi.org/10.1051/0004-6361/202555689,2026-09-14,"intake_row=2026-09-14. Observation record provided by the original hypothesis author (2026-09-14 intake). solution=Meng2025-DDFWHE. Solution-tagged row: one complete parameter set from a single published timing solution, placed BESIDE the adopted record - the adopted first row for PSR J1946+2052|mass (2.5528363e30) is NOT replaced and readers that take the first matching row are unaffected. Do not mix parameters from different solutions inside one orbital element set. sigma_primary=unverified; intake 2026-09-14. orig 1.2838(21) M_sun; kg conversion uses nominal GM_sun=1.3271244e20 m^3/s^2 (IAU 2015 Resolution B3) and G=6.67430e-11 m^3 kg^-1 s^-2 (CODATA); tabulated timing uncertainty only was scaled (G uncertainty not folded into sigma); component=mp; derived from 1PN omdot and gamma; kind=model-derived; solution=DDFWHE (TEMPO); epoch=T0 57953.2123884 MJD; spin epoch=57982.080242 MJD; timescale=TDB; clock=TT(BIPM2023); Solar System ephemeris=DE440; observation span=57953-60460 MJD; reference frame=J2000.0 astrometry",4.1756607285e+27,SOL-37a72768,Meng2025-DDFWHE
PSR J1946+2052 companion,mass,2.481535518631167e+30,kg,"Meng et al. 2025, A&A 704, A153, Table 1 DDFWHE column",https://doi.org/10.1051/0004-6361/202555689,2026-09-14,"intake_row=2026-09-14. Observation record provided by the original hypothesis author (2026-09-14 intake). solution=Meng2025-DDFWHE. Solution-tagged row: one complete parameter set from a single published timing solution, placed BESIDE the adopted record - the adopted first row for PSR J1946+2052 companion|mass (2.481648e30) is NOT replaced and readers that take the first matching row are unaffected. Do not mix parameters from different solutions inside one orbital element set. sigma_primary=unverified; intake 2026-09-14. orig 1.2480(21) M_sun; kg conversion uses nominal GM_sun=1.3271244e20 m^3/s^2 (IAU 2015 Resolution B3) and G=6.67430e-11 m^3 kg^-1 s^-2 (CODATA); tabulated timing uncertainty only was scaled (G uncertainty not folded into sigma); component=mc; derived from 1PN omdot and gamma; kind=model-derived; solution=DDFWHE (TEMPO); epoch=T0 57953.2123884 MJD; spin epoch=57982.080242 MJD; timescale=TDB; clock=TT(BIPM2023); Solar System ephemeris=DE440; observation span=57953-60460 MJD; reference frame=J2000.0 astrometry",4.1756607285e+27,SOL-3185b6e2,Meng2025-DDFWHE
PSR J1946+2052,total_mass,5.034371438405826e+30,kg,"Meng et al. 2025, A&A 704, A153, Table 1 DDFWHE column",https://doi.org/10.1051/0004-6361/202555689,2026-09-14,"intake_row=2026-09-14. Observation record provided by the original hypothesis author (2026-09-14 intake). solution=Meng2025-DDFWHE. Solution-tagged row: one complete parameter set from a single published timing solution, placed BESIDE the adopted record - no earlier row exists for PSR J1946+2052|total_mass, so this row is the first one; it is a solution-tagged record, not a builder input. Do not mix parameters from different solutions inside one orbital element set. sigma_primary=unverified; intake 2026-09-14. orig 2.531858(60) M_sun; kg conversion uses nominal GM_sun=1.3271244e20 m^3/s^2 (IAU 2015 Resolution B3) and G=6.67430e-11 m^3 kg^-1 s^-2 (CODATA); tabulated timing uncertainty only was scaled (G uncertainty not folded into sigma); derived from 1PN omdot; kind=model-derived; solution=DDFWHE (TEMPO); epoch=T0 57953.2123884 MJD; spin epoch=57982.080242 MJD; timescale=TDB; clock=TT(BIPM2023); Solar System ephemeris=DE440; observation span=57953-60460 MJD; reference frame=J2000.0 astrometry",1.1930459224e+26,SOL-5199beef,Meng2025-DDFWHE
PSR J1946+2052,rotation_period,0.016960175323294,s,"Meng et al. 2025, A&A 704, A153, Table 1 DDFWHE column",https://doi.org/10.1051/0004-6361/202555689,2026-09-14,"intake_row=2026-09-14. Observation record provided by the original hypothesis author (2026-09-14 intake). solution=Meng2025-DDFWHE. Solution-tagged row: one complete parameter set from a single published timing solution, placed BESIDE the adopted record - the adopted first row for PSR J1946+2052|rotation_period (1.696017532298e-2) is NOT replaced and readers that take the first matching row are unaffected. Do not mix parameters from different solutions inside one orbital element set. sigma_primary=unverified; intake 2026-09-14. orig 0.016960175323294(1) s; Table 1 derived parameter; kind=model-derived; solution=DDFWHE (TEMPO); epoch=T0 57953.2123884 MJD; spin epoch=57982.080242 MJD; timescale=TDB; clock=TT(BIPM2023); Solar System ephemeris=DE440; observation span=57953-60460 MJD; reference frame=J2000.0 astrometry",1e-15,SOL-6dece6cd,Meng2025-DDFWHE
PSR J1946+2052,inclination,74,deg,"Meng et al. 2025, A&A 704, A153, Table 1 DDFWHE column",https://doi.org/10.1051/0004-6361/202555689,2026-09-14,"intake_row=2026-09-14. Observation record provided by the original hypothesis author (2026-09-14 intake). solution=Meng2025-DDFWHE. Solution-tagged row: one complete parameter set from a single published timing solution, placed BESIDE the adopted record - no earlier row exists for PSR J1946+2052|inclination, so this row is the first one; it is a solution-tagged record, not a builder input. Do not mix parameters from different solutions inside one orbital element set. sigma_primary=unverified; intake 2026-09-14. orig i=74+/-2 deg in Sec. 3.5; derived from DDFWHE orthometric Shapiro ratio; kind=model-derived; solution=DDFWHE (TEMPO); epoch=T0 57953.2123884 MJD; spin epoch=57982.080242 MJD; timescale=TDB; clock=TT(BIPM2023); Solar System ephemeris=DE440; observation span=57953-60460 MJD; reference frame=J2000.0 astrometry",2,SOL-7a8b34fb,Meng2025-DDFWHE
PSR J1946+2052,orbital_period,6781.367997792000,s,"Meng et al. 2025, A&A 704, A153, Table 1 DDGR column",https://doi.org/10.1051/0004-6361/202555689,2026-09-14,"intake_row=2026-09-14. Observation record provided by the original hypothesis author (2026-09-14 intake). solution=Meng2025-DDGR. Solution-tagged row: one complete parameter set from a single published timing solution, placed BESIDE the adopted record - the adopted first row for PSR J1946+2052|orbital_period (6781.366656) is NOT replaced and readers that take the first matching row are unaffected. Do not mix parameters from different solutions inside one orbital element set. sigma_primary=verified; intake 2026-09-14. orig 0.078488055530(8) d; kind=ephemeris-fit; solution=DDGR (TEMPO; assumes GR); epoch=T0 57953.2123886 MJD; spin epoch=57982.080242 MJD; timescale=TDB; clock=TT(BIPM2023); Solar System ephemeris=DE440; observation span=57953-60460 MJD; reference frame=J2000.0 astrometry; confirmation_2=not-found-by-author 2026-09-16 (Meng 2025 Table 1 DDGR Pb: the original hypothesis author could not find the printed record for this row in the second confirmation record; the mark on this row is NOT changed); value_checked_by=external review 2026-09-17; value_checked_at=arXiv:2510.12506 Table 1 DDGR Pb (days); value_checked_value=0.078488055530(8) d; value_checked_scope=VALUE AND PRINTED UNCERTAINTY, cross-checked against the arXiv HTML (Section 3 Table 1) and PDF (page 7) of the same paper. This is an EXTERNAL check and it does NOT change the mark of this row (only the confirmation of the original hypothesis author does that), so the mark and the confirmation_2 note above stay exactly as they are - the omega_dot of the DDGR column of the same table is printed in SQUARE BRACKETS ([25.7918222], row 303), i.e. a quantity DERIVED from the GR assumption of that fit and not an independently fitted value; verified_by=原仮定者 2026-09-17; verified_at=Meng 2025 A&A 704 A153 Table 1 DDGR column (A&A table view); verified_value=0.078488055530(8) d; confirmation_round=3 (the third confirmation record of 2026-09-17: the original hypothesis author read the A&A version of Table 1 as a standalone table and confirmed the printed record of this row. This SUPERSEDES the confirmation_2=not-found-by-author note and the value_check_note above, both of which are kept as history. The external check of 2026-09-17 is also kept and it is NOT what raised the mark of this row)",6.912e-7,SOL-395de905,
PSR J1946+2052,orbital_period_derivative,-1.8286549e-12,1,"Meng et al. 2025, A&A 704, A153, Table 1 DDGR column",https://doi.org/10.1051/0004-6361/202555689,2026-09-14,"intake_row=2026-09-14. Observation record provided by the original hypothesis author (2026-09-14 intake). solution=Meng2025-DDGR. Solution-tagged row: one complete parameter set from a single published timing solution, placed BESIDE the adopted record - the adopted first row for PSR J1946+2052|orbital_period_derivative (-1.8288e-12) is NOT replaced and readers that take the first matching row are unaffected. Do not mix parameters from different solutions inside one orbital element set. sigma_primary=unverified; intake 2026-09-14. orig -1.8286549e-12; square-bracket DDGR-derived GR prediction, not observed; kind=model-derived; no uncertainty published; solution=DDGR (TEMPO; assumes GR); epoch=T0 57953.2123886 MJD; spin epoch=57982.080242 MJD; timescale=TDB; clock=TT(BIPM2023); Solar System ephemeris=DE440; observation span=57953-60460 MJD; reference frame=J2000.0 astrometry",,SOL-d80edb81,
PSR J1946+2052,eccentricity,0.0638365,1,"Meng et al. 2025, A&A 704, A153, Table 1 DDGR column",https://doi.org/10.1051/0004-6361/202555689,2026-09-14,"intake_row=2026-09-14. Observation record provided by the original hypothesis author (2026-09-14 intake). solution=Meng2025-DDGR. Solution-tagged row: one complete parameter set from a single published timing solution, placed BESIDE the adopted record - the adopted first row for PSR J1946+2052|eccentricity (0.063848) is NOT replaced and readers that take the first matching row are unaffected. Do not mix parameters from different solutions inside one orbital element set. sigma_primary=verified; intake 2026-09-14. orig 0.0638365(4); kind=ephemeris-fit; solution=DDGR (TEMPO; assumes GR); epoch=T0 57953.2123886 MJD; spin epoch=57982.080242 MJD; timescale=TDB; clock=TT(BIPM2023); Solar System ephemeris=DE440; observation span=57953-60460 MJD; reference frame=J2000.0 astrometry; confirmation_2=not-found-by-author 2026-09-16 (Meng 2025 Table 1 DDGR e: the original hypothesis author could not find the printed record for this row in the second confirmation record; the mark on this row is NOT changed); value_checked_by=external review 2026-09-17; value_checked_at=arXiv:2510.12506 Table 1 DDGR e; value_checked_value=0.0638365(4); value_checked_scope=VALUE AND PRINTED UNCERTAINTY, cross-checked against the arXiv HTML (Section 3 Table 1) and PDF (page 7) of the same paper. This is an EXTERNAL check and it does NOT change the mark of this row (only the confirmation of the original hypothesis author does that), so the mark and the confirmation_2 note above stay exactly as they are - the omega_dot of the DDGR column of the same table is printed in SQUARE BRACKETS ([25.7918222], row 303), i.e. a quantity DERIVED from the GR assumption of that fit and not an independently fitted value; verified_by=原仮定者 2026-09-17; verified_at=Meng 2025 A&A 704 A153 Table 1 DDGR column (A&A table view); verified_value=0.0638365(4); confirmation_round=3 (the third confirmation record of 2026-09-17: the original hypothesis author read the A&A version of Table 1 as a standalone table and confirmed the printed record of this row. This SUPERSEDES the confirmation_2=not-found-by-author note and the value_check_note above, both of which are kept as history. The external check of 2026-09-17 is also kept and it is NOT what raised the mark of this row)",4e-7,SOL-2e015d15,
PSR J1946+2052,periastron_advance,25.7918222,deg/yr,"Meng et al. 2025, A&A 704, A153, Table 1 DDGR column",https://doi.org/10.1051/0004-6361/202555689,2026-09-14,"intake_row=2026-09-14. Observation record provided by the original hypothesis author (2026-09-14 intake). solution=Meng2025-DDGR. Solution-tagged row: one complete parameter set from a single published timing solution, placed BESIDE the adopted record - the adopted first row for PSR J1946+2052|periastron_advance (25.79205) is NOT replaced and readers that take the first matching row are unaffected. Do not mix parameters from different solutions inside one orbital element set. sigma_primary=unverified; intake 2026-09-14. orig 25.7918222 deg/yr; square-bracket DDGR-derived quantity; kind=model-derived; no uncertainty published; solution=DDGR (TEMPO; assumes GR); epoch=T0 57953.2123886 MJD; spin epoch=57982.080242 MJD; timescale=TDB; clock=TT(BIPM2023); Solar System ephemeris=DE440; observation span=57953-60460 MJD; reference frame=J2000.0 astrometry",,SOL-b8e85e34,
PSR J1946+2052,projected_semimajor_axis,1.1544738,s,"Meng et al. 2025, A&A 704, A153, Table 1 DDGR column",https://doi.org/10.1051/0004-6361/202555689,2026-09-14,"intake_row=2026-09-14. Observation record provided by the original hypothesis author (2026-09-14 intake). solution=Meng2025-DDGR. Solution-tagged row: one complete parameter set from a single published timing solution, placed BESIDE the adopted record - no earlier row exists for PSR J1946+2052|projected_semimajor_axis, so this row is the first one; it is a solution-tagged record, not a builder input. Do not mix parameters from different solutions inside one orbital element set. sigma_primary=unverified; intake 2026-09-14. orig 1.1544738(3) s; kind=ephemeris-fit; solution=DDGR (TEMPO; assumes GR); epoch=T0 57953.2123886 MJD; spin epoch=57982.080242 MJD; timescale=TDB; clock=TT(BIPM2023); Solar System ephemeris=DE440; observation span=57953-60460 MJD; reference frame=J2000.0 astrometry",3e-7,SOL-300a2e1e,
PSR J1946+2052,longitude_of_periastron,130.3584,deg,"Meng et al. 2025, A&A 704, A153, Table 1 DDGR column",https://doi.org/10.1051/0004-6361/202555689,2026-09-14,"intake_row=2026-09-14. Observation record provided by the original hypothesis author (2026-09-14 intake). solution=Meng2025-DDGR. Solution-tagged row: one complete parameter set from a single published timing solution, placed BESIDE the adopted record - no earlier row exists for PSR J1946+2052|longitude_of_periastron, so this row is the first one; it is a solution-tagged record, not a builder input. Do not mix parameters from different solutions inside one orbital element set. sigma_primary=unverified; intake 2026-09-14. orig 130.3584(8) deg at T0; kind=ephemeris-fit; solution=DDGR (TEMPO; assumes GR); epoch=T0 57953.2123886 MJD; spin epoch=57982.080242 MJD; timescale=TDB; clock=TT(BIPM2023); Solar System ephemeris=DE440; observation span=57953-60460 MJD; reference frame=J2000.0 astrometry",0.0008,SOL-c440bfd9,
PSR J1946+2052,epoch_of_periastron,57953.2123886,MJD,"Meng et al. 2025, A&A 704, A153, Table 1 DDGR column",https://doi.org/10.1051/0004-6361/202555689,2026-09-14,"intake_row=2026-09-14. Observation record provided by the original hypothesis author (2026-09-14 intake). solution=Meng2025-DDGR. Solution-tagged row: one complete parameter set from a single published timing solution, placed BESIDE the adopted record - no earlier row exists for PSR J1946+2052|epoch_of_periastron, so this row is the first one; it is a solution-tagged record, not a builder input. Do not mix parameters from different solutions inside one orbital element set. sigma_primary=unverified; intake 2026-09-14. orig 57953.2123886(2) MJD; kind=ephemeris-fit; solution=DDGR (TEMPO; assumes GR); epoch=T0 57953.2123886 MJD; spin epoch=57982.080242 MJD; timescale=TDB; clock=TT(BIPM2023); Solar System ephemeris=DE440; observation span=57953-60460 MJD; reference frame=J2000.0 astrometry",2e-7,SOL-d383a3f1,
PSR J1946+2052,einstein_delay,0.000259029,s,"Meng et al. 2025, A&A 704, A153, Table 1 DDGR column",https://doi.org/10.1051/0004-6361/202555689,2026-09-14,"intake_row=2026-09-14. Observation record provided by the original hypothesis author (2026-09-14 intake). solution=Meng2025-DDGR. Solution-tagged row: one complete parameter set from a single published timing solution, placed BESIDE the adopted record - no earlier row exists for PSR J1946+2052|einstein_delay, so this row is the first one; it is a solution-tagged record, not a builder input. Do not mix parameters from different solutions inside one orbital element set. sigma_primary=unverified; intake 2026-09-14. orig gamma=0.259029 ms; square-bracket DDGR-derived quantity; kind=model-derived; no uncertainty published; solution=DDGR (TEMPO; assumes GR); epoch=T0 57953.2123886 MJD; spin epoch=57982.080242 MJD; timescale=TDB; clock=TT(BIPM2023); Solar System ephemeris=DE440; observation span=57953-60460 MJD; reference frame=J2000.0 astrometry",,SOL-295b4ad5,
PSR J1946+2052,mass,2.553515955950437e+30,kg,"Meng et al. 2025, A&A 704, A153, Table 1 DDGR column",https://doi.org/10.1051/0004-6361/202555689,2026-09-14,"intake_row=2026-09-14. Observation record provided by the original hypothesis author (2026-09-14 intake). solution=Meng2025-DDGR. Solution-tagged row: one complete parameter set from a single published timing solution, placed BESIDE the adopted record - the adopted first row for PSR J1946+2052|mass (2.5528363e30) is NOT replaced and readers that take the first matching row are unaffected. Do not mix parameters from different solutions inside one orbital element set. sigma_primary=unverified; intake 2026-09-14. orig 1.2842(21) M_sun; kg conversion uses nominal GM_sun=1.3271244e20 m^3/s^2 (IAU 2015 Resolution B3) and G=6.67430e-11 m^3 kg^-1 s^-2 (CODATA); tabulated timing uncertainty only was scaled (G uncertainty not folded into sigma); component=mp; derived from DDGR total minus companion mass; kind=model-derived; solution=DDGR (TEMPO; assumes GR); epoch=T0 57953.2123886 MJD; spin epoch=57982.080242 MJD; timescale=TDB; clock=TT(BIPM2023); Solar System ephemeris=DE440; observation span=57953-60460 MJD; reference frame=J2000.0 astrometry",4.1756607285e+27,SOL-117c0ed1,
PSR J1946+2052 companion,mass,2.480740154682888e+30,kg,"Meng et al. 2025, A&A 704, A153, Table 1 DDGR column",https://doi.org/10.1051/0004-6361/202555689,2026-09-14,"intake_row=2026-09-14. Observation record provided by the original hypothesis author (2026-09-14 intake). solution=Meng2025-DDGR. Solution-tagged row: one complete parameter set from a single published timing solution, placed BESIDE the adopted record - the adopted first row for PSR J1946+2052 companion|mass (2.481648e30) is NOT replaced and readers that take the first matching row are unaffected. Do not mix parameters from different solutions inside one orbital element set. sigma_primary=unverified; intake 2026-09-14. orig 1.2476(20) M_sun; kg conversion uses nominal GM_sun=1.3271244e20 m^3/s^2 (IAU 2015 Resolution B3) and G=6.67430e-11 m^3 kg^-1 s^-2 (CODATA); tabulated timing uncertainty only was scaled (G uncertainty not folded into sigma); component=mc; DDGR fitted mass; kind=model-derived; solution=DDGR (TEMPO; assumes GR); epoch=T0 57953.2123886 MJD; spin epoch=57982.080242 MJD; timescale=TDB; clock=TT(BIPM2023); Solar System ephemeris=DE440; observation span=57953-60460 MJD; reference frame=J2000.0 astrometry",3.9768197414e+27,SOL-cef59f65,
PSR J1946+2052,total_mass,5.034329681798540e+30,kg,"Meng et al. 2025, A&A 704, A153, Table 1 DDGR column",https://doi.org/10.1051/0004-6361/202555689,2026-09-14,"intake_row=2026-09-14. Observation record provided by the original hypothesis author (2026-09-14 intake). solution=Meng2025-DDGR. Solution-tagged row: one complete parameter set from a single published timing solution, placed BESIDE the adopted record - no earlier row exists for PSR J1946+2052|total_mass, so this row is the first one; it is a solution-tagged record, not a builder input. Do not mix parameters from different solutions inside one orbital element set. sigma_primary=unverified; intake 2026-09-14. orig 2.531837(24) M_sun; kg conversion uses nominal GM_sun=1.3271244e20 m^3/s^2 (IAU 2015 Resolution B3) and G=6.67430e-11 m^3 kg^-1 s^-2 (CODATA); tabulated timing uncertainty only was scaled (G uncertainty not folded into sigma); DDGR fitted mass; kind=model-derived; solution=DDGR (TEMPO; assumes GR); epoch=T0 57953.2123886 MJD; spin epoch=57982.080242 MJD; timescale=TDB; clock=TT(BIPM2023); Solar System ephemeris=DE440; observation span=57953-60460 MJD; reference frame=J2000.0 astrometry",4.7721836897e+25,SOL-08f49777,
PSR J1946+2052,rotation_period,0.016960175323294,s,"Meng et al. 2025, A&A 704, A153, Table 1 DDGR column",https://doi.org/10.1051/0004-6361/202555689,2026-09-14,"intake_row=2026-09-14. Observation record provided by the original hypothesis author (2026-09-14 intake). solution=Meng2025-DDGR. Solution-tagged row: one complete parameter set from a single published timing solution, placed BESIDE the adopted record - the adopted first row for PSR J1946+2052|rotation_period (1.696017532298e-2) is NOT replaced and readers that take the first matching row are unaffected. Do not mix parameters from different solutions inside one orbital element set. sigma_primary=unverified; intake 2026-09-14. orig 0.016960175323294(1) s; common derived parameter in Table 1; kind=model-derived; solution=DDGR (TEMPO; assumes GR); epoch=T0 57953.2123886 MJD; spin epoch=57982.080242 MJD; timescale=TDB; clock=TT(BIPM2023); Solar System ephemeris=DE440; observation span=57953-60460 MJD; reference frame=J2000.0 astrometry",1e-15,SOL-f25b4118,
Mars,mass_candidate,6.4169e23,kg,"NASA NSSDC Mars Fact Sheet, Physical Parameters",https://nssdc.gsfc.nasa.gov/planetary/factsheet/marsfact.html,2026-09-14,intake_row=2026-09-14. Observation record provided by the original hypothesis author (2026-09-14 intake). Candidate row: value differs from the current record. sigma_primary=unverified; intake 2026-09-14. value differs from current record; orig 0.64169×10^24 kg; epoch=not stated; time_scale=not applicable; frame=not applicable; kind=model-derived; no uncertainty published,,SOL-0e478056,
Mars,rotation_period_candidate,88642.44,s,"NASA NSSDC Mars Fact Sheet, Physical Parameters",https://nssdc.gsfc.nasa.gov/planetary/factsheet/marsfact.html,2026-09-14,intake_row=2026-09-14. Observation record provided by the original hypothesis author (2026-09-14 intake). Candidate row: value differs from the current record. sigma_primary=unverified; intake 2026-09-14. value differs from current record; orig 24.6229 h; epoch=not stated; time_scale=not stated; frame=IAU body-fixed relative to inertial; kind=model-derived; no uncertainty published,,SOL-17a8b8a2,
Mars,GM,4.282837362e13,m^3/s^2,"JPL Solar System Dynamics, Planet and Pluto GM Values (MAR097)",https://ssd.jpl.nasa.gov/sats/phys_par/,2026-09-14,"intake_row=2026-09-14. Observation record provided by the original hypothesis author (2026-09-14 intake). GM row (the quantity as published; the kg mass in this file is a conversion of it). sigma_primary=unverified; intake 2026-09-14. orig 42828.37362 km^3/s^2; epoch=MAR097 solution span/reference epoch not exposed in this table; time_scale=ephemeris-dependent/not stated; frame=Mars-system barycentric ephemeris; kind=ephemeris-fit; CODATA 2018 G=6.67430e-11 m^3 kg^-1 s^-2, relative standard uncertainty 2.2e-5",800000,SOL-ad162a38,
Phobos,mass_candidate,1.061834199841182e16,kg,"JPL Solar System Dynamics, Planetary Satellite Physical Parameters (MAR097); Tiesinga et al. 2021, Rev. Mod. Phys. 93, 025010",https://ssd.jpl.nasa.gov/sats/phys_par/,2026-09-14,"intake_row=2026-09-14. Observation record provided by the original hypothesis author (2026-09-14 intake). Candidate row: value differs from the current record. sigma_primary=unverified; intake 2026-09-14. value differs from current record; derived from orig GM 0.0007087 km^3/s^2 and CODATA 2018 G=6.67430e-11 m^3 kg^-1 s^-2, relative standard uncertainty 2.2e-5; epoch=MAR097 solution; time_scale=ephemeris-dependent/not stated; frame=Mars-centered ephemeris; kind=model-derived; no mass uncertainty published",,SOL-56490a42,
Phobos,semi_major_axis_candidate,9378000,m,"NASA NSSDC Mars Fact Sheet, Satellite Parameters",https://nssdc.gsfc.nasa.gov/planetary/factsheet/marsfact.html,2026-09-14,intake_row=2026-09-14. Observation record provided by the original hypothesis author (2026-09-14 intake). Candidate row: value differs from the current record. sigma_primary=unverified; intake 2026-09-14. value differs from current record; orig 9378 km; epoch=not stated; time_scale=not stated; frame=Mars-centered; kind=ephemeris-fit; no uncertainty published,,SOL-eafd3fa8,
Phobos,orbital_period_candidate,27553.824,s,"NASA NSSDC Mars Fact Sheet, Satellite Parameters",https://nssdc.gsfc.nasa.gov/planetary/factsheet/marsfact.html,2026-09-14,intake_row=2026-09-14. Observation record provided by the original hypothesis author (2026-09-14 intake). Candidate row: value differs from the current record. sigma_primary=unverified; intake 2026-09-14. value differs from current record; orig 0.31891 d; 1 d=86400 s; epoch=not stated; time_scale=not stated; frame=Mars-centered; kind=ephemeris-fit; no uncertainty published,,SOL-52ba8e50,
Phobos,GM,708700,m^3/s^2,"JPL Solar System Dynamics, Planetary Satellite Physical Parameters (MAR097)",https://ssd.jpl.nasa.gov/sats/phys_par/,2026-09-14,"intake_row=2026-09-14. Observation record provided by the original hypothesis author (2026-09-14 intake). GM row (the quantity as published; the kg mass in this file is a conversion of it). sigma_primary=unverified; intake 2026-09-14. orig 0.0007087 km^3/s^2; epoch=MAR097 solution span/reference epoch not exposed in table; time_scale=ephemeris-dependent/not stated; frame=Mars-centered ephemeris; kind=ephemeris-fit; CODATA 2018 G=6.67430e-11, relative standard uncertainty 2.2e-5",600,SOL-b91bc923,
Deimos,mass_candidate,1.441349654645431e15,kg,"JPL Solar System Dynamics, Planetary Satellite Physical Parameters (MAR097); Tiesinga et al. 2021, Rev. Mod. Phys. 93, 025010",https://ssd.jpl.nasa.gov/sats/phys_par/,2026-09-14,"intake_row=2026-09-14. Observation record provided by the original hypothesis author (2026-09-14 intake). Candidate row: value differs from the current record. sigma_primary=unverified; intake 2026-09-14. value differs from current record; derived from orig GM 0.0000962 km^3/s^2 and CODATA 2018 G=6.67430e-11 m^3 kg^-1 s^-2, relative standard uncertainty 2.2e-5; NASA NSSDC fact sheet lists 2.4×10^15 kg; epoch=MAR097 solution; time_scale=ephemeris-dependent/not stated; frame=Mars-centered ephemeris; kind=model-derived; no mass uncertainty published",,SOL-5201e33d,
Deimos,radius_candidate,6200,m,"JPL Solar System Dynamics, Planetary Satellite Physical Parameters, mean radius ref. 1",https://ssd.jpl.nasa.gov/sats/phys_par/,2026-09-14,intake_row=2026-09-14. Observation record provided by the original hypothesis author (2026-09-14 intake). Candidate row: value differs from the current record. sigma_primary=unverified; intake 2026-09-14. value differs from current record; orig 6.2 km; epoch=IAU 2015 report; time_scale=not applicable; frame=body-fixed equivalent-volume sphere; kind=model-derived,240,SOL-8df6af35,
Deimos,semi_major_axis_candidate,23459000,m,"NASA NSSDC Mars Fact Sheet, Satellite Parameters",https://nssdc.gsfc.nasa.gov/planetary/factsheet/marsfact.html,2026-09-14,intake_row=2026-09-14. Observation record provided by the original hypothesis author (2026-09-14 intake). Candidate row: value differs from the current record. sigma_primary=unverified; intake 2026-09-14. value differs from current record; orig 23459 km; epoch=not stated; time_scale=not stated; frame=Mars-centered; kind=ephemeris-fit; no uncertainty published,,SOL-0a3db0c2,
Deimos,eccentricity_candidate,0.0005,1,"NASA NSSDC Mars Fact Sheet, Satellite Parameters",https://nssdc.gsfc.nasa.gov/planetary/factsheet/marsfact.html,2026-09-14,intake_row=2026-09-14. Observation record provided by the original hypothesis author (2026-09-14 intake). Candidate row: value differs from the current record. sigma_primary=unverified; intake 2026-09-14. value differs from current record; orig 0.0005 dimensionless; epoch=not stated; time_scale=not stated; frame=Mars-centered; kind=ephemeris-fit; no uncertainty published,,SOL-a753c80a,
Deimos,orbital_period_candidate,109074.816,s,"NASA NSSDC Mars Fact Sheet, Satellite Parameters",https://nssdc.gsfc.nasa.gov/planetary/factsheet/marsfact.html,2026-09-14,intake_row=2026-09-14. Observation record provided by the original hypothesis author (2026-09-14 intake). Candidate row: value differs from the current record. sigma_primary=unverified; intake 2026-09-14. value differs from current record; orig 1.26244 d; 1 d=86400 s; epoch=not stated; time_scale=not stated; frame=Mars-centered; kind=ephemeris-fit; no uncertainty published,,SOL-cbd2c240,
Deimos,GM,96200,m^3/s^2,"JPL Solar System Dynamics, Planetary Satellite Physical Parameters (MAR097)",https://ssd.jpl.nasa.gov/sats/phys_par/,2026-09-14,"intake_row=2026-09-14. Observation record provided by the original hypothesis author (2026-09-14 intake). GM row (the quantity as published; the kg mass in this file is a conversion of it). sigma_primary=unverified; intake 2026-09-14. orig 0.0000962 km^3/s^2; epoch=MAR097 solution span/reference epoch not exposed in table; time_scale=ephemeris-dependent/not stated; frame=Mars-centered ephemeris; kind=ephemeris-fit; CODATA 2018 G=6.67430e-11, relative standard uncertainty 2.2e-5",2800,SOL-88eb0ce7,
Pluto,rotation_period_candidate,-551854.08,s,"NASA NSSDC Pluto Fact Sheet, Physical Parameters",https://nssdc.gsfc.nasa.gov/planetary/factsheet/plutofact.html,2026-09-14,intake_row=2026-09-14. Observation record provided by the original hypothesis author (2026-09-14 intake). Candidate row: value differs from the current record. sigma_primary=unverified; intake 2026-09-14. value differs from current record; orig -153.2928 h; epoch=not stated; time_scale=not stated; frame=IAU body-fixed relative to inertial; kind=model-derived; no uncertainty published,,SOL-24cff054,
Pluto,GM,8.693e11,m^3/s^2,"JPL Solar System Dynamics, Planet and Pluto GM Values (PLU060)",https://ssd.jpl.nasa.gov/sats/phys_par/,2026-09-14,"intake_row=2026-09-14. Observation record provided by the original hypothesis author (2026-09-14 intake). GM row (the quantity as published; the kg mass in this file is a conversion of it). sigma_primary=verified; intake 2026-09-14. orig 869.3 km^3/s^2; epoch=PLU060 solution span/reference epoch not exposed in table; time_scale=ephemeris-dependent/not stated; frame=Pluto-system barycentric ephemeris; kind=ephemeris-fit; CODATA 2018 G=6.67430e-11, relative standard uncertainty 2.2e-5; intake_check=2026-09-22 (request C, two independent external surveys); both=869.3 +/- 0.4 km^3/s^2 (Brozovic & Jacobson 2024 AJ 167 256 Table 8 Current Work = the PLU060 solution this row quotes)|869.6 +/- 1.8 km^3/s^2 (Brozovic et al. 2015 Icarus 246 317 = the PLU043 solution); solutionId=PLU060-2024; the 2015 and 2024 solutions are transcribed as separate rows and are NOT mixed in one judgement row; verified_by=原仮定者 2026-09-23; verified_at=Brozovic & Jacobson 2024 AJ 167 256 Table 8 (Satellite Masses) Current Work column GM (km^3 s^-2) Pluto row (the PLU060 value this JPL SSD page quotes); verified_value=869.3 +/- 0.4; confirmation_round=5; same_table_as=SOL-5e034c8b; solution=PLU060-2024 (registered in paper/data/solutions.json and carried by the solution_id column from 2026-09-23; the earlier solutionId= spelling above is kept as history)",400000000,SOL-89b3bd11,PLU060-2024
Charon,GM,1.061e11,m^3/s^2,"JPL Solar System Dynamics, Planetary Satellite Physical Parameters (PLU060)",https://ssd.jpl.nasa.gov/sats/phys_par/,2026-09-14,"intake_row=2026-09-14. Observation record provided by the original hypothesis author (2026-09-14 intake). GM row (the quantity as published; the kg mass in this file is a conversion of it). sigma_primary=verified; intake 2026-09-14. orig 106.1 km^3/s^2; epoch=PLU060 solution span/reference epoch not exposed in table; time_scale=ephemeris-dependent/not stated; frame=Pluto-centered ephemeris; kind=ephemeris-fit; CODATA 2018 G=6.67430e-11, relative standard uncertainty 2.2e-5; intake_check=2026-09-22 (request C, two independent external surveys); both=106.1 +/- 0.3 km^3/s^2 (Brozovic & Jacobson 2024 AJ 167 256 Table 8 Current Work = the PLU060 solution this row quotes)|105.9 +/- 1.0 km^3/s^2 (Brozovic et al. 2015 abstract) and 105.88 +/- 1.0 km^3/s^2 (Brozovic et al. 2015 Table 10 GM column); solutionId=PLU060-2024; the 2015 and 2024 solutions are transcribed as separate rows and are NOT mixed in one judgement row; verified_by=原仮定者 2026-09-23; verified_at=Brozovic & Jacobson 2024 AJ 167 256 Table 8 (Satellite Masses) Current Work column GM (km^3 s^-2) Charon row (the PLU060 value this JPL SSD page quotes); verified_value=106.1 +/- 0.3 {0.12}; confirmation_round=5; same_table_as=SOL-2a069190; sigma_kind=inflated-conservative; formal_1sigma=1.2e8 m^3/s^2; inflation=~2; solution=PLU060-2024 (registered in paper/data/solutions.json and carried by the solution_id column from 2026-09-23; the earlier solutionId= spelling above is kept as history)",300000000,SOL-3e64c063,PLU060-2024
Sun,mass_candidate,1.988409870698051e30,kg,"IAU 2015 Resolution B3; Tiesinga et al. 2021, Rev. Mod. Phys. 93, 025010",https://doi.org/10.1103/RevModPhys.93.025010,2026-09-14,"intake_row=2026-09-14. Observation record provided by the original hypothesis author (2026-09-14 intake). Candidate row: value differs from the current record. sigma_primary=unverified; intake 2026-09-14. value differs from current record; derived from exact nominal GM 1.3271244e20 m^3/s^2 divided by CODATA 2018 G=6.67430e-11 m^3 kg^-1 s^-2, relative standard uncertainty 2.2e-5; epoch=not applicable; time_scale=not applicable; frame=not applicable; kind=model-derived; no mass uncertainty published",,SOL-20cf5c58,
Sun,radius_candidate,6.957e8,m,"IAU 2015 Resolution B3, nominal solar conversion constants",https://www.iau.org/static/resolutions/IAU2015_English.pdf,2026-09-14,"intake_row=2026-09-14. Observation record provided by the original hypothesis author (2026-09-14 intake). Candidate row: value differs from the current record. sigma_primary=unverified; intake 2026-09-14. value differs from current record; orig exact nominal solar radius 6.957e8 m; epoch=not applicable; time_scale=not applicable; frame=nominal spherical scale; kind=model-derived; exact nominal constant, no uncertainty",,SOL-abcdb106,
Sun,rotation_period_candidate,2192832,s,"Wilcox Solar Observatory, Carrington Coordinates",https://wso.stanford.edu/words/Coordinates.html,2026-09-14,intake_row=2026-09-14. Observation record provided by the original hypothesis author (2026-09-14 intake). Candidate row: value differs from the current record. sigma_primary=unverified; intake 2026-09-14. value differs from current record; orig 25.38 d; 1 d=86400 s; epoch=Carrington rotation convention; time_scale=mean solar day/not further stated; frame=Carrington heliographic; kind=model-derived; no uncertainty published,,SOL-2eee2cb6,
Sun,GM,1.3271244e20,m^3/s^2,"IAU 2015 Resolution B3, nominal solar conversion constants",https://www.iau.org/static/resolutions/IAU2015_English.pdf,2026-09-14,"intake_row=2026-09-14. Observation record provided by the original hypothesis author (2026-09-14 intake). GM row (the quantity as published; the kg mass in this file is a conversion of it). sigma_primary=unverified; intake 2026-09-14. orig exact nominal solar mass parameter 1.3271244e20 m^3/s^2; epoch=not applicable; time_scale=not applicable; frame=not applicable; kind=model-derived; exact nominal constant, no uncertainty; CODATA 2018 G=6.67430e-11, relative standard uncertainty 2.2e-5",,SOL-fa5165ff,
Venus,mass_candidate,4.8673e24,kg,"NASA NSSDC Venus Fact Sheet, Physical Parameters",https://nssdc.gsfc.nasa.gov/planetary/factsheet/venusfact.html,2026-09-14,intake_row=2026-09-14. Observation record provided by the original hypothesis author (2026-09-14 intake). Candidate row: value differs from the current record. sigma_primary=unverified; intake 2026-09-14. value differs from current record; orig 4.8673×10^24 kg; epoch=not stated; time_scale=not applicable; frame=not applicable; kind=model-derived; no uncertainty published,,SOL-114a8582,
Venus,radius_candidate,6051800,m,"NASA NSSDC Venus Fact Sheet, Physical Parameters",https://nssdc.gsfc.nasa.gov/planetary/factsheet/venusfact.html,2026-09-14,intake_row=2026-09-14. Observation record provided by the original hypothesis author (2026-09-14 intake). Candidate row: value differs from the current record. sigma_primary=unverified; intake 2026-09-14. value differs from current record; orig 6051.8 km; epoch=not stated; time_scale=not applicable; frame=body-fixed mean figure; kind=model-derived; no uncertainty published,,SOL-5e0c21cf,
Venus,semi_major_axis_candidate,1.08210e11,m,"NASA NSSDC Venus Fact Sheet, Orbital Parameters",https://nssdc.gsfc.nasa.gov/planetary/factsheet/venusfact.html,2026-09-14,intake_row=2026-09-14. Observation record provided by the original hypothesis author (2026-09-14 intake). Candidate row: value differs from the current record. sigma_primary=unverified; intake 2026-09-14. value differs from current record; orig 108.210×10^6 km; epoch=not stated for summary value; time_scale=not stated; frame=heliocentric; kind=ephemeris-fit; no uncertainty published,,SOL-e933d950,
Venus,eccentricity_candidate,0.0068,1,"NASA NSSDC Venus Fact Sheet, Orbital Parameters",https://nssdc.gsfc.nasa.gov/planetary/factsheet/venusfact.html,2026-09-14,intake_row=2026-09-14. Observation record provided by the original hypothesis author (2026-09-14 intake). Candidate row: value differs from the current record. sigma_primary=unverified; intake 2026-09-14. value differs from current record; orig 0.0068 dimensionless; epoch=not stated for summary value; time_scale=not stated; frame=heliocentric; kind=ephemeris-fit; no uncertainty published,,SOL-f3676f5e,
Uranus,rotation_period_candidate,-62064,s,"NASA NSSDC Uranus Fact Sheet, Physical Parameters",https://nssdc.gsfc.nasa.gov/planetary/factsheet/uranusfact.html,2026-09-14,intake_row=2026-09-14. Observation record provided by the original hypothesis author (2026-09-14 intake). Candidate row: value differs from the current record. sigma_primary=unverified; intake 2026-09-14. value differs from current record; orig -17.24 h; epoch=not stated; time_scale=not stated; frame=IAU body-fixed relative to inertial; kind=model-derived; no uncertainty published,,SOL-0e79902d,
Uranus,GM,5.7939513e15,m^3/s^2,"JPL Solar System Dynamics, Planet and Pluto GM Values (URA111)",https://ssd.jpl.nasa.gov/sats/phys_par/,2026-09-14,"intake_row=2026-09-14. Observation record provided by the original hypothesis author (2026-09-14 intake). GM row (the quantity as published; the kg mass in this file is a conversion of it). sigma_primary=unverified; intake 2026-09-14. orig 5793951.3 km^3/s^2; epoch=URA111 solution span/reference epoch not exposed in table; time_scale=ephemeris-dependent/not stated; frame=Uranus-system barycentric ephemeris; kind=ephemeris-fit; CODATA 2018 G=6.67430e-11, relative standard uncertainty 2.2e-5",4.4e9,SOL-564f358b,
Miranda,radius_candidate,235800,m,"JPL Solar System Dynamics, Planetary Satellite Physical Parameters, mean radius ref. 1",https://ssd.jpl.nasa.gov/sats/phys_par/,2026-09-14,"intake_row=2026-09-14. Observation record provided by the original hypothesis author (2026-09-14 intake). Candidate row: the intake value does not reproduce the current record (current 235700 m, intake 235800 m, relative difference 4.24e-4), so the sigma is carried on this candidate row and the current record is left untouched. sigma_primary=unverified; intake 2026-09-14. orig 235.8 km; epoch=IAU 2015 report; time_scale=not applicable; frame=body-fixed equivalent-volume sphere; kind=model-derived",700,SOL-53796ee4,
Miranda,GM,4.3e9,m^3/s^2,"JPL Solar System Dynamics, Planetary Satellite Physical Parameters (URA111)",https://ssd.jpl.nasa.gov/sats/phys_par/,2026-09-14,"intake_row=2026-09-14. Observation record provided by the original hypothesis author (2026-09-14 intake). GM row (the quantity as published; the kg mass in this file is a conversion of it). sigma_primary=unverified; intake 2026-09-14. orig 4.3 km^3/s^2; epoch=URA111 solution span/reference epoch not exposed in table; time_scale=ephemeris-dependent/not stated; frame=Uranus-centered ephemeris; kind=ephemeris-fit; CODATA 2018 G=6.67430e-11, relative standard uncertainty 2.2e-5",2e8,SOL-76e4c02e,
Ariel,GM,8.35e10,m^3/s^2,"JPL Solar System Dynamics, Planetary Satellite Physical Parameters (URA111)",https://ssd.jpl.nasa.gov/sats/phys_par/,2026-09-14,"intake_row=2026-09-14. Observation record provided by the original hypothesis author (2026-09-14 intake). GM row (the quantity as published; the kg mass in this file is a conversion of it). sigma_primary=unverified; intake 2026-09-14. orig 83.5 km^3/s^2; epoch=URA111 solution span/reference epoch not exposed in table; time_scale=ephemeris-dependent/not stated; frame=Uranus-centered ephemeris; kind=ephemeris-fit; CODATA 2018 G=6.67430e-11, relative standard uncertainty 2.2e-5",1.4e9,SOL-d02c1e78,
Umbriel,GM,8.51e10,m^3/s^2,"JPL Solar System Dynamics, Planetary Satellite Physical Parameters (URA111)",https://ssd.jpl.nasa.gov/sats/phys_par/,2026-09-14,"intake_row=2026-09-14. Observation record provided by the original hypothesis author (2026-09-14 intake). GM row (the quantity as published; the kg mass in this file is a conversion of it). sigma_primary=unverified; intake 2026-09-14. orig 85.1 km^3/s^2; epoch=URA111 solution span/reference epoch not exposed in table; time_scale=ephemeris-dependent/not stated; frame=Uranus-centered ephemeris; kind=ephemeris-fit; CODATA 2018 G=6.67430e-11, relative standard uncertainty 2.2e-5",1.9e9,SOL-bb90e479,
Titania,GM,2.269e11,m^3/s^2,"JPL Solar System Dynamics, Planetary Satellite Physical Parameters (URA111)",https://ssd.jpl.nasa.gov/sats/phys_par/,2026-09-14,"intake_row=2026-09-14. Observation record provided by the original hypothesis author (2026-09-14 intake). GM row (the quantity as published; the kg mass in this file is a conversion of it). sigma_primary=unverified; intake 2026-09-14. orig 226.9 km^3/s^2; epoch=URA111 solution span/reference epoch not exposed in table; time_scale=ephemeris-dependent/not stated; frame=Uranus-centered ephemeris; kind=ephemeris-fit; CODATA 2018 G=6.67430e-11, relative standard uncertainty 2.2e-5",4.1e9,SOL-c3eda053,
Oberon,GM,2.053e11,m^3/s^2,"JPL Solar System Dynamics, Planetary Satellite Physical Parameters (URA111)",https://ssd.jpl.nasa.gov/sats/phys_par/,2026-09-14,"intake_row=2026-09-14. Observation record provided by the original hypothesis author (2026-09-14 intake). GM row (the quantity as published; the kg mass in this file is a conversion of it). sigma_primary=unverified; intake 2026-09-14. orig 205.3 km^3/s^2; epoch=URA111 solution span/reference epoch not exposed in table; time_scale=ephemeris-dependent/not stated; frame=Uranus-centered ephemeris; kind=ephemeris-fit; CODATA 2018 G=6.67430e-11, relative standard uncertainty 2.2e-5",5.8e9,SOL-c3545101,
Neptune,GM,6.83509997e15,m^3/s^2,"JPL Solar System Dynamics, Planet and Pluto GM Values (NEP097)",https://ssd.jpl.nasa.gov/sats/phys_par/,2026-09-14,"intake_row=2026-09-14. Observation record provided by the original hypothesis author (2026-09-14 intake). GM row (the quantity as published; the kg mass in this file is a conversion of it). sigma_primary=unverified; intake 2026-09-14. orig 6835099.97 km^3/s^2; epoch=NEP097 solution span/reference epoch not exposed in table; time_scale=ephemeris-dependent/not stated; frame=Neptune-system barycentric ephemeris; kind=ephemeris-fit; CODATA 2018 G=6.67430e-11, relative standard uncertainty 2.2e-5",9.63e9,SOL-7ff150ef,
Triton,radius_candidate,1352600,m,"JPL Solar System Dynamics, Planetary Satellite Physical Parameters, mean radius ref. 1",https://ssd.jpl.nasa.gov/sats/phys_par/,2026-09-14,intake_row=2026-09-14. Observation record provided by the original hypothesis author (2026-09-14 intake). Candidate row: value differs from the current record. sigma_primary=unverified; intake 2026-09-14. value differs from current record; orig 1352.60 km; epoch=IAU 2015 report; time_scale=not applicable; frame=body-fixed equivalent-volume sphere; kind=model-derived,2400,SOL-0502d50f,
Triton,inclination_deg,157.3449821495,deg,"NASA NSSDC Neptunian Satellite Fact Sheet, Orbital Parameters",https://nssdc.gsfc.nasa.gov/planetary/factsheet/neptuniansatfact.html,2026-09-14,intake_row=2026-09-14. Observation record provided by the original hypothesis author (2026-09-14 intake). Row absent from this file until the 2026-09-14 intake. sigma_primary=unverified; intake 2026-09-14. orig 2.746188 rad from current record; converted to degrees; NASA table publishes 157.345 deg; epoch=not stated; time_scale=not stated; frame=Neptune equator; kind=ephemeris-fit; no uncertainty published,,SOL-14b262e9,
Triton,GM,1.42849546e12,m^3/s^2,"JPL Solar System Dynamics, Planetary Satellite Physical Parameters (NEP097)",https://ssd.jpl.nasa.gov/sats/phys_par/,2026-09-14,"intake_row=2026-09-14. Observation record provided by the original hypothesis author (2026-09-14 intake). GM row (the quantity as published; the kg mass in this file is a conversion of it). sigma_primary=unverified; intake 2026-09-14. orig 1428.49546 km^3/s^2; epoch=NEP097 solution span/reference epoch not exposed in table; time_scale=ephemeris-dependent/not stated; frame=Neptune-centered ephemeris; kind=ephemeris-fit; CODATA 2018 G=6.67430e-11, relative standard uncertainty 2.2e-5",6.1603e8,SOL-f226230e,
Alpha Centauri B,rotation_period_candidate,3127680,s,"DeWarf et al. 2010, ApJ 722, 343-357",https://doi.org/10.1088/0004-637X/722/1/343,2026-09-14,intake_row=2026-09-14. Observation record provided by the original hypothesis author (2026-09-14 intake). Candidate row: value differs from the current record. sigma_primary=unverified; intake 2026-09-14. value differs from current record; orig 36.2 d; 1 d=86400 s; epoch=1995-2007 activity monitoring; time_scale=observation time standard not stated in reported period; frame=stellar rotation; kind=model-derived; reported ±1.4 d is not explicitly identified as 1σ; no 1σ uncertainty published,,SOL-8b59c423,
PSR J1757-1854,mass_candidate,1.3406,M_sun,"Singha et al. 2026, arXiv:2606.23926 (preprint)",https://arxiv.org/abs/2606.23926,2026-09-14,intake_row=2026-09-14. Observation record provided by the original hypothesis author (2026-09-14 intake). Candidate row: value differs from the current record. sigma_primary=unverified; intake 2026-09-14. value differs from current record; orig 1.3406(5) M_sun; epoch=updated timing solution reference epoch in preprint; time_scale=pulsar timing standard in preprint; frame=Solar-system barycentric; kind=model-derived,0.0005,SOL-8773decf,
PSR J1757-1854 companion,mass_candidate,1.3922,M_sun,"Singha et al. 2026, arXiv:2606.23926 (preprint)",https://arxiv.org/abs/2606.23926,2026-09-14,intake_row=2026-09-14. Observation record provided by the original hypothesis author (2026-09-14 intake). Candidate row: value differs from the current record. sigma_primary=unverified; intake 2026-09-14. value differs from current record; orig 1.3922(5) M_sun; epoch=updated timing solution reference epoch in preprint; time_scale=pulsar timing standard in preprint; frame=Solar-system barycentric; kind=model-derived,0.0005,SOL-12f58a03,
PSR B1534+12,total_mass_candidate,2.678463,M_sun,"Fonseca, Stairs & Thorsett 2014, ApJ 787, 82, Table 3 (DDGR)",https://arxiv.org/abs/1402.4836,2026-09-14,"intake_row=2026-09-14. Observation record provided by the original hypothesis author (2026-09-14 intake). Candidate row: the intake value does not reproduce the current record (current 5.3260836e30 kg, intake 2.678463 M_sun = 5.32612e30 kg x 1.9885e30 kg (committed solar-mass value, row Sun|mass), relative difference 7.52e-6), so the sigma is carried on this candidate row and the current record is left untouched. sigma_primary=unverified; intake 2026-09-14. orig 2.678463(4) M_sun; epoch=T0 MJD 52076.827113; time_scale=TEMPO pulsar timing convention; frame=Solar-system barycentric using JPL DE421; kind=model-derived; table uncertainties are 1σ",0.000004,SOL-63b1d91f,
PSR B1534+12,projected_semimajor_axis_candidate,3.72946417,s,"Fonseca, Stairs & Thorsett 2014, ApJ 787, 82, Table 3 (DDGR)",https://arxiv.org/abs/1402.4836,2026-09-14,intake_row=2026-09-14. Observation record provided by the original hypothesis author (2026-09-14 intake). Candidate row: value differs from the current record. sigma_primary=unverified; intake 2026-09-14. value differs from current record; orig x=3.72946417(13) light-seconds expressed as light-travel time seconds; epoch=T0 MJD 52076.827113; time_scale=TEMPO pulsar timing convention; frame=Solar-system barycentric projected pulsar orbit; kind=ephemeris-fit; table uncertainties are 1σ,0.00000013,SOL-62643822,
PSR J1757-1854 companion,radius,11750,m,"Dietrich et al. 2020, Science 370, 1450-1453",https://doi.org/10.1126/science.abb4317,2026-09-14,"intake_row=2026-09-14. Observation record provided by the original hypothesis author (2026-09-14 intake). Row absent from this file until the 2026-09-14 intake. sigma_primary=unverified; intake 2026-09-14. sigma_asymmetric=+860/-810 (90% confidence) (the sigma column carries symmetric 1-sigma values only). orig R_1.4=11.75(+0.86/-0.81) km at 90% confidence; epoch=multi-messenger data through GW190425; time_scale=event analyses use detector timing conventions, not applicable to radius; frame=source-frame neutron-star radius; kind=model-derived; typical 1.4-M_sun equation-of-state radius, not an individual measurement of the PSR J1757-1854 companion",,SOL-c57576ae,
PSR J1946+2052 companion,radius,11750,m,"Dietrich et al. 2020, Science 370, 1450-1453",https://doi.org/10.1126/science.abb4317,2026-09-14,"intake_row=2026-09-14. Observation record provided by the original hypothesis author (2026-09-14 intake). Row absent from this file until the 2026-09-14 intake. sigma_primary=unverified; intake 2026-09-14. sigma_asymmetric=+860/-810 (90% confidence) (the sigma column carries symmetric 1-sigma values only). orig R_1.4=11.75(+0.86/-0.81) km at 90% confidence; epoch=multi-messenger data through GW190425; time_scale=event analyses use detector timing conventions, not applicable to radius; frame=source-frame neutron-star radius; kind=model-derived; typical 1.4-M_sun equation-of-state radius, not an individual measurement of the PSR J1946+2052 companion",,SOL-c6c2cdb8,
Moon,orbital_period,2360620.8,s,JPL SSD Planetary Satellite Mean Elements (Moon; ephemeris DE405/LE405),https://ssd.jpl.nasa.gov/sats/elem/,2026-09-15,kind=ephemeris-fit; epoch=2000-01-01.5 TDB; frame=mean ecliptic; elements=mean; sidereal period about Earth; orig 27.322 d; 1 d=86400 s; sigma_kind=none; no uncertainty published in JPL SSD table; digits=0.0005 d (half last published digit of 27.322 d); sigma_primary=unverified; intake 2026-09-15; intake_row=2026-09-15; verified_by=; record_stream=1+2; collate=partial; agree=2; spread=29.241,,SOL-78ad2781,
Moon,orbital_period,2360594.88,s,NASA NSSDC Moon Fact Sheet,https://nssdc.gsfc.nasa.gov/planetary/factsheet/moonfact.html,2026-09-15,kind=ephemeris-fit; NSSDC fact sheet (no uncertainty); sidereal revolution period; orig 27.3217 d; 1 d=86400 s; sigma_kind=none; conflict=JPL SSD Planetary Satellite Mean Elements; time system not stated on sheet; sigma_primary=unverified; intake 2026-09-15; intake_row=2026-09-15; verified_by=; record_stream=1; collate=partial; spread=29.241,,SOL-2a8d6064,
Moon,orbital_period,2360591.559,s,IERS Conventions Delaunay arguments (from Simon et al. 1994 A&A 282 663) as quoted by IERS EOP-PC useful constants / IERS Conventions,https://hpiers.obspm.fr/eop-pc/models/constants.html; https://doi.org/10.1051/aa:1994149,2026-09-15,kind=model-derived; epoch=J2000.0 TT; frame=mean ecliptic and equinox of date (Delaunay set); elements=mean; sidereal period from mean-longitude rate L_dot=F_dot+Omega_dot with F_dot=1739527262.8478 arcsec/cy and Omega_dot=-6962890.5431 arcsec/cy (t in Julian centuries of 36525 d of 86400 s TT from J2000.0); n=13.176396198 deg/d; orig P=27.32166156 d; 1 d=86400 s; sigma_kind=none; no 1-sigma published on these truncated IERS coefficients; this rate INCLUDES general precession of the equinox of date; sigma_primary=unverified; intake 2026-09-15; intake_row=2026-09-15; verified_by=; record_stream=1; collate=partial; spread=29.241,,SOL-82ff686c,
Moon,anomalistic_period,2380713.111,s,IERS Conventions Delaunay arguments (Simon et al. 1994 A&A 282 663),https://hpiers.obspm.fr/eop-pc/models/constants.html; https://doi.org/10.1051/aa:1994149,2026-09-15,kind=model-derived; F2 definition=anomalistic (perigee-to-perigee) period from lunar mean anomaly rate l_dot=1717915923.2178 arcsec/cy; n_anom=13.06526701 deg/d; orig 27.5545499 d; epoch=J2000.0 TT; frame=mean ecliptic and equinox of date; elements=mean; sigma_kind=none; sigma_primary=unverified; intake 2026-09-15; intake_row=2026-09-15; verified_by=; record_stream=1; collate=only-1,,SOL-6ec258bb,
Moon,eccentricity,0.0554,1,JPL SSD Planetary Satellite Mean Elements (Moon; ephemeris DE405/LE405),https://ssd.jpl.nasa.gov/sats/elem/,2026-09-15,kind=ephemeris-fit; epoch=2000-01-01.5 TDB; frame=mean ecliptic; elements=mean; orig 0.0554; sigma_kind=none; no uncertainty published in JPL SSD table; digits=0.00005; osculating e varies strongly (evection); mean element listed; sigma_primary=unverified; intake 2026-09-15; intake_row=2026-09-15; verified_by=; record_stream=1+2; collate=partial; agree=2; spread=0.0005,,SOL-f810f204,
Moon,eccentricity,0.0549,1,NASA NSSDC Moon Fact Sheet,https://nssdc.gsfc.nasa.gov/planetary/factsheet/moonfact.html,2026-09-15,kind=ephemeris-fit; NSSDC fact sheet (no uncertainty); elements=mean (sheet label Orbit eccentricity); sigma_kind=none; conflict=JPL SSD 0.0554; sheet notes distance range 357000-407000 km but does not publish min/max e; sigma_primary=unverified; intake 2026-09-15; intake_row=2026-09-15; verified_by=; record_stream=1; collate=partial; spread=0.0005,,SOL-47b082ec,
Moon,apsidal_period,5.997,yr,JPL SSD Planetary Satellite Mean Elements (Moon; column P apsis),https://ssd.jpl.nasa.gov/sats/elem/,2026-09-15,kind=ephemeris-fit; F2 stopped here: JPL defines P apsis as argument-of-periapsis (omega) precession period NOT longitude-of-perigee (varpi) period; epoch=2000-01-01.5 TDB; frame=mean ecliptic; elements=mean; orig 5.997 yr; P node separately 18.600 yr; longitude-of-perigee period is the ~8.85 yr quantity; sigma_kind=none; no uncertainty published in JPL SSD table; equinox-precession: inertial mean ecliptic of J2000 table frame; sigma_primary=unverified; intake 2026-09-15; intake_row=2026-09-15; verified_by=; record_stream=1+2; collate=agree; agree=2,,SOL-59edf981,
Moon,periastron_advance_with_precession,40.690137,deg/yr,IERS Conventions Delaunay arguments from Simon et al. 1994 A&A 282 663 (IERS EOP-PC quotation),https://hpiers.obspm.fr/eop-pc/models/constants.html; https://doi.org/10.1051/aa:1994149,2026-09-15,kind=model-derived; F2 stopped here: Delaunay arguments are referred to the mean ecliptic and equinox OF DATE so this varpi_dot INCLUDES general precession of the equinox; varpi = L - l; varpi_dot = L_dot - l_dot = 4069.01364 deg/Julian century; orig 4069.01364 deg/cy; converted /100; epoch=J2000.0 TT; elements=mean; sigma_kind=none; conversion constants for inertial rate are general precession p (see next row) — do not subtract here; sigma_primary=unverified; intake 2026-09-15; intake_row=2026-09-15; verified_by=; record_stream=1; collate=only-1,,SOL-da962358,
Moon,general_precession,0.0139688666666667,deg/yr,IERS EOP-PC useful constants (MHB 2000); p=5028.792(2) arcsec per century,https://hpiers.obspm.fr/eop-pc/models/constants.html,2026-09-15,kind=model-derived; general precession in longitude; orig 5028.792 arcsec/cy; converted /3600/100; supplied as the constant needed to go from equinox-of-date varpi_dot to inertial varpi_dot; 1-sigma orig 0.002 arcsec/cy; corrected=2026-09-16 rounding (transcriber conversion 0.013969 was short by 1.333e-7 deg/yr = 24x the stated 1-sigma 5.556e-9; exact 5028.792/360000); value_checked_by=external review 2026-09-16 (answer B); value_checked_at=IERS EOP-PC General precession in longitude; value_checked_value=5028.792(2) arcsec/cy; conversion=/3600/100; value_checked records an external transcription check only and does NOT promote the sigma_primary mark (the original hypothesis author has not signed it off); this is the IERS MHB2000 value and is NOT the IAU 2006 constant 5028.796195 arcsec/cy used for the derived rows - DO NOT substitute it into derived rows mechanically; sigma_primary=verified; intake 2026-09-15; intake_row=2026-09-15; verified_by=原仮定者 2026-09-16; verified_at=IERS EOP-PC Earth rotation constants General precession in longitude row; verified_value=5028.792(2) arcsec per century; record_stream=1; collate=only-1; value_confirmed=2026-09-16 (the original hypothesis author checked the cited table and column and the printed digits of this row against the confirmation record),0.00000000555555555555556,SOL-85cf149a,
Mercury,orbital_period,7600521.6,s,NASA NSSDC Mercury Fact Sheet,https://nssdc.gsfc.nasa.gov/planetary/factsheet/mercuryfact.html,2026-09-15,kind=ephemeris-fit; NSSDC fact sheet (no uncertainty); sidereal orbit period about the Sun; orig 87.969 d; 1 d=86400 s; J2000 elements listed on sheet; sigma_kind=none; sigma_primary=unverified; intake 2026-09-15; intake_row=2026-09-15; verified_by=; record_stream=1+2; collate=partial; agree=2; spread=22.12,,SOL-4d160640,
Mercury,orbital_period,7600543.75658,s,JPL SSD Approximate Positions of the Planets / Standish Keplerian elements Table 1 (valid 1800-2050),https://ssd.jpl.nasa.gov/planets/approx_pos.html,2026-09-15,kind=ephemeris-fit; period implied by published mean-longitude rate L_dot=149472.67411175 deg/Julian century; P=360*36525/L_dot d; orig L_dot 149472.67411175 deg/Cy; orig P=87.9692565 d; epoch=J2000.0 TDB; frame=mean ecliptic and equinox of J2000; elements=mean (Keplerian fit); sigma_kind=none; no uncertainty published in Standish table; conflict=NSSDC 87.969 d; sigma_primary=unverified; intake 2026-09-15; intake_row=2026-09-15; verified_by=; record_stream=1; collate=partial; spread=22.15658; corrected=2026-09-16 rounding (P rounded to 87.9692565 d before conversion; delta -0.037 s; 2 streams); previous_value=7600543.72 s; exact P=87.96925644194627 d = 7600543.756584158 s from 360*36525/149472.67411175; previous_spread=22.12 (the spread to the NSSDC 87.969 d row becomes 22.15658 s); acknowledged_by=原仮定者 2026-09-17 (the wave-266a rounding correction of this row (7600543.72 -> 7600543.75658 s) is acknowledged by the original hypothesis author; no digit of this row is changed),,SOL-13dda3e6,
Mercury,eccentricity,0.20563593,1,JPL SSD Approximate Positions of the Planets / Standish Keplerian elements Table 1,https://ssd.jpl.nasa.gov/planets/approx_pos.html,2026-09-15,kind=ephemeris-fit; epoch=J2000.0 TDB; frame=mean ecliptic and equinox of J2000; elements=mean; orig e0=0.20563593 (de/dt=0.00001906 /Cy also published); valid 1800-2050 AD; sigma_kind=none; no uncertainty published in Standish table; sigma_primary=unverified; intake 2026-09-15; intake_row=2026-09-15; verified_by=; record_stream=1; collate=partial; spread=5.24e-06,,SOL-2988ef27,
Mercury,eccentricity,0.20563069,1,NASA NSSDC Mercury Fact Sheet (J2000 eccentricity),https://nssdc.gsfc.nasa.gov/planetary/factsheet/mercuryfact.html,2026-09-15,kind=ephemeris-fit; NSSDC fact sheet (no uncertainty); J2000 eccentricity; sigma_kind=none; conflict=Standish Table 1 e0=0.20563593; sigma_primary=unverified; intake 2026-09-15; intake_row=2026-09-15; verified_by=; record_stream=1+2; collate=partial; agree=2; spread=5.24e-06,,SOL-82e1e00b,
Mercury,periastron_advance,0.00159808333333333,deg/yr,Park R.S. Folkner W.M. Konopliv A.S. Williams J.G. Smith D.E. Zuber M.T. 2017 AJ 153 121 Table 3,https://doi.org/10.3847/1538-3881/aa5be2,2026-09-15,kind=ephemeris-fit; TOTAL inertial perihelion precession of longitude of perihelion in Mercury mean-orbit frame (ICRF-defined; Section 4); orig 575.3100 arcsec per Julian century; converted /3600/100; does NOT include equinox-of-date general precession; integration span ~1000-3000 centered on J2000; 1-sigma orig 0.0015 arcsec/cy; sigma_primary=verified; intake 2026-09-15; intake_row=2026-09-15; verified_by=原仮定者 2026-09-16; verified_at=Table 3 Total row; verified_value=575.3100 +/- 0.0015 arcsec per Julian century; record_stream=1+2; collate=partial; agree=2; rounding_variant=0.001598083333 (**同じ一次資料の換算で桁だけが違う転写** — 値は採らずここに残す); spread=6.68557e-06; value_confirmed=2026-09-16 (the original hypothesis author checked the cited table and column and the printed digits of this row against the confirmation record),0.000000004167,SOL-8bb5166f,
Mercury,periastron_advance,0.0016047689,deg/yr,JPL SSD Approximate Positions of the Planets / Standish Keplerian elements Table 1,https://ssd.jpl.nasa.gov/planets/approx_pos.html,2026-09-15,kind=ephemeris-fit; epoch=J2000.0 TDB; frame=mean ecliptic and equinox of J2000 (inertial fixed equinox; equinox-of-date general precession NOT included); longitude of perihelion rate orig 0.16047689 deg/Cy; converted /100; GR not separated; sigma_kind=none; conflict=Park et al. 2017 AJ 153 121 Table 3 total 0.001598083333 deg/yr; sigma_primary=unverified; intake 2026-09-15; intake_row=2026-09-15; verified_by=; record_stream=1; collate=partial; spread=6.68557e-06,,SOL-22be5c66,
Mercury,periastron_advance_gr,0.000119388611111111,deg/yr,Park R.S. et al. 2017 AJ 153 121 Table 3 (Gravitoelectric / Schwarzschild-like),https://doi.org/10.3847/1538-3881/aa5be2,2026-09-15,kind=ephemeris-fit; GR gravitoelectric term separated in same MESSENGER solution (uses Cassini gamma); orig 42.9799 arcsec per Julian century; converted /3600/100; Lense-Thirring separately -0.0020+/-0.0002 arcsec/cy and is NOT included in this row; inertial (no equinox precession); 1-sigma orig 0.0009 arcsec/cy; sigma_primary=verified; intake 2026-09-15; intake_row=2026-09-15; verified_by=原仮定者 2026-09-16; verified_at=Table 3 Gravitoelectric (Schwarzschild-like) row; verified_value=42.9799 +/- 0.0009 arcsec per Julian century; record_stream=1+2; collate=agree-rounding; agree=2; rounding_variant=0.000119388611 (**同じ一次資料の換算で桁だけが違う転写** — 値は採らずここに残す); value_confirmed=2026-09-16 (the original hypothesis author checked the cited table and column and the printed digits of this row against the confirmation record),0.000000002500,SOL-f485f6f8,
Mercury,periastron_advance_j2,0.0000000794444444444444,deg/yr,Park R.S. et al. 2017 AJ 153 121 Table 3 (Solar Oblateness),https://doi.org/10.3847/1538-3881/aa5be2,2026-09-15,kind=ephemeris-fit; solar quadrupole (J2) contribution; orig 0.0286 arcsec per Julian century; converted /3600/100; inertial; 1-sigma orig 0.0011 arcsec/cy; sigma_primary=verified; intake 2026-09-15; intake_row=2026-09-15; verified_by=原仮定者 2026-09-16; verified_at=Table 3 Solar Oblateness row; verified_value=0.0286 +/- 0.0011 arcsec per Julian century; record_stream=1+2; collate=agree-rounding; agree=2; rounding_variant=0.000000079444 (**同じ一次資料の換算で桁だけが違う転写** — 値は採らずここに残す); value_confirmed=2026-09-16 (the original hypothesis author checked the cited table and column and the printed digits of this row against the confirmation record),0.000000003056,SOL-5d5c964e,
Mercury,periastron_advance_perturb,0.00147862083333333,deg/yr,Park R.S. et al. 2017 AJ 153 121 Table 3 (sum of planetary+asteroid+interaction rows),https://doi.org/10.3847/1538-3881/aa5be2,2026-09-15,kind=ephemeris-fit; other-body perturbations = Total - Solar Oblateness - Gravitoelectric - Lense-Thirring = 575.3100-0.0286-42.9799-(-0.0020)=532.3035 arcsec/Julian century; converted /3600/100; inertial; dominant terms Venus 277.4176 Earth/Moon 90.8881 Jupiter 153.9899 arcsec/cy; sigma not published for the summed perturb column (component sigmas listed as <0.0001 arcsec/cy except interactions without sigma); sigma_primary=unverified; intake 2026-09-15; intake_row=2026-09-15; verified_by=; record_stream=1+2; collate=agree-rounding; agree=2; rounding_variant=0.001478608333 (**同じ一次資料の換算で桁だけが違う転写** — 値は採らずここに残す),,SOL-6de6206d,
Venus,orbital_period_candidate,19414166.4,s,NASA NSSDC Venus Fact Sheet (user-held value),https://nssdc.gsfc.nasa.gov/planetary/factsheet/venusfact.html,2026-09-15,kind=ephemeris-fit; NSSDC fact sheet (no uncertainty); request was sigma-only on handheld P=19414166.4 s = 224.701 d; 1 d=86400 s; sigma_kind=none; no 1-sigma published; sigma_primary=unverified; intake 2026-09-15; intake_row=2026-09-15; verified_by=; record_stream=1+2; collate=agree; agree=2; candidate_for=Venus|orbital_period,,SOL-10c75692,
Venus,eccentricity_candidate,0.007,1,NASA NSSDC Planetary Fact Sheet rounded compilation (user-held value); detailed Venus sheet lists 0.0068 / J2000 0.00677323,https://nssdc.gsfc.nasa.gov/planetary/factsheet/venusfact.html,2026-09-15,kind=ephemeris-fit; request was sigma-only on handheld e=0.007; NSSDC fact sheet (no uncertainty); sigma_kind=none; spread=0.000223 vs Standish Table 1 e0=0.00677672; digits=0.0005; sigma_primary=unverified; intake 2026-09-15; intake_row=2026-09-15; verified_by=; record_stream=1+2; collate=partial; agree=2; candidate_for=Venus|eccentricity; spread=0.00022328,,SOL-e7fdffbf,
Venus,eccentricity_candidate,0.00677672,1,JPL SSD Approximate Positions of the Planets / Standish Keplerian elements Table 1,https://ssd.jpl.nasa.gov/planets/approx_pos.html,2026-09-15,kind=ephemeris-fit; epoch=J2000.0 TDB; frame=mean ecliptic and equinox of J2000; elements=mean; orig e0=0.00677672 (de/dt=-0.00004107 /Cy); sigma_kind=none; conflict=handheld/NSSDC rounded 0.007; sigma_primary=unverified; intake 2026-09-15; intake_row=2026-09-15; verified_by=; record_stream=1; collate=partial; candidate_for=Venus|eccentricity; spread=0.00022328; digits=1e-8 (rounding width of the printed 0.00677672 - NOT a sigma); sigma_check=2 streams 2026-09-16 (both report that the cited table prints no symmetric 1-sigma for this element; the two streams count the significant digits differently - 6 and 8); a second sigma_kind= is NOT written here because the reader takes the first occurrence and the first one on this row is already the correct one,,SOL-72c6db74,
Venus,periastron_advance,0.0000268329,deg/yr,JPL SSD Approximate Positions of the Planets / Standish Keplerian elements Table 1,https://ssd.jpl.nasa.gov/planets/approx_pos.html,2026-09-15,kind=ephemeris-fit; epoch=J2000.0 TDB; frame=mean ecliptic and equinox of J2000 (inertial; equinox-of-date precession NOT included); longitude of perihelion rate orig 0.00268329 deg/Cy; converted /100; GR not separated in this table; sigma_kind=none; no uncertainty published in Standish table; sigma_primary=unverified; intake 2026-09-15; intake_row=2026-09-15; verified_by=; record_stream=1+2; collate=agree; agree=2,,SOL-b3c576e3,
Earth,orbital_period,31558149.7635456,s,IERS useful constants (sidereal year from Simon et al. 1994 A&A 282 663),https://hpiers.obspm.fr/eop-pc/models/constants.html; https://doi.org/10.1051/aa:1994149,2026-09-15,kind=model-derived; IAU/IERS adopted expression from Simon et al. 1994 mean longitude referred to mean ecliptic and equinox J2000; sidereal year; orig 365.256363004 d; 1 d=86400 s; body=Earth-Moon barycenter motion about the Sun (note: EMB); elements=mean; sigma_kind=none; sigma_primary=unverified; intake 2026-09-15; intake_row=2026-09-15; verified_by=; record_stream=1; collate=conflict; spread=31.3635,,SOL-b851fd96,
Earth,orbital_period,31558118.4,s,"NASA NSSDCA, Earth Fact Sheet, Orbital parameters, updated 2024-01-11",https://nssdc.gsfc.nasa.gov/planetary/factsheet/earthfact.html,2026-09-15,"kind=model-derived; epoch=not stated; timescale=not stated; reference_plane=not applicable (scalar period); element_type=mean; same-direction sidereal period; orig 365.256 d; sigma_kind=none; NSSDC fact sheet (no uncertainty); digits=43.2 s (half of last published 0.001 d; rounding width, not sigma); sigma_primary=unverified; intake 2026-09-15; intake_row=2026-09-15; verified_by=; record_stream=2; collate=conflict; spread=31.3635",,SOL-a0e0550e,
Earth,eccentricity,0.01671123,1,JPL SSD Approximate Positions of the Planets / Standish Keplerian elements Table 1 (EM Bary),https://ssd.jpl.nasa.gov/planets/approx_pos.html,2026-09-15,kind=ephemeris-fit; body is Earth-Moon barycenter not geocenter; epoch=J2000.0 TDB; frame=mean ecliptic and equinox of J2000; elements=mean; orig e0=0.01671123 (de/dt=-0.00004392 /Cy); sigma_kind=none; no uncertainty published in Standish table; sigma_primary=unverified; intake 2026-09-15; intake_row=2026-09-15; verified_by=; record_stream=1; collate=conflict; spread=1.01e-06,,SOL-488eaddb,
Earth,eccentricity,0.01671022,1,"NASA NSSDCA, Earth Fact Sheet, Mean Orbital Elements (J2000), updated 2024-01-11",https://nssdc.gsfc.nasa.gov/planetary/factsheet/earthfact.html,2026-09-15,"kind=model-derived; epoch=J2000.0; timescale=not stated; reference_plane=黄道; element_type=mean; orig 0.01671022; sigma_kind=none; NSSDC fact sheet (no uncertainty); digits=0.000000005 (rounding width, not sigma); sigma_primary=unverified; intake 2026-09-15; intake_row=2026-09-15; verified_by=; record_stream=2; collate=conflict; spread=1.01e-06",,SOL-42b04c54,
Earth,periastron_advance,0.0032327364,deg/yr,JPL SSD Approximate Positions of the Planets / Standish Keplerian elements Table 1 (EM Bary),https://ssd.jpl.nasa.gov/planets/approx_pos.html,2026-09-15,kind=ephemeris-fit; Earth-Moon barycenter longitude of perihelion rate; epoch=J2000.0 TDB; frame=mean ecliptic and equinox of J2000 (inertial; equinox-of-date precession NOT included); orig 0.32327364 deg/Cy; converted /100; GR not separated; sigma_kind=none; sigma_primary=unverified; intake 2026-09-15; intake_row=2026-09-15; verified_by=; record_stream=1+2; collate=agree; agree=2,,SOL-7ade6b3d,
Mars,orbital_period,59355072.0,s,NASA NSSDC Mars Fact Sheet,https://nssdc.gsfc.nasa.gov/planetary/factsheet/marsfact.html,2026-09-15,kind=ephemeris-fit; NSSDC fact sheet (no uncertainty); sidereal orbit period about the Sun; orig 686.980 d; 1 d=86400 s; sigma_kind=none; sigma_primary=unverified; intake 2026-09-15; intake_row=2026-09-15; verified_by=; record_stream=1+2; collate=partial; agree=2; spread=777.6,,SOL-f61a5413,
Mars,orbital_period,59355048.80447,s,JPL SSD Approximate Positions of the Planets / Standish Keplerian elements Table 1,https://ssd.jpl.nasa.gov/planets/approx_pos.html,2026-09-15,kind=ephemeris-fit; period implied by L_dot=19140.30268499 deg/Julian century; P=360*36525/L_dot=686.970977 d; orig L_dot 19140.30268499 deg/Cy; epoch=J2000.0 TDB; frame=mean ecliptic and equinox of J2000; elements=mean; sigma_kind=none; conflict=NSSDC 686.980 d; sigma_primary=unverified; intake 2026-09-15; intake_row=2026-09-15; verified_by=; record_stream=1; collate=partial; spread=23.19553; corrected=2026-09-16 conversion (transcriber wrote 686.970977 d; the formula in this note gives 686.979732 d; delta -754.4 s; 2 streams); previous_value=59354294.4 s; exact=59355048.80447472 s from 360*36525/19140.30268499 d x 86400 s/d; previous_spread=777.6 (the spread to the NSSDC 686.980 d row shrinks to 23.19553 s after the correction); acknowledged_by=原仮定者 2026-09-17 (the wave-266a conversion correction of this row (59354294.4 -> 59355048.80447 s) is acknowledged by the original hypothesis author; no digit of this row is changed),,SOL-c974e476,
Mars,eccentricity,0.09339410,1,JPL SSD Approximate Positions of the Planets / Standish Keplerian elements Table 1,https://ssd.jpl.nasa.gov/planets/approx_pos.html,2026-09-15,kind=ephemeris-fit; epoch=J2000.0 TDB; frame=mean ecliptic and equinox of J2000; elements=mean; orig e0=0.09339410 (de/dt=+0.00007882 /Cy); sigma_kind=none; sigma_primary=unverified; intake 2026-09-15; intake_row=2026-09-15; verified_by=; record_stream=1; collate=conflict; spread=1.823e-05,,SOL-9901836a,
Mars,eccentricity,0.09341233,1,"NASA NSSDCA, Mars Fact Sheet, Mean Orbital Elements (J2000), updated 2024-01-11",https://nssdc.gsfc.nasa.gov/planetary/factsheet/marsfact.html,2026-09-15,"kind=model-derived; epoch=J2000.0; timescale=not stated; reference_plane=黄道; element_type=mean; orig 0.09341233; sigma_kind=none; NSSDC fact sheet (no uncertainty); digits=0.000000005 (rounding width, not sigma); sigma_primary=unverified; intake 2026-09-15; intake_row=2026-09-15; verified_by=; record_stream=2; collate=conflict; spread=1.823e-05",,SOL-e5a42376,
Mars,periastron_advance,0.0044441088,deg/yr,JPL SSD Approximate Positions of the Planets / Standish Keplerian elements Table 1,https://ssd.jpl.nasa.gov/planets/approx_pos.html,2026-09-15,kind=ephemeris-fit; epoch=J2000.0 TDB; frame=mean ecliptic and equinox of J2000 (inertial; equinox-of-date precession NOT included); longitude of perihelion rate orig 0.44441088 deg/Cy; converted /100; GR not separated; sigma_kind=none; sigma_primary=unverified; intake 2026-09-15; intake_row=2026-09-15; verified_by=; record_stream=1+2; collate=agree; agree=2,,SOL-b2a6d019,
Io,orbital_period,152300.0448,s,JPL SSD Planetary Satellite Mean Elements (Io; ephemeris JUP365),https://ssd.jpl.nasa.gov/sats/elem/,2026-09-15,kind=ephemeris-fit; epoch=2000-01-01.5 TDB; frame=Laplace plane; elements=mean; sidereal period about Jupiter; orig 1.762732 d; 1 d=86400 s; sigma_kind=none; no uncertainty published in JPL SSD table; Lainey et al. 2004 A&A 420 1171 / 427 371 do not publish a 1-sigma on this mean sidereal period; sigma_primary=unverified; intake 2026-09-15; intake_row=2026-09-15; verified_by=; record_stream=1+2; collate=agree; agree=2,,SOL-c4f19289,
Io,eccentricity,0.004,1,JPL SSD Planetary Satellite Mean Elements (Io; ephemeris JUP365),https://ssd.jpl.nasa.gov/sats/elem/,2026-09-15,kind=ephemeris-fit; epoch=2000-01-01.5 TDB; frame=Laplace plane; elements=mean; orig 0.004; sigma_kind=none; no uncertainty published in JPL SSD table; digits=half last published digit; Lainey et al. 2004 do not publish 1-sigma on this mean e; sigma_primary=unverified; intake 2026-09-15; intake_row=2026-09-15; verified_by=; record_stream=1+2; collate=agree; agree=2,,SOL-96e8b1b6,
Io,periastron_advance,,deg/yr,JPL SSD Planetary Satellite Mean Elements (Io; column P apsis),https://ssd.jpl.nasa.gov/sats/elem/,2026-09-15,kind=ephemeris-fit; F2 stopped here: table publishes argument-of-periapsis precession period P_apsis=1.333 yr and node period P_node=0.000 yr NOT longitude-of-periapsis rate varpi_dot; epoch=2000-01-01.5 TDB; frame=Laplace plane; elements=mean; not published in JPL SSD table as varpi_dot; Lainey et al. 2004 A&A 420 1171 and 2004 A&A 427 371 also do not publish a numerical mean varpi_dot with 1-sigma for Io; sigma_primary=unverified; intake 2026-09-15; intake_row=2026-09-15; verified_by=; record_stream=1+2; collate=agree-both-empty; agree=2,,SOL-9188fdd3,
Io,apsidal_period,1.333,yr,JPL SSD Planetary Satellite Mean Elements (Io; column P apsis),https://ssd.jpl.nasa.gov/sats/elem/,2026-09-15,kind=ephemeris-fit; F2 quantity=apsidal_period defined by JPL as argument-of-periapsis precession period; orig 1.333 yr; epoch=2000-01-01.5 TDB; frame=Laplace plane; elements=mean; sigma_kind=none; inertial Laplace-plane frame (no Earth equinox precession); sigma_primary=unverified; intake 2026-09-15; intake_row=2026-09-15; verified_by=; record_stream=1+2; collate=agree; agree=2,,SOL-e8e10430,
Europa,orbital_period,304600.0032,s,JPL SSD Planetary Satellite Mean Elements (Europa; ephemeris JUP365),https://ssd.jpl.nasa.gov/sats/elem/,2026-09-15,kind=ephemeris-fit; epoch=2000-01-01.5 TDB; frame=Laplace plane; elements=mean; sidereal period about Jupiter; orig 3.525463 d; 1 d=86400 s; sigma_kind=none; no uncertainty published in JPL SSD table; Lainey et al. 2004 A&A 420 1171 / 427 371 do not publish a 1-sigma on this mean sidereal period; sigma_primary=unverified; intake 2026-09-15; intake_row=2026-09-15; verified_by=; record_stream=1+2; collate=agree; agree=2,,SOL-e1ffa920,
Europa,eccentricity,0.009,1,JPL SSD Planetary Satellite Mean Elements (Europa; ephemeris JUP365),https://ssd.jpl.nasa.gov/sats/elem/,2026-09-15,kind=ephemeris-fit; epoch=2000-01-01.5 TDB; frame=Laplace plane; elements=mean; orig 0.009; sigma_kind=none; no uncertainty published in JPL SSD table; digits=half last published digit; Lainey et al. 2004 do not publish 1-sigma on this mean e; sigma_primary=unverified; intake 2026-09-15; intake_row=2026-09-15; verified_by=; record_stream=1+2; collate=agree; agree=2,,SOL-330900f9,
Europa,periastron_advance,,deg/yr,JPL SSD Planetary Satellite Mean Elements (Europa; column P apsis),https://ssd.jpl.nasa.gov/sats/elem/,2026-09-15,kind=ephemeris-fit; F2 stopped here: table publishes argument-of-periapsis precession period P_apsis=1.394 yr and node period P_node=30.202 yr NOT longitude-of-periapsis rate varpi_dot; epoch=2000-01-01.5 TDB; frame=Laplace plane; elements=mean; not published in JPL SSD table as varpi_dot; Lainey et al. 2004 A&A 420 1171 and 2004 A&A 427 371 also do not publish a numerical mean varpi_dot with 1-sigma for Europa; sigma_primary=unverified; intake 2026-09-15; intake_row=2026-09-15; verified_by=; record_stream=1+2; collate=agree-both-empty; agree=2,,SOL-40662191,
Europa,apsidal_period,1.394,yr,JPL SSD Planetary Satellite Mean Elements (Europa; column P apsis),https://ssd.jpl.nasa.gov/sats/elem/,2026-09-15,kind=ephemeris-fit; F2 quantity=apsidal_period defined by JPL as argument-of-periapsis precession period; orig 1.394 yr; epoch=2000-01-01.5 TDB; frame=Laplace plane; elements=mean; sigma_kind=none; inertial Laplace-plane frame (no Earth equinox precession); sigma_primary=unverified; intake 2026-09-15; intake_row=2026-09-15; verified_by=; record_stream=1+2; collate=agree; agree=2,,SOL-e3be3445,
Europa,node_period,30.202,yr,JPL SSD Planetary Satellite Mean Elements (Europa; column P node),https://ssd.jpl.nasa.gov/sats/elem/,2026-09-15,kind=ephemeris-fit; node precession period; orig 30.202 yr; epoch=2000-01-01.5 TDB; frame=Laplace plane; elements=mean; sigma_kind=none; sigma_primary=unverified; intake 2026-09-15; intake_row=2026-09-15; verified_by=; record_stream=1; collate=only-1,,SOL-6769f28c,
Ganymede,orbital_period,618242.8032,s,JPL SSD Planetary Satellite Mean Elements (Ganymede; ephemeris JUP365),https://ssd.jpl.nasa.gov/sats/elem/,2026-09-15,kind=ephemeris-fit; epoch=2000-01-01.5 TDB; frame=Laplace plane; elements=mean; sidereal period about Jupiter; orig 7.155588 d; 1 d=86400 s; sigma_kind=none; no uncertainty published in JPL SSD table; Lainey et al. 2004 A&A 420 1171 / 427 371 do not publish a 1-sigma on this mean sidereal period; sigma_primary=unverified; intake 2026-09-15; intake_row=2026-09-15; verified_by=; record_stream=1+2; collate=agree; agree=2,,SOL-47a489ad,
Ganymede,eccentricity,0.001,1,JPL SSD Planetary Satellite Mean Elements (Ganymede; ephemeris JUP365),https://ssd.jpl.nasa.gov/sats/elem/,2026-09-15,kind=ephemeris-fit; epoch=2000-01-01.5 TDB; frame=Laplace plane; elements=mean; orig 0.001; sigma_kind=none; no uncertainty published in JPL SSD table; digits=half last published digit; Lainey et al. 2004 do not publish 1-sigma on this mean e; sigma_primary=unverified; intake 2026-09-15; intake_row=2026-09-15; verified_by=; record_stream=1+2; collate=agree; agree=2,,SOL-a963d37c,
Ganymede,periastron_advance,,deg/yr,JPL SSD Planetary Satellite Mean Elements (Ganymede; column P apsis),https://ssd.jpl.nasa.gov/sats/elem/,2026-09-15,kind=ephemeris-fit; F2 stopped here: table publishes argument-of-periapsis precession period P_apsis=68.301 yr and node period P_node=137.812 yr NOT longitude-of-periapsis rate varpi_dot; epoch=2000-01-01.5 TDB; frame=Laplace plane; elements=mean; not published in JPL SSD table as varpi_dot; Lainey et al. 2004 A&A 420 1171 and 2004 A&A 427 371 also do not publish a numerical mean varpi_dot with 1-sigma for Ganymede; sigma_primary=unverified; intake 2026-09-15; intake_row=2026-09-15; verified_by=; record_stream=1+2; collate=agree-both-empty; agree=2,,SOL-8ac68833,
Ganymede,apsidal_period,68.301,yr,JPL SSD Planetary Satellite Mean Elements (Ganymede; column P apsis),https://ssd.jpl.nasa.gov/sats/elem/,2026-09-15,kind=ephemeris-fit; F2 quantity=apsidal_period defined by JPL as argument-of-periapsis precession period; orig 68.301 yr; epoch=2000-01-01.5 TDB; frame=Laplace plane; elements=mean; sigma_kind=none; inertial Laplace-plane frame (no Earth equinox precession); sigma_primary=unverified; intake 2026-09-15; intake_row=2026-09-15; verified_by=; record_stream=1+2; collate=agree; agree=2,,SOL-be6b5dfb,
Ganymede,node_period,137.812,yr,JPL SSD Planetary Satellite Mean Elements (Ganymede; column P node),https://ssd.jpl.nasa.gov/sats/elem/,2026-09-15,kind=ephemeris-fit; node precession period; orig 137.812 yr; epoch=2000-01-01.5 TDB; frame=Laplace plane; elements=mean; sigma_kind=none; sigma_primary=unverified; intake 2026-09-15; intake_row=2026-09-15; verified_by=; record_stream=1; collate=only-1,,SOL-c876a9ef,
Callisto,orbital_period,1442054.0160,s,JPL SSD Planetary Satellite Mean Elements (Callisto; ephemeris JUP365),https://ssd.jpl.nasa.gov/sats/elem/,2026-09-15,kind=ephemeris-fit; epoch=2000-01-01.5 TDB; frame=Laplace plane; elements=mean; sidereal period about Jupiter; orig 16.690440 d; 1 d=86400 s; sigma_kind=none; no uncertainty published in JPL SSD table; Lainey et al. 2004 A&A 420 1171 / 427 371 do not publish a 1-sigma on this mean sidereal period; sigma_primary=unverified; intake 2026-09-15; intake_row=2026-09-15; verified_by=; record_stream=1+2; collate=agree; agree=2,,SOL-1c257f98,
Callisto,eccentricity,0.007,1,JPL SSD Planetary Satellite Mean Elements (Callisto; ephemeris JUP365),https://ssd.jpl.nasa.gov/sats/elem/,2026-09-15,kind=ephemeris-fit; epoch=2000-01-01.5 TDB; frame=Laplace plane; elements=mean; orig 0.007; sigma_kind=none; no uncertainty published in JPL SSD table; digits=half last published digit; Lainey et al. 2004 do not publish 1-sigma on this mean e; sigma_primary=unverified; intake 2026-09-15; intake_row=2026-09-15; verified_by=; record_stream=1+2; collate=agree; agree=2,,SOL-16a039cc,
Callisto,periastron_advance,,deg/yr,JPL SSD Planetary Satellite Mean Elements (Callisto; column P apsis),https://ssd.jpl.nasa.gov/sats/elem/,2026-09-15,kind=ephemeris-fit; F2 stopped here: table publishes argument-of-periapsis precession period P_apsis=277.921 yr and node period P_node=577.264 yr NOT longitude-of-periapsis rate varpi_dot; epoch=2000-01-01.5 TDB; frame=Laplace plane; elements=mean; not published in JPL SSD table as varpi_dot; Lainey et al. 2004 A&A 420 1171 and 2004 A&A 427 371 also do not publish a numerical mean varpi_dot with 1-sigma for Callisto; sigma_primary=unverified; intake 2026-09-15; intake_row=2026-09-15; verified_by=; record_stream=1+2; collate=agree-both-empty; agree=2,,SOL-84f3bc45,
Callisto,apsidal_period,277.921,yr,JPL SSD Planetary Satellite Mean Elements (Callisto; column P apsis),https://ssd.jpl.nasa.gov/sats/elem/,2026-09-15,kind=ephemeris-fit; F2 quantity=apsidal_period defined by JPL as argument-of-periapsis precession period; orig 277.921 yr; epoch=2000-01-01.5 TDB; frame=Laplace plane; elements=mean; sigma_kind=none; inertial Laplace-plane frame (no Earth equinox precession); sigma_primary=unverified; intake 2026-09-15; intake_row=2026-09-15; verified_by=; record_stream=1+2; collate=agree; agree=2,,SOL-f0d18133,
Callisto,node_period,577.264,yr,JPL SSD Planetary Satellite Mean Elements (Callisto; column P node),https://ssd.jpl.nasa.gov/sats/elem/,2026-09-15,kind=ephemeris-fit; node precession period; orig 577.264 yr; epoch=2000-01-01.5 TDB; frame=Laplace plane; elements=mean; sigma_kind=none; sigma_primary=unverified; intake 2026-09-15; intake_row=2026-09-15; verified_by=; record_stream=1; collate=only-1,,SOL-aa1cd720,
Mimas,orbital_period,81425.2608,s,JPL SSD Planetary Satellite Mean Elements (Mimas; ephemeris SAT441) = Jacobson 2022 AJ 164 199 Table 12,https://ssd.jpl.nasa.gov/sats/elem/; https://doi.org/10.3847/1538-3881/ac90c9,2026-09-15,kind=ephemeris-fit; epoch=2000-01-01.5 TDB; frame=Laplace plane; elements=mean; sidereal period about Saturn; orig 0.942422 d; 1 d=86400 s; sigma_kind=none; no 1-sigma in Jacobson 2022 Table 12 or JPL SSD table; sigma_primary=unverified; intake 2026-09-15; intake_row=2026-09-15; verified_by=; record_stream=1+2; collate=agree; agree=2,,SOL-54d0a89a,
Mimas,eccentricity,0.020,1,Jacobson R.A. 2022 AJ 164 199 Table 12 / JPL SSD SAT441,https://doi.org/10.3847/1538-3881/ac90c9; https://ssd.jpl.nasa.gov/sats/elem/,2026-09-15,kind=ephemeris-fit; epoch=2000 January 1.5 TDB; frame=local Laplace plane; elements=mean; orig 0.020; sigma_kind=none; no 1-sigma in Table 12; sigma_primary=unverified; intake 2026-09-15; intake_row=2026-09-15; verified_by=; record_stream=1+2; collate=agree; agree=2,,SOL-603a12bf,
Mimas,periastron_advance,,deg/yr,Jacobson R.A. 2022 AJ 164 199 Table 12 (P_omega column),https://doi.org/10.3847/1538-3881/ac90c9,2026-09-15,kind=ephemeris-fit; F2 stopped here: Table 12 publishes precession period of the periapsis P_omega=0.493 yr and of the node P_Omega=0.986 yr not a numerical varpi_dot; JPL SSD labels P apsis as argument-of-periapsis period; for Mimas P_omega/P_Omega=1/2 matching J2 omega vs Omega; epoch=2000 Jan 1.5 TDB; frame=Laplace plane; elements=mean; not published as deg/yr varpi_dot; sigma_primary=unverified; intake 2026-09-15; intake_row=2026-09-15; verified_by=; record_stream=1+2; collate=agree-both-empty; agree=2,,SOL-37e62294,
Mimas,apsidal_period,0.493,yr,Jacobson R.A. 2022 AJ 164 199 Table 12 / JPL SSD SAT441,https://doi.org/10.3847/1538-3881/ac90c9; https://ssd.jpl.nasa.gov/sats/elem/,2026-09-15,kind=ephemeris-fit; F2 quantity=apsidal_period (P_omega in Table 12; JPL: argument of periapsis precession period); orig 0.493 yr; epoch=2000-01-01.5 TDB; frame=Laplace plane; elements=mean; sigma_kind=none; inertial (no Earth equinox precession); sigma_primary=unverified; intake 2026-09-15; intake_row=2026-09-15; verified_by=; record_stream=1+2; collate=agree; agree=2,,SOL-637af6d3,
Titan,orbital_period,1377686.7072,s,JPL SSD Planetary Satellite Mean Elements (Titan; ephemeris SAT441) = Jacobson 2022 AJ 164 199 Table 12,https://ssd.jpl.nasa.gov/sats/elem/; https://doi.org/10.3847/1538-3881/ac90c9,2026-09-15,kind=ephemeris-fit; epoch=2000-01-01.5 TDB; frame=Laplace plane; elements=mean; sidereal period about Saturn; orig 15.945448 d; 1 d=86400 s; sigma_kind=none; no 1-sigma in Jacobson 2022 Table 12 or JPL SSD table; sigma_primary=unverified; intake 2026-09-15; intake_row=2026-09-15; verified_by=; record_stream=1+2; collate=agree; agree=2,,SOL-6041b21e,
Titan,eccentricity,0.029,1,Jacobson R.A. 2022 AJ 164 199 Table 12 / JPL SSD SAT441,https://doi.org/10.3847/1538-3881/ac90c9; https://ssd.jpl.nasa.gov/sats/elem/,2026-09-15,kind=ephemeris-fit; epoch=2000 January 1.5 TDB; frame=local Laplace plane; elements=mean; orig 0.029; sigma_kind=none; no 1-sigma in Table 12; sigma_primary=unverified; intake 2026-09-15; intake_row=2026-09-15; verified_by=; record_stream=1+2; collate=agree; agree=2,,SOL-7665efd8,
Titan,periastron_advance,,deg/yr,Jacobson R.A. 2022 AJ 164 199 Table 12 (P_omega column),https://doi.org/10.3847/1538-3881/ac90c9,2026-09-15,kind=ephemeris-fit; F2 stopped here: Table 12 publishes precession period of the periapsis P_omega=346.680 yr and of the node P_Omega=687.370 yr not a numerical varpi_dot; JPL SSD labels P apsis as argument-of-periapsis period; for Mimas P_omega/P_Omega=1/2 matching J2 omega vs Omega; epoch=2000 Jan 1.5 TDB; frame=Laplace plane; elements=mean; not published as deg/yr varpi_dot; sigma_primary=unverified; intake 2026-09-15; intake_row=2026-09-15; verified_by=; record_stream=1+2; collate=agree-both-empty; agree=2,,SOL-c065fb6c,
Titan,apsidal_period,346.680,yr,Jacobson R.A. 2022 AJ 164 199 Table 12 / JPL SSD SAT441,https://doi.org/10.3847/1538-3881/ac90c9; https://ssd.jpl.nasa.gov/sats/elem/,2026-09-15,kind=ephemeris-fit; F2 quantity=apsidal_period (P_omega in Table 12; JPL: argument of periapsis precession period); orig 346.680 yr; epoch=2000-01-01.5 TDB; frame=Laplace plane; elements=mean; sigma_kind=none; inertial (no Earth equinox precession); sigma_primary=unverified; intake 2026-09-15; intake_row=2026-09-15; verified_by=; record_stream=1+2; collate=agree; agree=2,,SOL-eca72d0d,
Saturn ring C inner edge,orbital_period,,s,NASA NSSDC Saturnian Rings Fact Sheet; Nicholson et al. 2014 Icarus 241 373; French et al. 2017 Icarus 290 14,https://nssdc.gsfc.nasa.gov/planetary/factsheet/satringfact.html; https://doi.org/10.1016/j.icarus.2014.06.024,2026-09-15,"kind=observed; F5 stopped here: C-ring inner edge is published as a radius boundary not as a Keplerian body; NSSDC radius 74658 km (no uncertainty); no mean motion or sidereal period published for the inner edge itself; nearby inner-C gaps ~74535-74632 km described as sharp and mostly circular (Nicholson et al. 2014); sigma_primary=unverified; intake 2026-09-15; intake_row=2026-09-15; verified_by=; record_stream=1+2; collate=agree-both-empty; agree=2; not_verified_in=French 1993 (tables not accessible); French 2025 has no inner-edge fit; intake_check=2026-09-22 (request C, two independent external surveys, AB3)",,SOL-985f40e2,
Saturn ring C inner edge,radius,74658,km,NASA NSSDC Saturnian Rings Fact Sheet (C inner edge),https://nssdc.gsfc.nasa.gov/planetary/factsheet/satringfact.html,2026-09-15,"kind=observed; F5 radius of the requested feature; orig 74658 km = 1.239 R_S on the sheet; NSSDC fact sheet (no uncertainty); sigma_kind=none; epoch/time system not stated; frame=Saturn equatorial radius scale of the fact sheet; sigma_primary=unverified; intake 2026-09-15; intake_row=2026-09-15; verified_by=; record_stream=1; collate=conflict; spread=168; orig_quantity=radius_km; not_verified_in=French 1993 (tables not accessible); French 2025 has no inner-edge fit; intake_check=2026-09-22 (request C, two independent external surveys, AB3)",,SOL-8eb65e47,
Saturn ring C inner edge,radius,74490,km,"French et al. 2025, Icarus 431, 116463",https://doi.org/10.1016/j.icarus.2025.116463,2026-09-15,"kind=observed; epoch=Cassini occultation era (no single epoch for edge radius); timescale=UTC observation times; reference_plane=Saturn equatorial/ring plane; element_type=mean; F5; characteristic inner-edge radius; orig 74490 km; sigma_kind=none; no uncertainty published; digits=0.5 km (rounding width, not sigma); sigma_primary=unverified; intake 2026-09-15; intake_row=2026-09-15; verified_by=; record_stream=2; collate=conflict; spread=168; source_check=2026-09-16: 2 streams could not find 74490 km with a fitted 1-sigma in French et al. 2025 (that paper treats the 1983-impact corrugation over 74500-77765 km); value kept, judgement source pending; not_verified_in=French 1993 (tables not accessible); French 2025 has no inner-edge fit; intake_check=2026-09-22 (request C, two independent external surveys, AB3): neither survey could find the printed 74490 km with a fitted 1-sigma; the value is kept and is NOT promoted to a judgement source",,SOL-262d5741,
Saturn ring C inner edge,eccentricity,,1,Nicholson et al. 2014 Icarus 241 373; French et al. 2017 Icarus 290 14,https://doi.org/10.1016/j.icarus.2014.06.024,2026-09-15,"not published as a free Keplerian eccentricity of the C-ring inner edge; inner boundary treated as a nearly circular radius-scale feature; F5; sigma_primary=unverified; intake 2026-09-15; intake_row=2026-09-15; verified_by=; record_stream=1+2; collate=agree-both-empty; agree=2; not_verified_in=French 1993 (tables not accessible); French 2025 has no inner-edge fit; intake_check=2026-09-22 (request C, two independent external surveys, AB3)",,SOL-e5685261,
Saturn ring C inner edge,periastron_advance,,deg/yr,Nicholson et al. 2014 Icarus 241 373; French et al. 2017 Icarus 290 14,https://doi.org/10.1016/j.icarus.2014.06.024; https://doi.org/10.1016/j.icarus.2017.02.007,2026-09-15,"not published as an observed apsidal rate for the C-ring inner edge itself (as opposed to eccentric ringlets such as Titan/Maxwell); F5; sigma_primary=unverified; intake 2026-09-15; intake_row=2026-09-15; verified_by=; record_stream=1+2; collate=agree-both-empty; agree=2; not_verified_in=French 1993 (tables not accessible); French 2025 has no inner-edge fit; intake_check=2026-09-22 (request C, two independent external surveys, AB3); the Titan ringlet m=1 pattern of Nicholson 2014 is a forced mode and is not a stand-in for the free J2 apsidal rate of the inner edge",,SOL-a5d4de8a,
Saturn ring C inner edge,mean_motion,,deg/day,Nicholson P.D. et al. 2014 Icarus 241 373 Table 10 (Titan ringlet used as proxy),https://doi.org/10.1016/j.icarus.2014.06.024,2026-09-15,proxy_for=Saturn ring C inner edge; F5: Titan (Colombo) ringlet a=77878.7+/-0.15 km is the nearest well-fitted eccentric C-ring feature; its m=1 pattern speed 22.5753+/-0.0008 deg/d is LOCKED to Titan mean motion (forced apsidal resonance) so it is NOT a free J2 apsidal rate of the C inner edge; epoch 2008 January 1 12:00 UTC=JD 2454467.0; frame=Saturn equatorial; kind=observed (Cassini occultation fit); sigma_primary=unverified; intake 2026-09-15; intake_row=2026-09-15; verified_by=; record_stream=1; collate=only-1,,SOL-41419c14,
Titan ringlet,semi_major_axis,77878.7,km,Nicholson P.D. French R.G. McGhee-French C.A. Hedman M.M. Marouf E.A. Colwell J.E. Lonergan K. Sepersky T. 2014 Icarus 241 373,https://doi.org/10.1016/j.icarus.2014.06.024,2026-09-15,"kind=observed; proxy_for=Saturn ring C inner edge; Cassini occultation Keplerian/m=1 fit; orig a=77878.7 km; epoch 2008 Jan 1.5 UTC; frame=Saturn equator; elements=forced m=1 ellipse; 1-sigma orig 0.15 km; sigma_primary=unverified; intake 2026-09-15; intake_row=2026-09-15; verified_by=; record_stream=1; collate=only-1; orig_quantity=semi_major_axis_km; value_checked_by=original hypothesis author 2026-09-16 (confirmation record); value_checked_at=abstract Titan (Colombo) ringlet semimajor-axis statement; value_checked_value=a = 77878.7 km; value_checked_scope=VALUE ONLY - the quoted abstract carries no 1-sigma so the printed 0.15 km in the sigma column of this row was NOT confirmed and the mark stays unverified; confirmation_2=not-found-by-author 2026-09-16 (the printed 1-sigma of the Titan ringlet semi-major axis: the original hypothesis author could not find the printed record for this row in the second confirmation record; the mark on this row is NOT changed); proxy_for_scope=explanatory only 2026-09-17 (the proxy_for=Saturn ring C inner edge tag on this row is an EXPLANATORY POINTER ONLY. This row is NOT forwarded to the observation gate of the C ring inner edge: the Titan ringlet is a different feature at a different radius and the archived records keep the two apart. Rows 418/419 remain the C ring inner edge rows and they stay empty); confirmation_3=paywalled-not-viewed-by-author 2026-09-17; author_decision=trust-transcribed-values-and-proceed 2026-09-17; secondary_location=Nicholson 2014 Icarus 241 373 Table 7 (Resonant model fits, Titan C/La row - secondary, unconfirmed, located by the coordinator preliminary survey and NOT viewed by the author); titan_ringlet_arbitration=2026-09-17 (the third confirmation record states that the primary table of this row can be read only in the paid version of the PDF and that the author has NOT viewed it. The author decided to trust the transcribed numbers and proceed, so the value and the sigma column of this row are kept exactly as they are and are NOT blanked or isolated. The mark of this row stays unverified because nothing was viewed - a decision to proceed is not a confirmation of the printed record. This row is still NOT forwarded to the observation gate of the C ring inner edge and it does not enter the four judgement values)",0.15,SOL-1223c836,
Titan ringlet,pattern_speed_m1,22.5753,deg/day,Nicholson et al. 2014 Icarus 241 373 (mean best-fitting pattern speed of inner and outer edges),https://doi.org/10.1016/j.icarus.2014.06.024,2026-09-15,"kind=observed; proxy_for=Saturn ring C inner edge; this is the forced m=1 pattern speed not a free varpi_dot; orig 22.5753 deg/d; 1-sigma 0.0008 deg/d; Titan n0=22.5770 deg/d in their Table 10; epoch 2008 Jan 1 12:00 UTC; frame=Saturn equator; sigma_primary=unverified; intake 2026-09-15; intake_row=2026-09-15; verified_by=; record_stream=1; collate=only-1; value_check_note=unconfirmed 2026-09-16 (the confirmation record returned no reachable source for this row); the mark stays unverified; confirmation_2=not-found-by-author 2026-09-16 (the Titan ringlet mean motion record: the original hypothesis author could not find the printed record for this row in the second confirmation record; the mark on this row is NOT changed); quantity_corrected=2026-09-17; previous_quantity=mean_motion (the note of this row already states that 22.5753 deg/day is the FORCED m=1 PATTERN SPEED of the Titan ringlet, not a free varpi_dot and not the orbital mean motion of the ring particles; the quantity name is corrected so that no reader and no gate treats it as a mean motion. The value 22.5753 deg/day, the 1-sigma 0.0008 deg/day, the source and the mark are all unchanged); confirmation_3=paywalled-not-viewed-by-author 2026-09-17; author_decision=trust-transcribed-values-and-proceed 2026-09-17; secondary_location=Nicholson 2014 Icarus 241 373 Table 7 (Resonant model fits, Titan C/La row - secondary, unconfirmed, located by the coordinator preliminary survey and NOT viewed by the author); titan_ringlet_arbitration=2026-09-17 (the third confirmation record states that the primary table of this row can be read only in the paid version of the PDF and that the author has NOT viewed it. The author decided to trust the transcribed numbers and proceed, so the value and the sigma column of this row are kept exactly as they are and are NOT blanked or isolated. The mark of this row stays unverified because nothing was viewed - a decision to proceed is not a confirmation of the printed record. This row is still NOT forwarded to the observation gate of the C ring inner edge and it does not enter the four judgement values); acknowledgement_pending=2026-09-17 (the quantity rename of this row (mean_motion -> pattern_speed_m1) made in wave 268b is NOT among the two corrections acknowledged in the third confirmation record - it stays unacknowledged and is carried as an open decision); acknowledged_by=原仮定者 2026-09-18 (the fourth confirmation record acknowledges the quantity rename of this row made in wave 268b - mean_motion -> pattern_speed_m1. The value 22.5753 deg/day, the 1-sigma 0.0008 deg/day, the source and the mark are all unchanged, and the mark stays unverified: an acknowledgement of a rename is not a confirmation of the printed record); acknowledgement_closed=2026-09-18 (the acknowledgement_pending note of 2026-09-17 is closed by the line above and kept as history)",0.0008,SOL-753080c4,
Saturn ring feature D68,orbital_period,17757.4789,s,Hedman M.M. Burt J.A. Burns J.A. Showalter M.R. 2014 Icarus 233 147 (arXiv:1401.6103),https://doi.org/10.1016/j.icarus.2014.01.022; https://arxiv.org/abs/1401.6103,2026-09-15,kind=observed; Cassini imaging; mean motion of longitudinal brightness pattern stated as local orbital rate orig 1751.6 deg/d (abstract; body text also uses 1751.65 deg/d for the co-rotating frame); P=360/1751.6 d=0.205526376 d; epoch of geometry solution 2009-185T17:18:54 UTC / 300000000 TDB seconds; frame=Saturn equatorial/ring plane; elements=mean motion of brightness pattern; 1 d=86400 s; sigma_kind=none on the 1751.6 figure (no 1-sigma printed on that rounded abstract value); digits on 1751.6; sigma_primary=unverified; intake 2026-09-15; intake_row=2026-09-15; verified_by=; record_stream=1; collate=conflict-one-empty,,SOL-05b73f59,
Saturn ring feature D68,orbital_period,,s,"Hedman et al. 2014, Icarus 233, 147–162",https://doi.org/10.1016/j.icarus.2014.01.022,2026-09-15,kind=ephemeris-fit; epoch=300000000 TDB seconds past J2000 = 2009-185T17:18:54 UTC; timescale=TDB fit epoch / UTC observation tags; reference_plane=Saturn equatorial/ring plane; element_type=mean; F5; not published in Hedman et al. 2014; mean motion is returned separately; no uncertainty published; sigma_primary=unverified; intake 2026-09-15; intake_row=2026-09-15; verified_by=; record_stream=2; collate=conflict-one-empty,,SOL-6ae09695,
Saturn ring feature D68,mean_motion,1751.6,deg/day,Hedman et al. 2014 Icarus 233 147 abstract,https://doi.org/10.1016/j.icarus.2014.01.022; https://arxiv.org/abs/1401.6103,2026-09-15,kind=observed; orig 1751.6 deg/d; body text 1751.65 deg/d used for co-rotating longitude; epoch 2009-185T17:18:54 UTC (300000000 TDB); frame=Saturn equator; sigma_kind=none; no 1-sigma published on 1751.6; sigma_primary=unverified; intake 2026-09-15; intake_row=2026-09-15; verified_by=; record_stream=1+2; collate=agree; agree=2,,SOL-4c51df29,
Saturn ring feature D68,eccentricity,,1,Hedman et al. 2014 Icarus 233 147,https://doi.org/10.1016/j.icarus.2014.01.022,2026-09-15,F2/F5: not published as dimensionless e; paper publishes ae=25+/-1 km and a~67627 km (a also time-variable at -2.4+/-0.4 km/yr). e=ae/a is not tabulated so value left blank; upper_limit not published as e; sigma_primary=unverified; intake 2026-09-15; intake_row=2026-09-15; verified_by=; record_stream=1+2; collate=agree-both-empty; agree=2,,SOL-baca80b3,
Saturn ring feature D68,radial_amplitude_ae,25,km,Hedman et al. 2014 Icarus 233 147 abstract,https://doi.org/10.1016/j.icarus.2014.01.022,2026-09-15,kind=observed; F5 auxiliary; orig ae=25 km; 1-sigma orig 1 km; epoch mid-Cassini 2005-2013; frame=Saturn equator; sigma_primary=verified; intake 2026-09-15; intake_row=2026-09-15; verified_by=原仮定者 2026-09-16; verified_at=abstract a*e statement for the D68 ringlet; verified_value=ae=25 +/- 1 km; record_stream=1+2; collate=agree; agree=2; value_confirmed=2026-09-16 (the original hypothesis author checked the cited table and column and the printed digits of this row against the confirmation record),1,SOL-bde72dc4,
Saturn ring feature D68,semi_major_axis,67627,km,"Hedman et al. 2014 Icarus 233 147 abstract (67,627 km from Saturn spin axis)",https://doi.org/10.1016/j.icarus.2014.01.022,2026-09-15,kind=observed; F5 radius/a of requested feature; orig 67627 km; Table 4 subset a values 67618.8 to 67635.1 km with 1-sigma 1.5-3.2 km; a decreases -2.4+/-0.4 km/yr (2005-2013); epoch mid-Cassini; frame=Saturn equator; sigma_kind=none on the rounded abstract 67627; sigma_primary=unverified; intake 2026-09-15; intake_row=2026-09-15; verified_by=; record_stream=1; collate=only-1; orig_quantity=semi_major_axis_km,,SOL-c695516e,
Saturn ring feature D68,periastron_advance,13968.25575,deg/yr,Hedman et al. 2014 Icarus 233 147 abstract,https://doi.org/10.1016/j.icarus.2014.01.022; https://arxiv.org/abs/1401.6103,2026-09-15,kind=observed; Cassini imaging fit; pericenter precession orig 38.243+/-0.008 deg/d; converted *365.25 d/Julian yr; consistent with Saturn J2+J4+... apsidal rate at this radius (not GR-separated; J2 is the principal term); does NOT include Earth equinox precession; epoch mid-Cassini (~2005-2013); frame=Saturn equator; 1-sigma orig 0.008 deg/d = 2.922 deg/yr; sigma_primary=verified; intake 2026-09-15; intake_row=2026-09-15; verified_by=原仮定者 2026-09-16; verified_at=abstract pericenter-precession statement for the D68 ringlet; verified_value=38.243 +/- 0.008 deg/day; record_stream=1+2; collate=agree; agree=2; value_confirmed=2026-09-16 (the original hypothesis author checked the cited table and column and the printed digits of this row against the confirmation record),2.922,SOL-fa1f6c6a,
Phobos,orbital_period_candidate,27553.843872,s,Jacobson R.A. 2010 AJ 139 668 Table 6 (user-held P from n=1128.844409 deg/d),https://doi.org/10.1088/0004-6256/139/2/668,2026-09-15,kind=ephemeris-fit; request was sigma-only on handheld P=27553.843872 s = 360/1128.844409 d; epoch of mean elements 1950 January 1.0 TDT; frame=local Laplace plane; elements=mean; orig n=1128.844409 deg/d; 1 d=86400 s; sigma_kind=none; no 1-sigma published on n in Table 6; sigma_primary=unverified; intake 2026-09-15; intake_row=2026-09-15; verified_by=; record_stream=1; collate=conflict; candidate_for=Phobos|orbital_period; spread=0.019872,,SOL-0970a750,
Phobos,orbital_period_candidate,27553.824,s,"NASA NSSDCA, Mars Fact Sheet, Martian satellite parameters, updated 2024-01-11",https://nssdc.gsfc.nasa.gov/planetary/factsheet/marsfact.html,2026-09-15,"kind=model-derived; epoch=not stated; timescale=not stated; reference_plane=Mars equatorial; element_type=mean; same-direction sidereal period; orig 0.31891 d; sigma_kind=none; NSSDC fact sheet (no uncertainty); digits=0.432 s (rounding width, not sigma); differs from requester-held 27553.843872 s; sigma_primary=unverified; intake 2026-09-15; intake_row=2026-09-15; verified_by=; record_stream=2; collate=conflict; candidate_for=Phobos|orbital_period; spread=0.019872",,SOL-aaaf270a,
Phobos,eccentricity_candidate,0.0151,1,Jacobson R.A. 2010 AJ 139 668 Table 6 (e=0.01511; user-held 0.0151),https://doi.org/10.1088/0004-6256/139/2/668,2026-09-15,kind=ephemeris-fit; request was sigma-only on handheld e=0.0151; orig table e=0.01511; epoch 1950 Jan 1.0 TDT; frame=Laplace plane; elements=mean; sigma_kind=none; no 1-sigma in Table 6; JPL SSD SAT MAR099 lists 0.015; spread=0.00011 vs table; sigma_primary=unverified; intake 2026-09-15; intake_row=2026-09-15; verified_by=; record_stream=1+2; collate=agree; agree=2; candidate_for=Phobos|eccentricity,,SOL-29f775fd,
Phobos,periastron_advance,158.9568,deg/yr,Jacobson R.A. 2010 AJ 139 668 Table 6 (varpi-dot),https://doi.org/10.1088/0004-6256/139/2/668,2026-09-15,kind=ephemeris-fit; longitude of periapsis rate orig 0.4352 deg/d; converted *365.25 d/Julian yr; epoch 1950 January 1.0 TDT; frame=local Laplace plane (inertial ICRF-node origin; no Earth equinox precession); elements=mean; J2 of Mars plus perturbations (not GR-separated); companion Omega-dot=-0.4358 deg/d; sigma_kind=none; no 1-sigma on varpi-dot in Table 6; sigma_primary=unverified; intake 2026-09-15; intake_row=2026-09-15; verified_by=; record_stream=1; collate=conflict-one-empty,,SOL-1736774e,
Phobos,periastron_advance,,deg/yr,"JPL Solar System Dynamics, Planetary Satellite Mean Elements, Mars table, solution MAR099",https://ssd.jpl.nasa.gov/sats/elem/,2026-09-15,kind=ephemeris-fit; epoch=2000-01-01.5; timescale=TDB; reference_plane=ラプラス面; element_type=mean; not published in JPL SSD table; coordinate_precession=not determinable for requested inertial longitude ϖ because P_apsis is for argument of periapsis ω; F2 stopped at different definition; no uncertainty published; sigma_primary=unverified; intake 2026-09-15; intake_row=2026-09-15; verified_by=; record_stream=2; collate=conflict-one-empty,,SOL-8c14d7ed,
Phobos,mean_motion,1128.844409,deg/day,Jacobson R.A. 2010 AJ 139 668 Table 6,https://doi.org/10.1088/0004-6256/139/2/668,2026-09-15,kind=ephemeris-fit; orig 1128.844409 deg/d; epoch 1950 Jan 1.0 TDT; frame=Laplace plane; elements=mean; sigma_kind=none; sigma_primary=verified; intake 2026-09-15; intake_row=2026-09-15; verified_by=原仮定者 2026-09-23; verified_at=Jacobson 2010 AJ 139 668 Table 6 lambda_dot column Phobos row; verified_value=1128.844409 deg/day; record_stream=1; collate=only-1; confirmation_round=5; period_column=absent (Table 6 has NO Period column - confirmed by the original hypothesis author 2026-09-23),,SOL-7cf0b3c4,
Deimos,orbital_period_candidate,109123.2,s,user-held value 1.263 d (NSSDC/common rounding); Jacobson 2010 n=285.161886 deg/d implies 109092.79 s,https://doi.org/10.1088/0004-6256/139/2/668,2026-09-15,kind=ephemeris-fit; request was sigma-only on handheld P=109123.2 s = 1.263 d; 1 d=86400 s; sigma_kind=none; no 1-sigma published; spread vs Jacobson P=360/285.161886 d=1.262185 d=109092.79 s; JPL SSD lists 1.2625 d=109080 s; sigma_primary=unverified; intake 2026-09-15; intake_row=2026-09-15; verified_by=; record_stream=1; collate=conflict; candidate_for=Deimos|orbital_period; spread=30.41,,SOL-51e498c2,
Deimos,orbital_period_candidate,109092.79,s,Jacobson R.A. 2010 AJ 139 668 Table 6 (from n=285.161886 deg/d),https://doi.org/10.1088/0004-6256/139/2/668,2026-09-15,kind=ephemeris-fit; P=360/n; orig n=285.161886 deg/d; orig P=1.262185 d; epoch 1950 Jan 1.0 TDT; frame=Laplace plane; elements=mean; sigma_kind=none; conflict=handheld 109123.2 s; sigma_primary=unverified; intake 2026-09-15; intake_row=2026-09-15; verified_by=; record_stream=1; collate=conflict; candidate_for=Deimos|orbital_period; spread=30.41,,SOL-798827eb,
Deimos,orbital_period_candidate,109114.816,s,"NASA NSSDCA, Mars Fact Sheet, Martian satellite parameters, updated 2024-01-11",https://nssdc.gsfc.nasa.gov/planetary/factsheet/marsfact.html,2026-09-15,"kind=model-derived; epoch=not stated; timescale=not stated; reference_plane=Mars equatorial; element_type=mean; same-direction sidereal period; orig 1.26244 d; sigma_kind=none; NSSDC fact sheet (no uncertainty); digits=0.432 s (rounding width, not sigma); differs from requester-held 109123.2 s; sigma_primary=unverified; intake 2026-09-15; intake_row=2026-09-15; verified_by=; record_stream=2; collate=conflict; candidate_for=Deimos|orbital_period; spread=30.41",,SOL-d88bc21a,
Deimos,eccentricity_candidate,0.00033,1,user-held value; Jacobson 2010 Table 6 e=0.00024; JPL SSD e=0.000,https://doi.org/10.1088/0004-6256/139/2/668,2026-09-15,kind=ephemeris-fit; request was sigma-only on handheld e=0.00033; sigma_kind=none; no 1-sigma published for 0.00033; spread vs Jacobson 0.00024 and JPL 0.000; sigma_primary=unverified; intake 2026-09-15; intake_row=2026-09-15; verified_by=; record_stream=1; collate=conflict; candidate_for=Deimos|eccentricity; spread=0.00026,,SOL-cb7be0a7,
Deimos,eccentricity_candidate,0.00024,1,Jacobson R.A. 2010 AJ 139 668 Table 6,https://doi.org/10.1088/0004-6256/139/2/668,2026-09-15,kind=ephemeris-fit; orig e=0.00024; epoch 1950 Jan 1.0 TDT; frame=Laplace plane; elements=mean; sigma_kind=none; conflict=handheld 0.00033; sigma_primary=unverified; intake 2026-09-15; intake_row=2026-09-15; verified_by=; record_stream=1; collate=conflict; candidate_for=Deimos|eccentricity; spread=0.00026; digits=1e-5 (rounding width of the printed 0.00024 - NOT a sigma); sigma_check=2 streams 2026-09-16 (both report that the cited table prints no symmetric 1-sigma for this element; the two streams count the significant digits differently - 2 and 5); a second sigma_kind= is NOT written here because the reader takes the first occurrence and the first one on this row is already the correct one,,SOL-c26ebc4a,
Deimos,eccentricity_candidate,0.0005,1,"NASA NSSDCA, Mars Fact Sheet, Martian satellite parameters, updated 2024-01-11",https://nssdc.gsfc.nasa.gov/planetary/factsheet/marsfact.html,2026-09-15,"kind=model-derived; epoch=not stated; timescale=not stated; reference_plane=Mars equatorial; element_type=mean; orig 0.0005; sigma_kind=none; NSSDC fact sheet (no uncertainty); digits=0.00005 (rounding width, not sigma); differs from requester-held 0.00033; sigma_primary=unverified; intake 2026-09-15; intake_row=2026-09-15; verified_by=; record_stream=2; collate=conflict; candidate_for=Deimos|eccentricity; spread=0.00026",,SOL-3c212c97,
Deimos,periastron_advance,6.537975,deg/yr,Jacobson R.A. 2010 AJ 139 668 Table 6 (varpi-dot),https://doi.org/10.1088/0004-6256/139/2/668,2026-09-15,kind=ephemeris-fit; longitude of periapsis rate orig 0.0179 deg/d; converted *365.25; epoch 1950 Jan 1.0 TDT; frame=local Laplace plane (inertial; no Earth equinox precession); elements=mean; companion Omega-dot=-0.0181 deg/d; sigma_kind=none; no 1-sigma in Table 6; JPL SSD lists P_apsis=0.0 yr because tabulated e=0.000 there; sigma_primary=unverified; intake 2026-09-15; intake_row=2026-09-15; verified_by=; record_stream=1; collate=conflict-one-empty,,SOL-2c1fd5c0,
Deimos,periastron_advance,,deg/yr,"JPL Solar System Dynamics, Planetary Satellite Mean Elements, Mars table, solution MAR099",https://ssd.jpl.nasa.gov/sats/elem/,2026-09-15,"kind=ephemeris-fit; epoch=2000-01-01.5; timescale=TDB; reference_plane=ラプラス面; element_type=mean; not published in JPL SSD table; table gives P_apsis=0.0 for its rounded circular mean fit, so no inertial ϖ rate is inferred; coordinate_precession=not determinable; no uncertainty published; sigma_primary=unverified; intake 2026-09-15; intake_row=2026-09-15; verified_by=; record_stream=2; collate=conflict-one-empty",,SOL-0f20037b,
Charon,orbital_period_candidate,551854.08,s,NASA NSSDC Pluto Fact Sheet (user-held 6.3872 d),https://nssdc.gsfc.nasa.gov/planetary/factsheet/plutofact.html,2026-09-15,kind=ephemeris-fit; request was sigma-only on handheld P=551854.08 s = 6.3872 d; NSSDC fact sheet (no uncertainty); sigma_kind=none; 1 d=86400 s; sigma_primary=unverified; intake 2026-09-15; intake_row=2026-09-15; verified_by=; record_stream=1+2; collate=partial; agree=2; candidate_for=Charon|orbital_period; spread=2.62656,,SOL-f0c72d43,
Charon,orbital_period_candidate,551856.43872,s,Buie M.W. Tholen D.J. Grundy W.M. 2012 AJ 144 15 (adopted two-body Keplerian P),https://doi.org/10.1088/0004-6256/144/1/15,2026-09-15,"kind=observed; two-body Keplerian fit to HST astrometry 1992-2010; orig P=6.3872273 d; 1-sigma orig 0.0000003 d = 0.02592 s; epoch JDT=2452600.5; frame=J2000 equatorial; elements=osculating two-body (paper adopts e=0); time system TT/TDB of JDT; conflict=NSSDC/handheld 6.3872 d and JPL SSD 6.387222 d; sigma_primary=verified; intake 2026-09-15; intake_row=2026-09-15; verified_by=原仮定者 2026-09-16; verified_at=Table 5 P (days) two-body orbit fit to Charon astrometry; verified_value=6.3872273(3) d; record_stream=1; collate=partial; candidate_for=Charon|orbital_period; spread=2.62656; value_confirmed=2026-09-16 (the original hypothesis author checked the cited table and column and the printed digits of this row against the confirmation record); definition=two-body Keplerian sidereal period of the relative orbit fitted to 1992-2010 HST astrometry with e fixed at 0 (1-sigma upper limit 7.5e-5), epoch JDT 2452600.5, J2000 reference frame, a=19573 +/- 2 km, i=96.218 +/- 0.008 deg, L=4.50177 +/- 0.00018 rad, Omega=3.89249 +/- 0.00012 rad; this is a DIFFERENT quantity from the 1800-2200 mean osculating period of the PLU060 solution (551855.8944 s) and from the Horizons osculating PR at a single epoch (551850.677 s at epoch A, 551853.070 s at epoch B); the ephemeris-reproduction check and the observation test are kept in separate ledgers; intake_check=2026-09-22 (request C, two independent external surveys; both reproduce 6.3872273 +/- 0.0000003 d)",0.02592,SOL-25d4320f,
Charon,orbital_period_candidate,551856.70656,s,"Buie et al. 2006, Astronomical Journal 132, 290–298",https://arxiv.org/abs/astro-ph/0512491,2026-09-15,kind=observed; epoch=HST ACS observations 2002–2003; timescale=UTC observation times; reference_plane=Pluto system barycentric sky-plane orbit; element_type=osculating; same-direction sidereal fitted period; orig 6.3872304 d; conflict=NASA NSSDCA Pluto Fact Sheet row; value_checked_by=external review 2026-09-16 (answer B); value_checked_at=arXiv astro-ph/0512491v2 Table 3 Period Charon and section 3 1-sigma DeltaChi2=1; value_checked_value=6.3872304(11) d; conversion=86400 s/d; value_checked records an external transcription check only and does NOT promote the sigma_primary mark (the original hypothesis author has not signed it off); sigma_primary=verified; intake 2026-09-15; intake_row=2026-09-15; verified_by=原仮定者 2026-09-16; verified_at=arXiv astro-ph/0512491v2 Table 3 Period (days) Charon column; verified_value=6.3872304(11) d; record_stream=2; collate=partial; candidate_for=Charon|orbital_period; spread=2.62656; value_confirmed=2026-09-16 (the original hypothesis author checked the cited table and column and the printed digits of this row against the confirmation record),0.09504,SOL-35a4132d,
Charon,eccentricity_candidate,0.0,1,Buie et al. 2012 AJ 144 15; JPL SSD PLU060; NSSDC Pluto Fact Sheet (user-held e=0.0),https://doi.org/10.1088/0004-6256/144/1/15; https://ssd.jpl.nasa.gov/sats/elem/,2026-09-15,"kind=observed; F4: adopted e=0.; 1-sigma upper_limit=7.5e-5 (Buie et al. 2012); not_applicable=periapsis longitude is undefined for a circular orbit at the adopted value; epoch JDT 2452600.5; frame=J2000; request was sigma-only on handheld e=0.0 — published 1-sigma is an upper limit not a Gaussian sigma on 0.0; sigma_primary=unverified; intake 2026-09-15; intake_row=2026-09-15; verified_by=; record_stream=1+2; collate=agree; agree=2; candidate_for=Charon|eccentricity; definition=e adopted as 0 in the constrained circular two-body fit; the 7.5e-5 is a 1-sigma upper limit and NOT a Gaussian sigma on 0; this is a DIFFERENT quantity from the mean osculating e of an integrated orbit (0.000161 in the 1800-2200 mean of the PLU060 solution, 0.00005 in the 200-year mean of the PLU043 solution); intake_check=2026-09-22 (request C, two independent external surveys)",,SOL-c9329a01,
Charon,periastron_advance,,deg/yr,Buie et al. 2012 AJ 144 15; Brozovic et al. 2015 Icarus 246 317; JPL SSD PLU060,https://doi.org/10.1088/0004-6256/144/1/15; https://doi.org/10.1016/j.icarus.2014.03.015,2026-09-15,"F4: not_applicable=e adopted as 0 so periapsis is undefined; not published as a finite apsidal rate in Buie 2012 Brozovic 2015 or JPL SSD (P_apsis blank); sigma_primary=unverified; intake 2026-09-15; intake_row=2026-09-15; verified_by=; record_stream=1+2; collate=agree-both-empty; agree=2; definition=undefined at the adopted e=0 of the two-body fit; no finite apsidal rate is printed for Charon in the 2012, 2015 or 2024 solutions (both surveys; the 2015 Table 9 entry is a dash); intake_check=2026-09-22 (request C, two independent external surveys)",,SOL-eae84705,
Charon,mean_motion,56.362522,deg/day,Buie et al. 2012 AJ 144 15 (from P=6.3872273 d),https://doi.org/10.1088/0004-6256/144/1/15,2026-09-15,kind=observed; F4 companion row; n=360/P; orig P=6.3872273+/-0.0000003 d; n_sigma from dP: 360*0.0000003/P^2 = 2.65e-6 deg/d; epoch JDT 2452600.5; frame=J2000; sigma_primary=unverified; intake 2026-09-15; intake_row=2026-09-15; verified_by=; record_stream=1; collate=only-1; sigma_propagated=0.00000265 (**一次資料に印字された 1σ ではない** — sigma 列へ入れない),,SOL-50ff1c42,
Miranda,orbital_period_candidate,122124.5856,s,NASA NSSDC Uranian Satellite Fact Sheet (user-held NSSDC period),https://nssdc.gsfc.nasa.gov/planetary/factsheet/uraniansatfact.html,2026-09-15,kind=ephemeris-fit; request was sigma-only on NSSDC P; orig 1.413479 d; 1 d=86400 s; NSSDC fact sheet (no uncertainty); sigma_kind=none; Jacobson 2014 n=254.6906573 deg/d implies P=360/n d consistent at the tabulated digits; epoch of Jacobson elements 2000 January 1.5 TDT; sigma_primary=unverified; intake 2026-09-15; intake_row=2026-09-15; verified_by=; record_stream=1+2; collate=agree; agree=2; candidate_for=Miranda|orbital_period,,SOL-7a307665,
Miranda,eccentricity_candidate,0.0013,1,NASA NSSDC Uranian Satellite Fact Sheet (user-held NSSDC e),https://nssdc.gsfc.nasa.gov/planetary/factsheet/uraniansatfact.html,2026-09-15,kind=ephemeris-fit; request was sigma-only on NSSDC e; NSSDC fact sheet (no uncertainty); sigma_kind=none; Jacobson 2014 AJ 148 76 Table 2 e=0.00135 (no 1-sigma there either); spread vs Jacobson; sigma_primary=unverified; intake 2026-09-15; intake_row=2026-09-15; verified_by=; record_stream=1+2; collate=partial; agree=2; candidate_for=Miranda|eccentricity; spread=5e-05,,SOL-12ff81a1,
Miranda,eccentricity_candidate,0.00135,1,Jacobson R.A. 2014 AJ 148 76 Table 2,https://doi.org/10.1088/0004-6256/148/5/76,2026-09-15,kind=ephemeris-fit; epoch=2000 January 1.5 TDT; frame=Uranus mean equator (longitudes from Uranus-equator x ICRF-equator node); elements=mean; orig e=0.00135; sigma_kind=none; no 1-sigma in Table 2; conflict=NSSDC 0.0013; sigma_primary=unverified; intake 2026-09-15; intake_row=2026-09-15; verified_by=; record_stream=1; collate=partial; candidate_for=Miranda|eccentricity; spread=5e-05; digits=1e-5 (rounding width of the printed 0.00135 - NOT a sigma); sigma_check=2 streams 2026-09-16 (both report that the cited table prints no symmetric 1-sigma for this element; the two streams count the significant digits differently - 3 and 5); a second sigma_kind= is NOT written here because the reader takes the first occurrence and the first one on this row is already the correct one,,SOL-4d4467d1,
Miranda,periastron_advance,20.0409,deg/yr,Jacobson R.A. 2014 AJ 148 76 Table 2 (dot-varpi),https://doi.org/10.1088/0004-6256/148/5/76,2026-09-15,kind=ephemeris-fit; epoch=2000 January 1.5 TDT; frame=Uranus mean equator; elements=mean; longitude of periapsis rate orig 20.0409 deg/yr; J2 plus satellite perturbations (not GR-separated); does NOT include Earth equinox precession; sigma_kind=none; no 1-sigma in Table 2; sigma_primary=unverified; intake 2026-09-15; intake_row=2026-09-15; verified_by=; record_stream=1; collate=conflict-one-empty,,SOL-ccbaab0b,
Miranda,periastron_advance,,deg/yr,"JPL Solar System Dynamics, Planetary Satellite Mean Elements, Uranus table, solution URA182",https://ssd.jpl.nasa.gov/sats/elem/,2026-09-15,kind=ephemeris-fit; epoch=2000-01-01.5; timescale=TDB; reference_plane=赤道面; element_type=mean; not published in JPL SSD table; coordinate_precession=not determinable for requested inertial longitude ϖ because P_apsis is for argument of periapsis ω; F2 stopped at different definition; no uncertainty published; sigma_primary=unverified; intake 2026-09-15; intake_row=2026-09-15; verified_by=; record_stream=2; collate=conflict-one-empty,,SOL-9f26ed59,
Miranda,mean_motion,254.6906573,deg/day,Jacobson R.A. 2014 AJ 148 76 Table 2,https://doi.org/10.1088/0004-6256/148/5/76,2026-09-15,kind=ephemeris-fit; orig n=254.6906573 deg/d; epoch 2000 Jan 1.5 TDT; frame=Uranus mean equator; elements=mean; sigma_kind=none; sigma_primary=unverified; intake 2026-09-15; intake_row=2026-09-15; verified_by=; record_stream=1; collate=only-1; intake_check=2026-09-23 (request D: one survey reproduces lambda_dot=254.6906573 deg/d from Table 2 with no printed sigma; the other could not open the table); intake_agreement=1of2; digits=1e-7 deg/d (rounding width of the printed lambda_dot - NOT a sigma),,SOL-6c790395,
Ariel,orbital_period_candidate,217760.7456,s,NASA NSSDC Uranian Satellite Fact Sheet (user-held NSSDC period),https://nssdc.gsfc.nasa.gov/planetary/factsheet/uraniansatfact.html,2026-09-15,kind=ephemeris-fit; request was sigma-only on NSSDC P; orig 2.520379 d; 1 d=86400 s; NSSDC fact sheet (no uncertainty); sigma_kind=none; Jacobson 2014 n=142.8356506 deg/d implies P=360/n d consistent at the tabulated digits; epoch of Jacobson elements 2000 January 1.5 TDT; sigma_primary=unverified; intake 2026-09-15; intake_row=2026-09-15; verified_by=; record_stream=1+2; collate=agree; agree=2; candidate_for=Ariel|orbital_period,,SOL-16f337e5,
Ariel,eccentricity_candidate,0.0012,1,NASA NSSDC Uranian Satellite Fact Sheet (user-held NSSDC e),https://nssdc.gsfc.nasa.gov/planetary/factsheet/uraniansatfact.html,2026-09-15,kind=ephemeris-fit; request was sigma-only on NSSDC e; NSSDC fact sheet (no uncertainty); sigma_kind=none; Jacobson 2014 AJ 148 76 Table 2 e=0.00122 (no 1-sigma there either); spread vs Jacobson; sigma_primary=unverified; intake 2026-09-15; intake_row=2026-09-15; verified_by=; record_stream=1+2; collate=partial; agree=2; candidate_for=Ariel|eccentricity; spread=2e-05,,SOL-0e90ae73,
Ariel,eccentricity_candidate,0.00122,1,Jacobson R.A. 2014 AJ 148 76 Table 2,https://doi.org/10.1088/0004-6256/148/5/76,2026-09-15,kind=ephemeris-fit; epoch=2000 January 1.5 TDT; frame=Uranus mean equator (longitudes from Uranus-equator x ICRF-equator node); elements=mean; orig e=0.00122; sigma_kind=none; no 1-sigma in Table 2; conflict=NSSDC 0.0012; sigma_primary=unverified; intake 2026-09-15; intake_row=2026-09-15; verified_by=; record_stream=1; collate=partial; candidate_for=Ariel|eccentricity; spread=2e-05; digits=1e-5 (rounding width of the printed 0.00122 - NOT a sigma); sigma_check=2 streams 2026-09-16 (both report that the cited table prints no symmetric 1-sigma for this element; the two streams count the significant digits differently - 3 and 5); a second sigma_kind= is NOT written here because the reader takes the first occurrence and the first one on this row is already the correct one,,SOL-039a2cbe,
Ariel,periastron_advance,6.2308,deg/yr,Jacobson R.A. 2014 AJ 148 76 Table 2 (dot-varpi),https://doi.org/10.1088/0004-6256/148/5/76,2026-09-15,kind=ephemeris-fit; epoch=2000 January 1.5 TDT; frame=Uranus mean equator; elements=mean; longitude of periapsis rate orig 6.2308 deg/yr; J2 plus satellite perturbations (not GR-separated); does NOT include Earth equinox precession; sigma_kind=none; no 1-sigma in Table 2; sigma_primary=unverified; intake 2026-09-15; intake_row=2026-09-15; verified_by=; record_stream=1; collate=conflict-one-empty,,SOL-9f9d94f8,
Ariel,periastron_advance,,deg/yr,"JPL Solar System Dynamics, Planetary Satellite Mean Elements, Uranus table, solution URA182",https://ssd.jpl.nasa.gov/sats/elem/,2026-09-15,kind=ephemeris-fit; epoch=2000-01-01.5; timescale=TDB; reference_plane=赤道面; element_type=mean; not published in JPL SSD table; coordinate_precession=not determinable for requested inertial longitude ϖ because P_apsis is for argument of periapsis ω; F2 stopped at different definition; no uncertainty published; sigma_primary=unverified; intake 2026-09-15; intake_row=2026-09-15; verified_by=; record_stream=2; collate=conflict-one-empty,,SOL-4a25b131,
Ariel,mean_motion,142.8356506,deg/day,Jacobson R.A. 2014 AJ 148 76 Table 2,https://doi.org/10.1088/0004-6256/148/5/76,2026-09-15,kind=ephemeris-fit; orig n=142.8356506 deg/d; epoch 2000 Jan 1.5 TDT; frame=Uranus mean equator; elements=mean; sigma_kind=none; sigma_primary=unverified; intake 2026-09-15; intake_row=2026-09-15; verified_by=; record_stream=1; collate=only-1; intake_check=2026-09-23 (request D: one survey reproduces lambda_dot=142.8356506 deg/d from Table 2 with no printed sigma; the other could not open the table); intake_agreement=1of2; digits=1e-7 deg/d (rounding width of the printed lambda_dot - NOT a sigma),,SOL-47a34fc3,
Umbriel,orbital_period_candidate,358056.8064,s,NASA NSSDC Uranian Satellite Fact Sheet (user-held NSSDC period),https://nssdc.gsfc.nasa.gov/planetary/factsheet/uraniansatfact.html,2026-09-15,kind=ephemeris-fit; request was sigma-only on NSSDC P; orig 4.144176 d; 1 d=86400 s; NSSDC fact sheet (no uncertainty); sigma_kind=none; Jacobson 2014 n=86.8688753 deg/d implies P=360/n d consistent at the tabulated digits; epoch of Jacobson elements 2000 January 1.5 TDT; sigma_primary=unverified; intake 2026-09-15; intake_row=2026-09-15; verified_by=; record_stream=1+2; collate=agree; agree=2; candidate_for=Umbriel|orbital_period,,SOL-0030545e,
Umbriel,eccentricity_candidate,0.0039,1,NASA NSSDC Uranian Satellite Fact Sheet (user-held NSSDC e),https://nssdc.gsfc.nasa.gov/planetary/factsheet/uraniansatfact.html,2026-09-15,kind=ephemeris-fit; request was sigma-only on NSSDC e; NSSDC fact sheet (no uncertainty); sigma_kind=none; Jacobson 2014 AJ 148 76 Table 2 e=0.00394 (no 1-sigma there either); spread vs Jacobson; sigma_primary=unverified; intake 2026-09-15; intake_row=2026-09-15; verified_by=; record_stream=1+2; collate=partial; agree=2; candidate_for=Umbriel|eccentricity; spread=4e-05,,SOL-4e4775ed,
Umbriel,eccentricity_candidate,0.00394,1,Jacobson R.A. 2014 AJ 148 76 Table 2,https://doi.org/10.1088/0004-6256/148/5/76,2026-09-15,kind=ephemeris-fit; epoch=2000 January 1.5 TDT; frame=Uranus mean equator (longitudes from Uranus-equator x ICRF-equator node); elements=mean; orig e=0.00394; sigma_kind=none; no 1-sigma in Table 2; conflict=NSSDC 0.0039; sigma_primary=unverified; intake 2026-09-15; intake_row=2026-09-15; verified_by=; record_stream=1; collate=partial; candidate_for=Umbriel|eccentricity; spread=4e-05; digits=1e-5 (rounding width of the printed 0.00394 - NOT a sigma); sigma_check=2 streams 2026-09-16 (both report that the cited table prints no symmetric 1-sigma for this element; the two streams count the significant digits differently - 3 and 5); a second sigma_kind= is NOT written here because the reader takes the first occurrence and the first one on this row is already the correct one,,SOL-1e388b47,
Umbriel,periastron_advance,2.8428,deg/yr,Jacobson R.A. 2014 AJ 148 76 Table 2 (dot-varpi),https://doi.org/10.1088/0004-6256/148/5/76,2026-09-15,kind=ephemeris-fit; epoch=2000 January 1.5 TDT; frame=Uranus mean equator; elements=mean; longitude of periapsis rate orig 2.8428 deg/yr; J2 plus satellite perturbations (not GR-separated); does NOT include Earth equinox precession; sigma_kind=none; no 1-sigma in Table 2; sigma_primary=unverified; intake 2026-09-15; intake_row=2026-09-15; verified_by=; record_stream=1; collate=conflict-one-empty,,SOL-a10fc0b7,
Umbriel,periastron_advance,,deg/yr,"JPL Solar System Dynamics, Planetary Satellite Mean Elements, Uranus table, solution URA182",https://ssd.jpl.nasa.gov/sats/elem/,2026-09-15,kind=ephemeris-fit; epoch=2000-01-01.5; timescale=TDB; reference_plane=赤道面; element_type=mean; not published in JPL SSD table; coordinate_precession=not determinable for requested inertial longitude ϖ because P_apsis is for argument of periapsis ω; F2 stopped at different definition; no uncertainty published; sigma_primary=unverified; intake 2026-09-15; intake_row=2026-09-15; verified_by=; record_stream=2; collate=conflict-one-empty,,SOL-d4f1ff70,
Umbriel,mean_motion,86.8688753,deg/day,Jacobson R.A. 2014 AJ 148 76 Table 2,https://doi.org/10.1088/0004-6256/148/5/76,2026-09-15,kind=ephemeris-fit; orig n=86.8688753 deg/d; epoch 2000 Jan 1.5 TDT; frame=Uranus mean equator; elements=mean; sigma_kind=none; sigma_primary=unverified; intake 2026-09-15; intake_row=2026-09-15; verified_by=; record_stream=1; collate=only-1; intake_check=2026-09-23 (request D: one survey reproduces lambda_dot=86.8688753 deg/d from Table 2 with no printed sigma; the other could not open the table); intake_agreement=1of2; digits=1e-7 deg/d (rounding width of the printed lambda_dot - NOT a sigma),,SOL-48e882d5,
Titania,orbital_period_candidate,752186.9088,s,NASA NSSDC Uranian Satellite Fact Sheet (user-held NSSDC period),https://nssdc.gsfc.nasa.gov/planetary/factsheet/uraniansatfact.html,2026-09-15,kind=ephemeris-fit; request was sigma-only on NSSDC P; orig 8.705867 d; 1 d=86400 s; NSSDC fact sheet (no uncertainty); sigma_kind=none; Jacobson 2014 n=41.3514187 deg/d implies P=360/n d consistent at the tabulated digits; epoch of Jacobson elements 2000 January 1.5 TDT; sigma_primary=unverified; intake 2026-09-15; intake_row=2026-09-15; verified_by=; record_stream=1+2; collate=agree; agree=2; candidate_for=Titania|orbital_period,,SOL-1495f2ab,
Titania,eccentricity_candidate,0.0011,1,NASA NSSDC Uranian Satellite Fact Sheet (user-held NSSDC e),https://nssdc.gsfc.nasa.gov/planetary/factsheet/uraniansatfact.html,2026-09-15,kind=ephemeris-fit; request was sigma-only on NSSDC e; NSSDC fact sheet (no uncertainty); sigma_kind=none; Jacobson 2014 AJ 148 76 Table 2 e=0.00123 (no 1-sigma there either); spread vs Jacobson; sigma_primary=unverified; intake 2026-09-15; intake_row=2026-09-15; verified_by=; record_stream=1+2; collate=partial; agree=2; candidate_for=Titania|eccentricity; spread=0.00013,,SOL-1ab85e58,
Titania,eccentricity_candidate,0.00123,1,Jacobson R.A. 2014 AJ 148 76 Table 2,https://doi.org/10.1088/0004-6256/148/5/76,2026-09-15,kind=ephemeris-fit; epoch=2000 January 1.5 TDT; frame=Uranus mean equator (longitudes from Uranus-equator x ICRF-equator node); elements=mean; orig e=0.00123; sigma_kind=none; no 1-sigma in Table 2; conflict=NSSDC 0.0011; sigma_primary=unverified; intake 2026-09-15; intake_row=2026-09-15; verified_by=; record_stream=1; collate=partial; candidate_for=Titania|eccentricity; spread=0.00013; digits=1e-5 (rounding width of the printed 0.00123 - NOT a sigma); sigma_check=2 streams 2026-09-16 (both report that the cited table prints no symmetric 1-sigma for this element; the two streams count the significant digits differently - 3 and 5); a second sigma_kind= is NOT written here because the reader takes the first occurrence and the first one on this row is already the correct one,,SOL-7e80875f,
Titania,periastron_advance,0.9993,deg/yr,Jacobson R.A. 2014 AJ 148 76 Table 2 (dot-varpi),https://doi.org/10.1088/0004-6256/148/5/76,2026-09-15,kind=ephemeris-fit; epoch=2000 January 1.5 TDT; frame=Uranus mean equator; elements=mean; longitude of periapsis rate orig 0.9993 deg/yr; J2 plus satellite perturbations (not GR-separated); does NOT include Earth equinox precession; sigma_kind=none; no 1-sigma in Table 2; sigma_primary=unverified; intake 2026-09-15; intake_row=2026-09-15; verified_by=; record_stream=1; collate=conflict-one-empty,,SOL-32936cb8,
Titania,periastron_advance,,deg/yr,"JPL Solar System Dynamics, Planetary Satellite Mean Elements, Uranus table, solution URA182",https://ssd.jpl.nasa.gov/sats/elem/,2026-09-15,kind=ephemeris-fit; epoch=2000-01-01.5; timescale=TDB; reference_plane=赤道面; element_type=mean; not published in JPL SSD table; coordinate_precession=not determinable for requested inertial longitude ϖ because P_apsis is for argument of periapsis ω; F2 stopped at different definition; no uncertainty published; sigma_primary=unverified; intake 2026-09-15; intake_row=2026-09-15; verified_by=; record_stream=2; collate=conflict-one-empty,,SOL-a9d9ab05,
Titania,mean_motion,41.3514187,deg/day,Jacobson R.A. 2014 AJ 148 76 Table 2,https://doi.org/10.1088/0004-6256/148/5/76,2026-09-15,kind=ephemeris-fit; orig n=41.3514187 deg/d; epoch 2000 Jan 1.5 TDT; frame=Uranus mean equator; elements=mean; sigma_kind=none; sigma_primary=unverified; intake 2026-09-15; intake_row=2026-09-15; verified_by=; record_stream=1; collate=only-1; intake_check=2026-09-23 (request D: one survey reproduces lambda_dot=41.3514187 deg/d from Table 2 with no printed sigma; the other could not open the table); intake_agreement=1of2; digits=1e-7 deg/d (rounding width of the printed lambda_dot - NOT a sigma),,SOL-f37678a4,
Oberon,orbital_period_candidate,1163223.4176,s,NASA NSSDC Uranian Satellite Fact Sheet (user-held NSSDC period),https://nssdc.gsfc.nasa.gov/planetary/factsheet/uraniansatfact.html,2026-09-15,kind=ephemeris-fit; request was sigma-only on NSSDC P; orig 13.463234 d; 1 d=86400 s; NSSDC fact sheet (no uncertainty); sigma_kind=none; Jacobson 2014 n=26.7394835 deg/d implies P=360/n d consistent at the tabulated digits; epoch of Jacobson elements 2000 January 1.5 TDT; sigma_primary=unverified; intake 2026-09-15; intake_row=2026-09-15; verified_by=; record_stream=1+2; collate=agree; agree=2; candidate_for=Oberon|orbital_period,,SOL-3a2cac9e,
Oberon,eccentricity_candidate,0.0014,1,NASA NSSDC Uranian Satellite Fact Sheet (user-held NSSDC e),https://nssdc.gsfc.nasa.gov/planetary/factsheet/uraniansatfact.html,2026-09-15,kind=ephemeris-fit; request was sigma-only on NSSDC e; NSSDC fact sheet (no uncertainty); sigma_kind=none; Jacobson 2014 AJ 148 76 Table 2 e=0.00140 (no 1-sigma there either); spread vs Jacobson; sigma_primary=unverified; intake 2026-09-15; intake_row=2026-09-15; verified_by=; record_stream=1+2; collate=agree; agree=2; candidate_for=Oberon|eccentricity,,SOL-a9b4e95e,
Oberon,periastron_advance,0.2680,deg/yr,Jacobson R.A. 2014 AJ 148 76 Table 2 (dot-varpi),https://doi.org/10.1088/0004-6256/148/5/76,2026-09-15,kind=ephemeris-fit; epoch=2000 January 1.5 TDT; frame=Uranus mean equator; elements=mean; longitude of periapsis rate orig 0.2680 deg/yr; J2 plus satellite perturbations (not GR-separated); does NOT include Earth equinox precession; sigma_kind=none; no 1-sigma in Table 2; sigma_primary=unverified; intake 2026-09-15; intake_row=2026-09-15; verified_by=; record_stream=1; collate=conflict-one-empty,,SOL-17abddbb,
Oberon,periastron_advance,,deg/yr,"JPL Solar System Dynamics, Planetary Satellite Mean Elements, Uranus table, solution URA182",https://ssd.jpl.nasa.gov/sats/elem/,2026-09-15,kind=ephemeris-fit; epoch=2000-01-01.5; timescale=TDB; reference_plane=赤道面; element_type=mean; not published in JPL SSD table; coordinate_precession=not determinable for requested inertial longitude ϖ because P_apsis is for argument of periapsis ω; F2 stopped at different definition; no uncertainty published; sigma_primary=unverified; intake 2026-09-15; intake_row=2026-09-15; verified_by=; record_stream=2; collate=conflict-one-empty,,SOL-785f9e0c,
Oberon,mean_motion,26.7394835,deg/day,Jacobson R.A. 2014 AJ 148 76 Table 2,https://doi.org/10.1088/0004-6256/148/5/76,2026-09-15,kind=ephemeris-fit; orig n=26.7394835 deg/d; epoch 2000 Jan 1.5 TDT; frame=Uranus mean equator; elements=mean; sigma_kind=none; sigma_primary=unverified; intake 2026-09-15; intake_row=2026-09-15; verified_by=; record_stream=1; collate=only-1; intake_check=2026-09-23 (request D: one survey reproduces lambda_dot=26.7394835 deg/d from Table 2 with no printed sigma; the other could not open the table); intake_agreement=1of2; digits=1e-7 deg/d (rounding width of the printed lambda_dot - NOT a sigma),,SOL-f7ae17f4,
Miranda,rotation_period_candidate,122124.605723514,s,Archinal B.A. et al. 2018 CMDA 130:22 (IAU WGCCRE 2015 report) Table 2,https://doi.org/10.1007/s10569-017-9805-5,2026-09-15,kind=model-derived; IAU adopted; synchronous=yes (W=30.70-254.6906892 d deg with d in days from JD 2451545.0 TDB); sidereal rotation period = 360/254.6906892 d = 1.41347911 d; rotation set equal to the IAU adopted spin rate not an independently measured non-synchronous period; orig rate 254.6906892 deg/d; sigma_kind=none; no independent 1-sigma on a separately measured rotation period in Archinal Table 2; sigma_primary=unverified; intake 2026-09-15; intake_row=2026-09-15; verified_by=; record_stream=1+2; collate=agree-rounding; agree=2; rounding_variant=122124.595068 (**同じ一次資料の換算で桁だけが違う転写** — 値は採らずここに残す); candidate_for=Miranda|rotation_period,,SOL-4cb0c279,
Triton,orbital_period_candidate,507760.1856,s,user-held value 5.876854 d consistent with Jacobson 2009 n=61.2572638 deg/d,https://doi.org/10.1088/0004-6256/137/5/4322,2026-09-15,kind=ephemeris-fit; request was sigma-only on handheld P=507760.1856 s; P=360/61.2572638 d=5.876854 d; 1 d=86400 s; epoch of Jacobson Table 6 2000 January 1.5 TDB; frame=local Laplace plane; elements=mean; retrograde orbit so mean motion is the magnitude of the sidereal angular rate; sigma_kind=none; no 1-sigma on n in Jacobson 2009 Table 6; JPL SSD NEP097 lists 5.876994 d=507772.2816 s (conflict); sigma_primary=unverified; intake 2026-09-15; intake_row=2026-09-15; verified_by=; record_stream=1+2; collate=partial; agree=2; candidate_for=Triton|orbital_period; spread=12.096,,SOL-d072c2df,
Triton,orbital_period_candidate,507772.2816,s,JPL SSD Planetary Satellite Mean Elements (Triton; ephemeris NEP097),https://ssd.jpl.nasa.gov/sats/elem/,2026-09-15,kind=ephemeris-fit; orig 5.876994 d; epoch=2000-01-01.5 TDB; frame=Laplace plane; elements=mean; retrograde; sigma_kind=none; conflict=Jacobson 2009 n-implied 5.876854 d; sigma_primary=unverified; intake 2026-09-15; intake_row=2026-09-15; verified_by=; record_stream=1; collate=partial; candidate_for=Triton|orbital_period; spread=12.096,,SOL-82383de6,
Triton,eccentricity_candidate,0.000016,1,user-held value; Jacobson 2009 AJ 137 4322 Table 6 lists e=0.00001; JPL SSD lists 0.000,https://doi.org/10.1088/0004-6256/137/5/4322,2026-09-15,kind=ephemeris-fit; request was sigma-only on handheld e=0.000016; sigma_kind=none; no 1-sigma published; spread vs Jacobson 0.00001 and JPL 0.000; sigma_primary=unverified; intake 2026-09-15; intake_row=2026-09-15; verified_by=; record_stream=1+2; collate=partial; agree=2; candidate_for=Triton|eccentricity; spread=6e-06,,SOL-58f488df,
Triton,eccentricity_candidate,0.00001,1,Jacobson R.A. 2009 AJ 137 4322 Table 6,https://doi.org/10.1088/0004-6256/137/5/4322,2026-09-15,kind=ephemeris-fit; epoch=2000 January 1.5 TDB; frame=local Laplace plane; elements=mean; orig e=0.00001; sigma_kind=none; no 1-sigma in Table 6; conflict=handheld 0.000016; retrograde sign convention: paper uses varpi=Omega-omega for the retrograde orbit; sigma_primary=unverified; intake 2026-09-15; intake_row=2026-09-15; verified_by=; record_stream=1; collate=partial; candidate_for=Triton|eccentricity; spread=6e-06,,SOL-5197a595,
Triton,periastron_advance,0.4081,deg/yr,Jacobson R.A. 2009 AJ 137 4322 Table 6 (dot-varpi),https://doi.org/10.1088/0004-6256/137/5/4322,2026-09-15,kind=ephemeris-fit; epoch=2000 January 1.5 TDB; frame=local Laplace plane; elements=mean; longitude of periapsis rate orig 0.4081 deg/yr; paper notes retrograde orbit so varpi=Omega-omega (sign convention for retrograde); J2 plus perturbations (not GR-separated); does NOT include Earth equinox precession; JPL SSD lists P_apsis=0.000 because tabulated e=0; sigma_kind=none; no 1-sigma in Table 6; sigma_primary=unverified; intake 2026-09-15; intake_row=2026-09-15; verified_by=; record_stream=1; collate=conflict-one-empty,,SOL-7e9b7745,
Triton,periastron_advance,,deg/yr,"JPL Solar System Dynamics, Planetary Satellite Mean Elements, Neptune table, solution NEP097",https://ssd.jpl.nasa.gov/sats/elem/,2026-09-15,"kind=ephemeris-fit; epoch=2000-01-01.5; timescale=TDB; reference_plane=ラプラス面; element_type=mean; F4; not_applicable=NEP097 mean-element fit rounds e to 0.000 and P_apsis to 0.000, making ϖ ill-conditioned; retrograde sign convention=no rate inferred; coordinate_precession=not determinable; no upper limit and no uncertainty published; sigma_primary=unverified; intake 2026-09-15; intake_row=2026-09-15; verified_by=; record_stream=2; collate=conflict-one-empty",,SOL-347eef2c,
Triton,mean_motion,61.2572638,deg/day,Jacobson R.A. 2009 AJ 137 4322 Table 6,https://doi.org/10.1088/0004-6256/137/5/4322,2026-09-15,kind=ephemeris-fit; orig n=61.2572638 deg/d (magnitude of retrograde mean motion); epoch 2000 Jan 1.5 TDB; frame=Laplace plane; elements=mean; sigma_kind=none; sigma_primary=unverified; intake 2026-09-15; intake_row=2026-09-15; verified_by=; record_stream=1; collate=only-1,,SOL-117873ca,
Triton,rotation_period_candidate,507760.192363930,s,Archinal B.A. et al. 2018 CMDA 130:22 (IAU WGCCRE 2015 report) Table 2,https://doi.org/10.1007/s10569-017-9805-5,2026-09-15,kind=model-derived; IAU adopted; synchronous=yes (tidally locked; retrograde spin matching retrograde orbit); W=296.53-61.2572637 d deg; d from JD 2451545.0 TDB; period=360/61.2572637 d=5.87685409 d; orig rate 61.2572637 deg/d; sigma_kind=none; no independent 1-sigma on a separately measured non-synchronous rotation; sign convention: W1 is negative in the IAU formula reflecting retrograde rotation; sigma_primary=unverified; intake 2026-09-15; intake_row=2026-09-15; verified_by=; record_stream=1+2; collate=agree-rounding; agree=2; rounding_variant=507760.1935 (**同じ一次資料の換算で桁だけが違う転写** — 値は採らずここに残す); candidate_for=Triton|rotation_period,,SOL-d8bb664c,
Moon,periastron_advance,,deg/yr,"JPL Solar System Dynamics, Planetary Satellite Mean Elements, Earth satellite table, solution DE405/LE405",https://ssd.jpl.nasa.gov/sats/elem/,2026-09-15,kind=ephemeris-fit; epoch=2000-01-01.5; timescale=TDB; reference_plane=黄道; element_type=mean; not published in JPL SSD table; coordinate_precession=not determinable for requested inertial longitude ϖ because the table publishes argument-of-periapsis period; F2 stopped at different definition; no uncertainty published; sigma_primary=unverified; intake 2026-09-15; intake_row=2026-09-15; verified_by=; record_stream=2; collate=only-2,,SOL-2c210e25,
Saturn ring feature D68,radius,67627,km,"Hedman et al. 2014, Icarus 233, 147–162",https://doi.org/10.1016/j.icarus.2014.01.022,2026-09-15,"kind=ephemeris-fit; epoch=300000000 TDB seconds past J2000 = 2009-185T17:18:54 UTC; timescale=TDB fit epoch / UTC observation tags; reference_plane=Saturn equatorial/ring plane; element_type=mean; F5; characteristic radius; orig 67627 km; sigma_kind=none; no uncertainty published; digits=0.5 km (rounding width, not sigma); sigma_primary=unverified; intake 2026-09-15; intake_row=2026-09-15; verified_by=; record_stream=2; collate=only-2",,SOL-9207a18c,
Phobos,apsidal_period,1.1,yr,"JPL Solar System Dynamics, Planetary Satellite Mean Elements, Mars table, solution MAR099",https://ssd.jpl.nasa.gov/sats/elem/,2026-09-15,"kind=ephemeris-fit; epoch=2000-01-01.5; timescale=TDB; reference_plane=ラプラス面; element_type=mean; F2; definition=precession period of argument of periapsis ω, not inertial longitude ϖ; coordinate_precession inclusion not applicable to requested ϖ; orig 1.1 yr; sigma_kind=none; no uncertainty published in JPL SSD table; digits=0.05 yr (rounding width, not sigma); sigma_primary=unverified; intake 2026-09-15; intake_row=2026-09-15; verified_by=; record_stream=2; collate=only-2",,SOL-25b15785,
Miranda,apsidal_period,8.939,yr,"JPL Solar System Dynamics, Planetary Satellite Mean Elements, Uranus table, solution URA182",https://ssd.jpl.nasa.gov/sats/elem/,2026-09-15,"kind=ephemeris-fit; epoch=2000-01-01.5; timescale=TDB; reference_plane=赤道面; element_type=mean; F2; definition=precession period of argument of periapsis ω, not inertial longitude ϖ; coordinate_precession inclusion not applicable to requested ϖ; orig 8.939 yr; sigma_kind=none; no uncertainty published in JPL SSD table; digits=0.0005 yr (rounding width, not sigma); sigma_primary=unverified; intake 2026-09-15; intake_row=2026-09-15; verified_by=; record_stream=2; collate=only-2",,SOL-8c005024,
Ariel,apsidal_period,28.901,yr,"JPL Solar System Dynamics, Planetary Satellite Mean Elements, Uranus table, solution URA182",https://ssd.jpl.nasa.gov/sats/elem/,2026-09-15,"kind=ephemeris-fit; epoch=2000-01-01.5; timescale=TDB; reference_plane=赤道面; element_type=mean; F2; definition=precession period of argument of periapsis ω, not inertial longitude ϖ; coordinate_precession inclusion not applicable to requested ϖ; orig 28.901 yr; sigma_kind=none; no uncertainty published in JPL SSD table; digits=0.0005 yr (rounding width, not sigma); sigma_primary=unverified; intake 2026-09-15; intake_row=2026-09-15; verified_by=; record_stream=2; collate=only-2",,SOL-b1149d8e,
Umbriel,apsidal_period,64.126,yr,"JPL Solar System Dynamics, Planetary Satellite Mean Elements, Uranus table, solution URA182",https://ssd.jpl.nasa.gov/sats/elem/,2026-09-15,"kind=ephemeris-fit; epoch=2000-01-01.5; timescale=TDB; reference_plane=赤道面; element_type=mean; F2; definition=precession period of argument of periapsis ω, not inertial longitude ϖ; coordinate_precession inclusion not applicable to requested ϖ; orig 64.126 yr; sigma_kind=none; no uncertainty published in JPL SSD table; digits=0.0005 yr (rounding width, not sigma); sigma_primary=unverified; intake 2026-09-15; intake_row=2026-09-15; verified_by=; record_stream=2; collate=only-2",,SOL-217d0e32,
Titania,apsidal_period,579.928,yr,"JPL Solar System Dynamics, Planetary Satellite Mean Elements, Uranus table, solution URA182",https://ssd.jpl.nasa.gov/sats/elem/,2026-09-15,"kind=ephemeris-fit; epoch=2000-01-01.5; timescale=TDB; reference_plane=赤道面; element_type=mean; F2; definition=precession period of argument of periapsis ω, not inertial longitude ϖ; coordinate_precession inclusion not applicable to requested ϖ; orig 579.928 yr; sigma_kind=none; no uncertainty published in JPL SSD table; digits=0.0005 yr (rounding width, not sigma); sigma_primary=unverified; intake 2026-09-15; intake_row=2026-09-15; verified_by=; record_stream=2; collate=only-2",,SOL-c473c02f,
Oberon,apsidal_period,158.604,yr,"JPL Solar System Dynamics, Planetary Satellite Mean Elements, Uranus table, solution URA182",https://ssd.jpl.nasa.gov/sats/elem/,2026-09-15,"kind=ephemeris-fit; epoch=2000-01-01.5; timescale=TDB; reference_plane=赤道面; element_type=mean; F2; definition=precession period of argument of periapsis ω, not inertial longitude ϖ; coordinate_precession inclusion not applicable to requested ϖ; orig 158.604 yr; sigma_kind=none; no uncertainty published in JPL SSD table; digits=0.0005 yr (rounding width, not sigma); sigma_primary=unverified; intake 2026-09-15; intake_row=2026-09-15; verified_by=; record_stream=2; collate=only-2",,SOL-8f045184,
Moon,periastron_advance_derived,60.0300150075,deg/yr,JPL SSD Planetary Satellite Mean Elements (Moon; column P apsis),https://ssd.jpl.nasa.gov/sats/elem/,2026-09-15,derived_from=SOL-59edf981; derived_from_legacy=Moon|apsidal_period; derived_from_resolved=2026-09-19 (第273便e/AH16: Moon|apsidal_period の綴りが並び鍵の区切りと衝突していたので 現行 CSV で一意に解決する行の record_id へ書き換えた。旧綴りは derived_from_legacy= に残す。値・単位・出典・url・σ 欄・印・record_id は 1 文字も動いていない); derived_formula=360/T (T=5.997 yr); definition=argument_of_periapsis (JPL/Jacobson の P_apsis は **ω** の歳差周期であって ϖ ではない —— 判定量 periastron_advance と同じ量とは宣言していない); sigma_propagation=元行に一次資料の 1σ が無いので **伝播できない**(sigma 列は空 —— 0 ではない); sigma_kind=none; sigma_primary=unverified; intake 2026-09-15; intake_row=2026-09-15; verified_by=; record_stream=1+2; derived_row=yes (**判定量ではない** —— 門へ入れるかは決断事項); not_a_gate_quantity=量名を periastron_advance ではなく periastron_advance_derived にしてある,,SOL-c8c95a1a,
Moon,periastron_advance_derived,40.6761681217,deg/yr,IERS Conventions Delaunay arguments from Simon et al. 1994 A&A 282 663 (IERS EOP-PC quotation),https://hpiers.obspm.fr/eop-pc/models/constants.html; https://doi.org/10.1051/aa:1994149,2026-09-15,derived_from=SOL-da962358; derived_from_legacy=Moon|periastron_advance_with_precession; derived_from_resolved=2026-09-19 (第273便e/AH16: Moon|periastron_advance_with_precession の綴りが並び鍵の区切りと衝突していたので 現行 CSV で一意に解決する行の record_id へ書き換えた。旧綴りは derived_from_legacy= に残す。値・単位・出典・url・σ 欄・印・record_id は 1 文字も動いていない); derived_formula=40.690137 − 一般歳差 5028.796195 arcsec/cy (IAU 2006・元期 J2000) = 40.690137 − 0.0139688783194 deg/yr; definition=inertial_longitude_of_periapsis (分点の一般歳差を差し引いた慣性系の ϖ̇); sigma_propagation=元行に一次資料の 1σ が無いので **伝播できない**(sigma 列は空 —— 0 ではない); sigma_kind=none; sigma_primary=unverified; intake 2026-09-15; intake_row=2026-09-15; verified_by=; record_stream=1; derived_row=yes (**判定量ではない** —— 門へ入れるかは決断事項); not_a_gate_quantity=量名を periastron_advance ではなく periastron_advance_derived にしてある,,SOL-df2b8d23,
Io,periastron_advance_derived,270.067516879,deg/yr,JPL SSD Planetary Satellite Mean Elements (Io; column P apsis),https://ssd.jpl.nasa.gov/sats/elem/,2026-09-15,derived_from=SOL-e8e10430; derived_from_legacy=Io|apsidal_period; derived_from_resolved=2026-09-19 (第273便e/AH16: Io|apsidal_period の綴りが並び鍵の区切りと衝突していたので 現行 CSV で一意に解決する行の record_id へ書き換えた。旧綴りは derived_from_legacy= に残す。値・単位・出典・url・σ 欄・印・record_id は 1 文字も動いていない); derived_formula=360/T (T=1.333 yr); definition=argument_of_periapsis (JPL/Jacobson の P_apsis は **ω** の歳差周期であって ϖ ではない —— 判定量 periastron_advance と同じ量とは宣言していない); sigma_propagation=元行に一次資料の 1σ が無いので **伝播できない**(sigma 列は空 —— 0 ではない); sigma_kind=none; sigma_primary=unverified; intake 2026-09-15; intake_row=2026-09-15; verified_by=; record_stream=1+2; derived_row=yes (**判定量ではない** —— 門へ入れるかは決断事項); not_a_gate_quantity=量名を periastron_advance ではなく periastron_advance_derived にしてある,,SOL-ac904909,
Europa,periastron_advance_derived,258.24964132,deg/yr,JPL SSD Planetary Satellite Mean Elements (Europa; column P apsis),https://ssd.jpl.nasa.gov/sats/elem/,2026-09-15,derived_from=SOL-e3be3445; derived_from_legacy=Europa|apsidal_period; derived_from_resolved=2026-09-19 (第273便e/AH16: Europa|apsidal_period の綴りが並び鍵の区切りと衝突していたので 現行 CSV で一意に解決する行の record_id へ書き換えた。旧綴りは derived_from_legacy= に残す。値・単位・出典・url・σ 欄・印・record_id は 1 文字も動いていない); derived_formula=360/T (T=1.394 yr); definition=argument_of_periapsis (JPL/Jacobson の P_apsis は **ω** の歳差周期であって ϖ ではない —— 判定量 periastron_advance と同じ量とは宣言していない); sigma_propagation=元行に一次資料の 1σ が無いので **伝播できない**(sigma 列は空 —— 0 ではない); sigma_kind=none; sigma_primary=unverified; intake 2026-09-15; intake_row=2026-09-15; verified_by=; record_stream=1+2; derived_row=yes (**判定量ではない** —— 門へ入れるかは決断事項); not_a_gate_quantity=量名を periastron_advance ではなく periastron_advance_derived にしてある,,SOL-8d98c8f7,
Ganymede,periastron_advance_derived,5.27078666491,deg/yr,JPL SSD Planetary Satellite Mean Elements (Ganymede; column P apsis),https://ssd.jpl.nasa.gov/sats/elem/,2026-09-15,derived_from=SOL-be6b5dfb; derived_from_legacy=Ganymede|apsidal_period; derived_from_resolved=2026-09-19 (第273便e/AH16: Ganymede|apsidal_period の綴りが並び鍵の区切りと衝突していたので 現行 CSV で一意に解決する行の record_id へ書き換えた。旧綴りは derived_from_legacy= に残す。値・単位・出典・url・σ 欄・印・record_id は 1 文字も動いていない); derived_formula=360/T (T=68.301 yr); definition=argument_of_periapsis (JPL/Jacobson の P_apsis は **ω** の歳差周期であって ϖ ではない —— 判定量 periastron_advance と同じ量とは宣言していない); sigma_propagation=元行に一次資料の 1σ が無いので **伝播できない**(sigma 列は空 —— 0 ではない); sigma_kind=none; sigma_primary=unverified; intake 2026-09-15; intake_row=2026-09-15; verified_by=; record_stream=1+2; derived_row=yes (**判定量ではない** —— 門へ入れるかは決断事項); not_a_gate_quantity=量名を periastron_advance ではなく periastron_advance_derived にしてある,,SOL-bb15d76e,
Callisto,periastron_advance_derived,1.29533212676,deg/yr,JPL SSD Planetary Satellite Mean Elements (Callisto; column P apsis),https://ssd.jpl.nasa.gov/sats/elem/,2026-09-15,derived_from=SOL-f0d18133; derived_from_legacy=Callisto|apsidal_period; derived_from_resolved=2026-09-19 (第273便e/AH16: Callisto|apsidal_period の綴りが並び鍵の区切りと衝突していたので 現行 CSV で一意に解決する行の record_id へ書き換えた。旧綴りは derived_from_legacy= に残す。値・単位・出典・url・σ 欄・印・record_id は 1 文字も動いていない); derived_formula=360/T (T=277.921 yr); definition=argument_of_periapsis (JPL/Jacobson の P_apsis は **ω** の歳差周期であって ϖ ではない —— 判定量 periastron_advance と同じ量とは宣言していない); sigma_propagation=元行に一次資料の 1σ が無いので **伝播できない**(sigma 列は空 —— 0 ではない); sigma_kind=none; sigma_primary=unverified; intake 2026-09-15; intake_row=2026-09-15; verified_by=; record_stream=1+2; derived_row=yes (**判定量ではない** —— 門へ入れるかは決断事項); not_a_gate_quantity=量名を periastron_advance ではなく periastron_advance_derived にしてある,,SOL-e72f7173,
Mimas,periastron_advance_derived,730.223123732,deg/yr,Jacobson R.A. 2022 AJ 164 199 Table 12 / JPL SSD SAT441,https://doi.org/10.3847/1538-3881/ac90c9; https://ssd.jpl.nasa.gov/sats/elem/,2026-09-15,derived_from=SOL-637af6d3; derived_from_legacy=Mimas|apsidal_period; derived_from_resolved=2026-09-19 (第273便e/AH16: Mimas|apsidal_period の綴りが並び鍵の区切りと衝突していたので 現行 CSV で一意に解決する行の record_id へ書き換えた。旧綴りは derived_from_legacy= に残す。値・単位・出典・url・σ 欄・印・record_id は 1 文字も動いていない); derived_formula=360/T (T=0.493 yr); definition=argument_of_periapsis (JPL/Jacobson の P_apsis は **ω** の歳差周期であって ϖ ではない —— 判定量 periastron_advance と同じ量とは宣言していない); sigma_propagation=元行に一次資料の 1σ が無いので **伝播できない**(sigma 列は空 —— 0 ではない); sigma_kind=none; sigma_primary=unverified; intake 2026-09-15; intake_row=2026-09-15; verified_by=; record_stream=1+2; derived_row=yes (**判定量ではない** —— 門へ入れるかは決断事項); not_a_gate_quantity=量名を periastron_advance ではなく periastron_advance_derived にしてある,,SOL-443db007,
Titan,periastron_advance_derived,1.03842159917,deg/yr,Jacobson R.A. 2022 AJ 164 199 Table 12 / JPL SSD SAT441,https://doi.org/10.3847/1538-3881/ac90c9; https://ssd.jpl.nasa.gov/sats/elem/,2026-09-15,derived_from=SOL-eca72d0d; derived_from_legacy=Titan|apsidal_period; derived_from_resolved=2026-09-19 (第273便e/AH16: Titan|apsidal_period の綴りが並び鍵の区切りと衝突していたので 現行 CSV で一意に解決する行の record_id へ書き換えた。旧綴りは derived_from_legacy= に残す。値・単位・出典・url・σ 欄・印・record_id は 1 文字も動いていない); derived_formula=360/T (T=346.680 yr); definition=argument_of_periapsis (JPL/Jacobson の P_apsis は **ω** の歳差周期であって ϖ ではない —— 判定量 periastron_advance と同じ量とは宣言していない); sigma_propagation=元行に一次資料の 1σ が無いので **伝播できない**(sigma 列は空 —— 0 ではない); sigma_kind=none; sigma_primary=unverified; intake 2026-09-15; intake_row=2026-09-15; verified_by=; record_stream=1+2; derived_row=yes (**判定量ではない** —— 門へ入れるかは決断事項); not_a_gate_quantity=量名を periastron_advance ではなく periastron_advance_derived にしてある,,SOL-69c7fce6,
Phobos,periastron_advance_derived,327.272727273,deg/yr,"JPL Solar System Dynamics, Planetary Satellite Mean Elements, Mars table, solution MAR099",https://ssd.jpl.nasa.gov/sats/elem/,2026-09-15,derived_from=SOL-25b15785; derived_from_legacy=Phobos|apsidal_period; derived_from_resolved=2026-09-19 (第273便e/AH16: Phobos|apsidal_period の綴りが並び鍵の区切りと衝突していたので 現行 CSV で一意に解決する行の record_id へ書き換えた。旧綴りは derived_from_legacy= に残す。値・単位・出典・url・σ 欄・印・record_id は 1 文字も動いていない); derived_formula=360/T (T=1.1 yr); definition=argument_of_periapsis (JPL/Jacobson の P_apsis は **ω** の歳差周期であって ϖ ではない —— 判定量 periastron_advance と同じ量とは宣言していない); sigma_propagation=元行に一次資料の 1σ が無いので **伝播できない**(sigma 列は空 —— 0 ではない); sigma_kind=none; sigma_primary=unverified; intake 2026-09-15; intake_row=2026-09-15; verified_by=; record_stream=2; derived_row=yes (**判定量ではない** —— 門へ入れるかは決断事項); not_a_gate_quantity=量名を periastron_advance ではなく periastron_advance_derived にしてある,,SOL-5c4c2550,
Miranda,periastron_advance_derived,40.2729611813,deg/yr,"JPL Solar System Dynamics, Planetary Satellite Mean Elements, Uranus table, solution URA182",https://ssd.jpl.nasa.gov/sats/elem/,2026-09-15,derived_from=SOL-8c005024; derived_from_legacy=Miranda|apsidal_period; derived_from_resolved=2026-09-19 (第273便e/AH16: Miranda|apsidal_period の綴りが並び鍵の区切りと衝突していたので 現行 CSV で一意に解決する行の record_id へ書き換えた。旧綴りは derived_from_legacy= に残す。値・単位・出典・url・σ 欄・印・record_id は 1 文字も動いていない); derived_formula=360/T (T=8.939 yr); definition=argument_of_periapsis (JPL/Jacobson の P_apsis は **ω** の歳差周期であって ϖ ではない —— 判定量 periastron_advance と同じ量とは宣言していない); sigma_propagation=元行に一次資料の 1σ が無いので **伝播できない**(sigma 列は空 —— 0 ではない); sigma_kind=none; sigma_primary=unverified; intake 2026-09-15; intake_row=2026-09-15; verified_by=; record_stream=2; derived_row=yes (**判定量ではない** —— 門へ入れるかは決断事項); not_a_gate_quantity=量名を periastron_advance ではなく periastron_advance_derived にしてある,,SOL-f4ce89fd,
Ariel,periastron_advance_derived,12.4563163904,deg/yr,"JPL Solar System Dynamics, Planetary Satellite Mean Elements, Uranus table, solution URA182",https://ssd.jpl.nasa.gov/sats/elem/,2026-09-15,derived_from=SOL-b1149d8e; derived_from_legacy=Ariel|apsidal_period; derived_from_resolved=2026-09-19 (第273便e/AH16: Ariel|apsidal_period の綴りが並び鍵の区切りと衝突していたので 現行 CSV で一意に解決する行の record_id へ書き換えた。旧綴りは derived_from_legacy= に残す。値・単位・出典・url・σ 欄・印・record_id は 1 文字も動いていない); derived_formula=360/T (T=28.901 yr); definition=argument_of_periapsis (JPL/Jacobson の P_apsis は **ω** の歳差周期であって ϖ ではない —— 判定量 periastron_advance と同じ量とは宣言していない); sigma_propagation=元行に一次資料の 1σ が無いので **伝播できない**(sigma 列は空 —— 0 ではない); sigma_kind=none; sigma_primary=unverified; intake 2026-09-15; intake_row=2026-09-15; verified_by=; record_stream=2; derived_row=yes (**判定量ではない** —— 門へ入れるかは決断事項); not_a_gate_quantity=量名を periastron_advance ではなく periastron_advance_derived にしてある,,SOL-912cdb71,
Umbriel,periastron_advance_derived,5.61394754078,deg/yr,"JPL Solar System Dynamics, Planetary Satellite Mean Elements, Uranus table, solution URA182",https://ssd.jpl.nasa.gov/sats/elem/,2026-09-15,derived_from=SOL-217d0e32; derived_from_legacy=Umbriel|apsidal_period; derived_from_resolved=2026-09-19 (第273便e/AH16: Umbriel|apsidal_period の綴りが並び鍵の区切りと衝突していたので 現行 CSV で一意に解決する行の record_id へ書き換えた。旧綴りは derived_from_legacy= に残す。値・単位・出典・url・σ 欄・印・record_id は 1 文字も動いていない); derived_formula=360/T (T=64.126 yr); definition=argument_of_periapsis (JPL/Jacobson の P_apsis は **ω** の歳差周期であって ϖ ではない —— 判定量 periastron_advance と同じ量とは宣言していない); sigma_propagation=元行に一次資料の 1σ が無いので **伝播できない**(sigma 列は空 —— 0 ではない); sigma_kind=none; sigma_primary=unverified; intake 2026-09-15; intake_row=2026-09-15; verified_by=; record_stream=2; derived_row=yes (**判定量ではない** —— 門へ入れるかは決断事項); not_a_gate_quantity=量名を periastron_advance ではなく periastron_advance_derived にしてある,,SOL-08074de0,
Titania,periastron_advance_derived,0.620766715868,deg/yr,"JPL Solar System Dynamics, Planetary Satellite Mean Elements, Uranus table, solution URA182",https://ssd.jpl.nasa.gov/sats/elem/,2026-09-15,derived_from=SOL-c473c02f; derived_from_legacy=Titania|apsidal_period; derived_from_resolved=2026-09-19 (第273便e/AH16: Titania|apsidal_period の綴りが並び鍵の区切りと衝突していたので 現行 CSV で一意に解決する行の record_id へ書き換えた。旧綴りは derived_from_legacy= に残す。値・単位・出典・url・σ 欄・印・record_id は 1 文字も動いていない); derived_formula=360/T (T=579.928 yr); definition=argument_of_periapsis (JPL/Jacobson の P_apsis は **ω** の歳差周期であって ϖ ではない —— 判定量 periastron_advance と同じ量とは宣言していない); sigma_propagation=元行に一次資料の 1σ が無いので **伝播できない**(sigma 列は空 —— 0 ではない); sigma_kind=none; sigma_primary=unverified; intake 2026-09-15; intake_row=2026-09-15; verified_by=; record_stream=2; derived_row=yes (**判定量ではない** —— 門へ入れるかは決断事項); not_a_gate_quantity=量名を periastron_advance ではなく periastron_advance_derived にしてある,,SOL-46eb7da7,
Oberon,periastron_advance_derived,2.26980404025,deg/yr,"JPL Solar System Dynamics, Planetary Satellite Mean Elements, Uranus table, solution URA182",https://ssd.jpl.nasa.gov/sats/elem/,2026-09-15,derived_from=SOL-8f045184; derived_from_legacy=Oberon|apsidal_period; derived_from_resolved=2026-09-19 (第273便e/AH16: Oberon|apsidal_period の綴りが並び鍵の区切りと衝突していたので 現行 CSV で一意に解決する行の record_id へ書き換えた。旧綴りは derived_from_legacy= に残す。値・単位・出典・url・σ 欄・印・record_id は 1 文字も動いていない); derived_formula=360/T (T=158.604 yr); definition=argument_of_periapsis (JPL/Jacobson の P_apsis は **ω** の歳差周期であって ϖ ではない —— 判定量 periastron_advance と同じ量とは宣言していない); sigma_propagation=元行に一次資料の 1σ が無いので **伝播できない**(sigma 列は空 —— 0 ではない); sigma_kind=none; sigma_primary=unverified; intake 2026-09-15; intake_row=2026-09-15; verified_by=; record_stream=2; derived_row=yes (**判定量ではない** —— 門へ入れるかは決断事項); not_a_gate_quantity=量名を periastron_advance ではなく periastron_advance_derived にしてある,,SOL-934f2fa2,
Phobos,orbital_period_candidate,27553.841567549454,s,Jacobson R.A. 2010 AJ 139 668 Table 6 (lambda_dot / mean-motion column n=1128.844409 deg/d),https://doi.org/10.1088/0004-6256/139/2/668,2026-09-16,intake_row=2026-09-16. Observation record provided by the original hypothesis author (2026-09-16 intake B). kind=ephemeris-fit; P=360/n d x 86400 s/d = 0.3189102033281187 d; epoch of mean elements 1950 January 1.0 TDT; frame=local Laplace plane; elements=mean; sigma_kind=none; no 1-sigma on n or P in Table 6; conflict=Period-column reading 27553.843872 s (0.31891023 d) from the other stream - delta 0.0023 s; the two streams read DIFFERENT COLUMNS of the same Table 6 and the judgement value is therefore NOT settled; sigma_primary=unverified; verified_by=; record_stream=2; collate=conflict; candidate_for=Phobos|orbital_period; derived_from=SOL-7cf0b3c4; derived_formula=P=360/lambda_dot d x 86400 s/d; kind=derived-in-record; judgement_row_since=2026-09-23 (same form as AM7 - declared in paper/data/judgement-sources.json; the earlier text the judgement value is therefore NOT settled is history: Table 6 has no Period column); sigma column EMPTY,,SOL-e57b4bc2,
Deimos,orbital_period_candidate,109092.7872,s,Jacobson R.A. 2010 AJ 139 668 Table 6 (Period column 1.262648 d),https://doi.org/10.1088/0004-6256/139/2/668,2026-09-16,"intake_row=2026-09-16. Observation record provided by the original hypothesis author (2026-09-16 intake B). kind=ephemeris-fit; 1.262648 d x 86400 s/d; epoch 1950 January 1.0 TDT; frame=local Laplace plane; elements=mean; sigma_kind=none; no 1-sigma in Table 6; this is the full-precision form of the 109092.79 s row already in this file; conflict=lambda_dot-column reading 109074.885 s from the other stream - delta 17.90 s; sigma_primary=unverified; verified_by=; record_stream=1; collate=conflict; candidate_for=Deimos|orbital_period; intake_check=2026-09-22 (request C, two independent external surveys); both=no Period column (survey 1)|no Period column (survey 2) - AB4 is settled: Jacobson 2010 Table 6 prints a, e, varpi, lambda, i, Omega, lambda_dot, varpi_dot, Omega_dot and the Laplace pole, and has NO Period column; the 1.262648 d reading of this row could not be reproduced by either survey; the judgement row is NOT replaced here (that is the integrator's ruling); period_column=absent (confirmed 2026-09-23 by the original hypothesis author on Table 6 - the table prints lambda_dot and no Period column); acknowledged=原仮定者 2026-09-23",,SOL-5a3853dc,
Deimos,orbital_period_candidate,109074.88527411409,s,Jacobson R.A. 2010 AJ 139 668 Table 6 (lambda_dot / mean-motion column n=285.161886 deg/d),https://doi.org/10.1088/0004-6256/139/2/668,2026-09-16,"intake_row=2026-09-16. Observation record provided by the original hypothesis author (2026-09-16 intake B). kind=ephemeris-fit; P=360/n d x 86400 s/d = 1.2624408017837279 d; epoch 1950 January 1.0 TDT; frame=local Laplace plane; elements=mean; sigma_kind=none; no 1-sigma in Table 6; conflict=Period-column reading 109092.7872 s (1.262648 d) from the other stream - delta 17.90 s; the two streams read DIFFERENT COLUMNS of the same Table 6 and the judgement value is therefore NOT settled; sigma_primary=unverified; verified_by=; record_stream=2; collate=conflict; candidate_for=Deimos|orbital_period; intake_check=2026-09-22 (request C, two independent external surveys); both=109074.885274 s (survey 1)|109074.885274114 s (survey 2) - both read lambda_dot=285.161886 deg/day from Table 6 and both state that Table 6 has NO Period column (AB4); derived-in-record: P=360/lambda_dot d x 86400 s/d, no printed sigma; the judgement row is NOT replaced here (that is the integrator's ruling); period_column=absent (confirmed 2026-09-23 by the original hypothesis author on Table 6 - the table prints lambda_dot and no Period column); acknowledged=原仮定者 2026-09-23; derived_from=SOL-705e4548; derived_formula=P=360/lambda_dot d x 86400 s/d; kind=derived-in-record; judgement_row_since=2026-09-23 (AM7 - declared in paper/data/judgement-sources.json; the earlier text the judgement row is NOT replaced here is history); sigma column EMPTY (no 1-sigma is printed for lambda_dot)",,SOL-7b5370e1,
Triton,orbital_period_candidate,507760.19153503235,s,Jacobson R.A. 2009 AJ 137 4322 Table 6 (lambda_dot / mean-motion column n=61.2572638 deg/d),https://doi.org/10.1088/0004-6256/137/5/4322,2026-09-16,intake_row=2026-09-16. Observation record provided by the original hypothesis author (2026-09-16 intake B). kind=ephemeris-fit; P=360/n d x 86400 s/d = 5.876854068692504 d; epoch 2000 January 1.5 TDB; frame=local Laplace plane; elements=mean; sigma_kind=none; no 1-sigma on n or P in Table 6; this identifies where the NSSDC 5.876854 d row comes from - it is the Jacobson 2009 mean motion rounded; the judgement row stays the JPL SSD 5.876994 d (NEP097) value; sigma_primary=unverified; verified_by=; record_stream=2; collate=conflict; candidate_for=Triton|orbital_period,,SOL-d00e6806,
GW150914 A,component_mass,34.6,M_sun,GWOSC GWTC-2.1-confident GW150914-v4 (C01:Mixed),https://gwosc.org/eventapi/html/GWTC-2.1-confident/GW150914/v4/,2026-09-16,intake_row=2026-09-16. Observation record provided by the original hypothesis author (2026-09-16 intake B). kind=model-derived; source-frame primary mass m1>=m2; epoch=GPS 1126259462.4; timescale=GPS; element_type=posterior-median; same source as the GW150914 rows already in this file that are stored in kg; ci90; orig 34.6 +4.4 -2.6 M_sun; sigma_kind=ci90; ci90_lo=32.0; ci90_hi=39.0; waveform=IMRPhenomXPHM+SEOBNRv4PHM mixed (C01:Mixed); catalog=GWTC-2.1-confident v4; frame=source; equals the 6.8801062e31 kg row for GW150914 A; the 90% credible interval is NOT a symmetric 1-sigma so the sigma column stays empty; sigma_primary=unverified; verified_by=; record_stream=1+2; collate=agree; agree=2,,SOL-e9677af6,
GW150914 B,component_mass,30.0,M_sun,GWOSC GWTC-2.1-confident GW150914-v4 (C01:Mixed),https://gwosc.org/eventapi/html/GWTC-2.1-confident/GW150914/v4/,2026-09-16,intake_row=2026-09-16. Observation record provided by the original hypothesis author (2026-09-16 intake B). kind=model-derived; source-frame secondary mass m2<=m1; epoch=GPS 1126259462.4; timescale=GPS; element_type=posterior-median; same source as the GW150914 rows already in this file that are stored in kg; ci90; orig 30.0 +2.9 -4.6 M_sun; sigma_kind=ci90; ci90_lo=25.4; ci90_hi=32.9; waveform=IMRPhenomXPHM+SEOBNRv4PHM mixed (C01:Mixed); catalog=GWTC-2.1-confident v4; frame=source; equals the 5.9654100e31 kg row for GW150914 B; the 90% credible interval is NOT a symmetric 1-sigma so the sigma column stays empty; sigma_primary=unverified; verified_by=; record_stream=1+2; collate=agree; agree=2,,SOL-dc255115,
GW150914,chirp_mass,27.9,M_sun,GWOSC GWTC-2.1-confident GW150914-v4 (C01:Mixed),https://gwosc.org/eventapi/html/GWTC-2.1-confident/GW150914/v4/,2026-09-16,intake_row=2026-09-16. Observation record provided by the original hypothesis author (2026-09-16 intake B). kind=model-derived; source-frame binary chirp mass; epoch=GPS 1126259462.4; timescale=GPS; element_type=posterior-median; same source as the GW150914 rows already in this file that are stored in kg; ci90; orig 27.9 +1.7 -1.5 M_sun; sigma_kind=ci90; ci90_lo=26.4; ci90_hi=29.6; waveform=IMRPhenomXPHM+SEOBNRv4PHM mixed (C01:Mixed); catalog=GWTC-2.1-confident v4; frame=source; the 90% credible interval is NOT a symmetric 1-sigma so the sigma column stays empty; sigma_primary=unverified; verified_by=; record_stream=1+2; collate=agree; agree=2,,SOL-fa241dc8,
GW150914,total_mass,64.5,M_sun,GWOSC GWTC-2.1-confident GW150914-v4 (C01:Mixed),https://gwosc.org/eventapi/html/GWTC-2.1-confident/GW150914/v4/,2026-09-16,intake_row=2026-09-16. Observation record provided by the original hypothesis author (2026-09-16 intake B). kind=model-derived; source-frame initial total mass; epoch=GPS 1126259462.4; timescale=GPS; element_type=posterior-median; same source as the GW150914 rows already in this file that are stored in kg; ci90; orig 64.5 +3.7 -3.2 M_sun; sigma_kind=ci90; ci90_lo=61.3; ci90_hi=68.2; waveform=IMRPhenomXPHM+SEOBNRv4PHM mixed (C01:Mixed); catalog=GWTC-2.1-confident v4; frame=source; the 90% credible interval is NOT a symmetric 1-sigma so the sigma column stays empty; sigma_primary=unverified; verified_by=; record_stream=1+2; collate=agree; agree=2,,SOL-4f7463af,
GW150914,final_mass,61.5,M_sun,GWOSC GWTC-2.1-confident GW150914-v4 (C01:Mixed),https://gwosc.org/eventapi/html/GWTC-2.1-confident/GW150914/v4/,2026-09-16,intake_row=2026-09-16. Observation record provided by the original hypothesis author (2026-09-16 intake B). kind=model-derived; source-frame remnant mass; epoch=GPS 1126259462.4; timescale=GPS; element_type=posterior-median; same source as the GW150914 rows already in this file that are stored in kg; ci90; orig 61.5 +3.4 -2.9 M_sun; sigma_kind=ci90; ci90_lo=58.6; ci90_hi=64.9; waveform=IMRPhenomXPHM+SEOBNRv4PHM mixed (C01:Mixed); catalog=GWTC-2.1-confident v4; frame=source; remnant quantity from numerical-relativity fits; the 90% credible interval is NOT a symmetric 1-sigma so the sigma column stays empty; sigma_primary=unverified; verified_by=; record_stream=1+2; collate=agree; agree=2,,SOL-1851e7c4,
GW150914,final_spin,0.68,1,GWOSC GWTC-2.1-confident GW150914-v4 (C01:Mixed),https://gwosc.org/eventapi/html/GWTC-2.1-confident/GW150914/v4/,2026-09-16,intake_row=2026-09-16. Observation record provided by the original hypothesis author (2026-09-16 intake B). kind=model-derived; dimensionless Kerr remnant spin magnitude; epoch=GPS 1126259462.4; timescale=GPS; element_type=posterior-median; same source as the GW150914 rows already in this file that are stored in kg; ci90; orig 0.68 +0.05 -0.05; sigma_kind=ci90; ci90_lo=0.63; ci90_hi=0.73; waveform=IMRPhenomXPHM+SEOBNRv4PHM mixed (C01:Mixed); catalog=GWTC-2.1-confident v4; frame=source; remnant quantity from numerical-relativity fits; the 90% credible interval is NOT a symmetric 1-sigma so the sigma column stays empty; sigma_primary=unverified; verified_by=; record_stream=1+2; collate=agree; agree=2,,SOL-5f23655a,
GW150914,luminosity_distance,470,Mpc,GWOSC GWTC-2.1-confident GW150914-v4 (C01:Mixed),https://gwosc.org/eventapi/html/GWTC-2.1-confident/GW150914/v4/,2026-09-16,intake_row=2026-09-16. Observation record provided by the original hypothesis author (2026-09-16 intake B). kind=model-derived; observer-to-source luminosity distance; epoch=GPS 1126259462.4; timescale=GPS; element_type=posterior-median; same source as the GW150914 rows already in this file that are stored in kg; ci90; orig 470 +140 -160 Mpc; sigma_kind=ci90; ci90_lo=310; ci90_hi=610; waveform=IMRPhenomXPHM+SEOBNRv4PHM mixed (C01:Mixed); catalog=GWTC-2.1-confident v4; frame=source; cosmology metadata Planck15_lal; the 90% credible interval is NOT a symmetric 1-sigma so the sigma column stays empty; sigma_primary=unverified; verified_by=; record_stream=1+2; collate=agree; agree=2,,SOL-3194a870,
GW150914,redshift,0.10,1,GWOSC GWTC-2.1-confident GW150914-v4 (C01:Mixed),https://gwosc.org/eventapi/html/GWTC-2.1-confident/GW150914/v4/,2026-09-16,intake_row=2026-09-16. Observation record provided by the original hypothesis author (2026-09-16 intake B). kind=model-derived; cosmological redshift inferred from the luminosity distance; epoch=GPS 1126259462.4; timescale=GPS; element_type=posterior-median; same source as the GW150914 rows already in this file that are stored in kg; ci90; orig 0.10 +0.03 -0.03; sigma_kind=ci90; ci90_lo=0.07; ci90_hi=0.13; waveform=IMRPhenomXPHM+SEOBNRv4PHM mixed (C01:Mixed); catalog=GWTC-2.1-confident v4; frame=source; the 90% credible interval is NOT a symmetric 1-sigma so the sigma column stays empty; sigma_primary=unverified; verified_by=; record_stream=1+2; collate=agree; agree=2,,SOL-ba9fa7b2,
GW150914,effective_inspiral_spin,-0.04,1,GWOSC GWTC-2.1-confident GW150914-v4 (C01:Mixed),https://gwosc.org/eventapi/html/GWTC-2.1-confident/GW150914/v4/,2026-09-16,intake_row=2026-09-16. Observation record provided by the original hypothesis author (2026-09-16 intake B). kind=model-derived; mass-weighted spin components along the orbital angular momentum at 20 Hz; epoch=GPS 1126259462.4; timescale=GPS; element_type=posterior-median; same source as the GW150914 rows already in this file that are stored in kg; ci90; orig -0.04 +0.12 -0.14; sigma_kind=ci90; ci90_lo=-0.18; ci90_hi=0.08; waveform=IMRPhenomXPHM+SEOBNRv4PHM mixed (C01:Mixed); catalog=GWTC-2.1-confident v4; frame=source; the 90% credible interval is NOT a symmetric 1-sigma so the sigma column stays empty; sigma_primary=unverified; verified_by=; record_stream=1+2; collate=agree; agree=2,,SOL-8b90753d,
GW150914,mass_ratio_candidate,0.875233,1,GWTC-2.1 posterior release C01:Mixed/posterior_samples mass_ratio column (5/50/95 percentiles),https://doi.org/10.5281/zenodo.6513631,2026-09-16,intake_row=2026-09-16. Observation record provided by the original hypothesis author (2026-09-16 intake B). kind=derived-in-record; q=m2/m1<=1; element_type=posterior-median; orig posterior quantiles q5=0.659588 q50=0.875233 q95=0.984286; sigma_kind=ci90; ci90_lo=0.659588; ci90_hi=0.984286; catalog=GWTC-2.1-confident v4; frame=ratio is frame invariant; the other stream reports that the catalogue table prints NO 1-D median+90% summary for q (only a posterior panel) so this row is a candidate from one stream only; sigma_primary=unverified; verified_by=; record_stream=1; collate=only-1; candidate_for=GW150914|mass_ratio,,SOL-c984da92,
PSR J1946+2052,semi_major_axis,7.314903855163476e8,m,"Meng et al. (2025) A&A 704 A153 Table 1 DDFWHE column + IAU 2015 Resolution B3 (derived in this record - wave 271b)",https://doi.org/10.1051/0004-6361/202555689,2026-09-18,"DERIVED ROW (wave 271b / AF14): relative-orbit semi-major axis derived from the ADOPTED solution set of PSR J1946+2052 (Meng 2025 A&A 704 A153 Table 1 DDFWHE column). derived_from=SOL-dd4b7894|SOL-5199beef; derived_from_note=the first id is the adopted Pb row and the second is the DDFWHE total-mass row. This value is a LIST separated by '|' and must be read as a list, not with a single-value tag reader. list_separator_corrected=2026-09-18 (wave 272e / AG19: the list separator of this key was a semicolon at intake, which the default key reader truncates at the first item because a semicolon separates KEYS; the separator is now '|' and the key reader now returns both ids. The two ids themselves, the value, the unit, the source, the url, the sigma cell and the mark of this row are all unchanged). formula a^3 = G M Pb^2 / (4 pi^2). inputs: Pb = 6781.367998656 s (row SOL-dd4b7894, printed 0.07848805554(2) d) and M = 2.531858 M_sun (row SOL-5199beef, printed 2.531858(60) M_sun). constants: (GM)_sun = 1.3271244e20 m^3 s^-2 nominal (IAU 2015 Resolution B3). The kg value of the mass row was itself converted with that SAME (GM)_sun together with G = 6.67430e-11 m^3 kg^-1 s^-2 (CODATA), so M[kg]*G and M[M_sun]*(GM)_sun are the same product and the two routes give the identical double; the committed solar mass 1.9885e30 kg (row Sun|mass) is NOT used in this derivation and must not be mixed into it. result a = 7.314903855163476e8 m - recomputed from the two cited rows at every run by tests/exp-w271b-derived.mjs. NO UNCERTAINTY IS RECORDED: the published table prints no covariance between Pb and M, so a 1-sigma for a cannot be formed from the printed 1-sigma values alone. The sigma cell is EMPTY, which never means the uncertainty is zero. THIS ROW DOES NOT REPLACE THE EARLIER DERIVED ROW: the wave-248 row a = 7.314902889635589e8 m (derived from the PREVIOUS Pb 6781.366656 s of Stovall 2018) is left exactly as it is, it stays the first matching row for PSR J1946+2052|semi_major_axis, and no preset or builder input is changed by this row. sigma_primary=unverified. kind=derived. derived_solution=Meng2025-DDFWHE - the solution_id cell stays EMPTY because this number is not printed in any column of that table; it is derived in this record. role=hold-out (wave 248) - this system is NOT used to fit any DFM coefficient.",,SOL-cd3cea83,
Mercury,periastron_advance_extra,-5.555555555556e-09,deg/yr,Pitjeva E.V. & Pitjev N.P. 2013 MNRAS 432 3431 Table 4 (EPM2011 additional perihelion precessions),https://doi.org/10.1093/mnras/stt695,2026-09-22,intake_row=2026-09-22; intake_round=request-C-2026-09-22 (two independent external surveys collated by the integrator); kind=ephemeris-fit; quantity=supplementary perihelion precession after the Newtonian+Einsteinian model (NOT the total varpi-dot and NOT the GR term); epoch=EPM2011 global fit 1913-2011; frame/epoch of the extra rate not restated beyond the EPM2011 fit; elements=mean; PPN parameters held at GR values; orig -0.020 +/- 0.030 mas/yr; converted 1 mas=1/3600000 deg; year as printed (not Julian century); sigma_candidate_unconfirmed=8.333333333333e-09; intake_agreement=2of2 (request D 2026-09-23; it was 1of2 at request C); record_stream=1; collate=only-1; sigma_kind=printed (it was printed-but-unconfirmed until 2026-09-23) (the second survey reports no supplementary-advance table with 1-sigma in EPM2017/EPM2021/INPOP19a/INPOP21a); covariance=not_published; sigma_primary=verified; intake 2026-09-22; verified_by=原仮定者 2026-09-23; verified_at=Pitjeva & Pitjev 2013 MNRAS 432 3431 Table 4 (Additional perihelion precessions) column pi-dot (mas yr^-1) Mercury row; verified_value=-0.020 +/- 0.030 mas/yr; confirmation_round=5; level_statement=the Table 4 column header |sigma_pi-dot/pi-dot| names the printed +/- a sigma (no percentage is printed); sigma_raised=2026-09-23 (request D 2of2 + confirmation round 5; the same conversion 1 mas=1/3600000 deg as the value; equals the 2of2 survey figure to its printed 5 digits),8.333333333333e-09,SOL-92da303e,
Venus,periastron_advance_extra,7.222222222222e-09,deg/yr,Pitjeva E.V. & Pitjev N.P. 2013 MNRAS 432 3431 Table 4 (EPM2011 additional perihelion precessions),https://doi.org/10.1093/mnras/stt695,2026-09-22,intake_row=2026-09-22; intake_round=request-C-2026-09-22 (two independent external surveys collated by the integrator); kind=ephemeris-fit; quantity=supplementary perihelion precession after the Newtonian+Einsteinian model (NOT the total varpi-dot and NOT the GR term); epoch=EPM2011 global fit 1913-2011; frame/epoch of the extra rate not restated beyond the EPM2011 fit; elements=mean; PPN parameters held at GR values; orig 0.026 +/- 0.016 mas/yr; converted 1 mas=1/3600000 deg; year as printed (not Julian century); sigma_candidate_unconfirmed=4.444444444444e-09; intake_agreement=2of2 (request D 2026-09-23; it was 1of2 at request C); record_stream=1; collate=only-1; sigma_kind=printed (it was printed-but-unconfirmed until 2026-09-23) (the second survey reports no supplementary-advance table with 1-sigma in EPM2017/EPM2021/INPOP19a/INPOP21a); covariance=not_published; sigma_primary=verified; intake 2026-09-22; verified_by=原仮定者 2026-09-23; verified_at=Pitjeva & Pitjev 2013 MNRAS 432 3431 Table 4 (Additional perihelion precessions) column pi-dot (mas yr^-1) Venus row; verified_value=0.026 +/- 0.016 mas/yr; confirmation_round=5; level_statement=the Table 4 column header |sigma_pi-dot/pi-dot| names the printed +/- a sigma (no percentage is printed); sigma_raised=2026-09-23 (request D 2of2 + confirmation round 5; the same conversion 1 mas=1/3600000 deg as the value; equals the 2of2 survey figure to its printed 5 digits),4.444444444444e-09,SOL-5a966db0,
Earth,periastron_advance_extra,5.277777777778e-10,deg/yr,Pitjeva E.V. & Pitjev N.P. 2013 MNRAS 432 3431 Table 4 (EPM2011 additional perihelion precessions),https://doi.org/10.1093/mnras/stt695,2026-09-22,intake_row=2026-09-22; intake_round=request-C-2026-09-22 (two independent external surveys collated by the integrator); kind=ephemeris-fit; quantity=supplementary perihelion precession after the Newtonian+Einsteinian model (NOT the total varpi-dot and NOT the GR term); epoch=EPM2011 global fit 1913-2011; frame/epoch of the extra rate not restated beyond the EPM2011 fit; elements=mean; PPN parameters held at GR values; orig 0.0019 +/- 0.0019 mas/yr; converted 1 mas=1/3600000 deg; year as printed (not Julian century); sigma_candidate_unconfirmed=5.277777777778e-10; intake_agreement=2of2 (request D 2026-09-23; it was 1of2 at request C); record_stream=1; collate=only-1; sigma_kind=printed (it was printed-but-unconfirmed until 2026-09-23) (the second survey reports no supplementary-advance table with 1-sigma in EPM2017/EPM2021/INPOP19a/INPOP21a); covariance=not_published; sigma_primary=verified; intake 2026-09-22; verified_by=原仮定者 2026-09-23; verified_at=Pitjeva & Pitjev 2013 MNRAS 432 3431 Table 4 (Additional perihelion precessions) column pi-dot (mas yr^-1) Earth row; verified_value=0.0019 +/- 0.0019 mas/yr; confirmation_round=5; level_statement=the Table 4 column header |sigma_pi-dot/pi-dot| names the printed +/- a sigma (no percentage is printed); sigma_raised=2026-09-23 (request D 2of2 + confirmation round 5; the same conversion 1 mas=1/3600000 deg as the value; equals the 2of2 survey figure to its printed 5 digits),5.277777777778e-10,SOL-b7ef3735,
Mars,periastron_advance_extra,-5.555555555556e-11,deg/yr,Pitjeva E.V. & Pitjev N.P. 2013 MNRAS 432 3431 Table 4 (EPM2011 additional perihelion precessions),https://doi.org/10.1093/mnras/stt695,2026-09-22,intake_row=2026-09-22; intake_round=request-C-2026-09-22 (two independent external surveys collated by the integrator); kind=ephemeris-fit; quantity=supplementary perihelion precession after the Newtonian+Einsteinian model (NOT the total varpi-dot and NOT the GR term); epoch=EPM2011 global fit 1913-2011; frame/epoch of the extra rate not restated beyond the EPM2011 fit; elements=mean; PPN parameters held at GR values; orig -0.00020 +/- 0.00037 mas/yr; converted 1 mas=1/3600000 deg; year as printed (not Julian century); sigma_candidate_unconfirmed=1.027777777778e-10; intake_agreement=2of2 (request D 2026-09-23; it was 1of2 at request C); record_stream=1; collate=only-1; sigma_kind=printed (it was printed-but-unconfirmed until 2026-09-23) (the second survey reports no supplementary-advance table with 1-sigma in EPM2017/EPM2021/INPOP19a/INPOP21a); covariance=not_published; sigma_primary=verified; intake 2026-09-22; verified_by=原仮定者 2026-09-23; verified_at=Pitjeva & Pitjev 2013 MNRAS 432 3431 Table 4 (Additional perihelion precessions) column pi-dot (mas yr^-1) Mars row; verified_value=-0.00020 +/- 0.00037 mas/yr; confirmation_round=5; level_statement=the Table 4 column header |sigma_pi-dot/pi-dot| names the printed +/- a sigma (no percentage is printed); sigma_raised=2026-09-23 (request D 2of2 + confirmation round 5; the same conversion 1 mas=1/3600000 deg as the value; equals the 2of2 survey figure to its printed 5 digits),1.027777777778e-10,SOL-d38c0d3c,
Moon,periastron_advance_extra,0.000000088055555555556,deg/yr,Chapront J. Chapront-Touze M. Francou G. 2002 A&A 387 700 Table 3 (observed correction to the mean motion of perigee delta_W2(1); Sol. 2 ICRS),https://doi.org/10.1051/0004-6361:20020420,2026-09-22,"intake_row=2026-09-22; intake_round=request-C-2026-09-22 (two independent external surveys collated by the integrator); kind=ephemeris-fit; quantity=observed correction to the secular perigee rate (NOT the total varpi-dot); epoch=J2000.0; frame=inertial mean ecliptic J2000.0 positioned in ICRS; elements=mean; solution_label=S2001 Sol. 2 (ICRS); fit_interval=1972-01 to 2001-04; orig delta_W2(1)=0.0317 +/- 0.0008 arcsec/cy; converted 1 arcsec=1/3600 deg, 1 cy=100 yr; uncertainty_label=formal error; level=not stated; sigma_kind=none (a formal error whose level is not stated is not entered into the sigma column); formal_error_converted=0.000000002222222222222 deg/yr; intake_agreement=1of2; record_stream=2; collate=only-1; covariance=not_published; sigma_primary=verified; intake 2026-09-22; verified_by=原仮定者 2026-09-23; verified_at=Chapront et al. 2002 A&A 387 700 Table 3 delta_W2(1) cell; verified_value=0.0317 +/- 0.0008 arcsec/cy; confirmation_round=5; level_statement=The uncertainties reported in these tables are formal errors.; sigma column kept EMPTY (the level of a formal error is not stated - ruling AM8-prime)",,SOL-17f5dad0,
Moon,periastron_advance_secular,40.67616758444444,deg/yr,Chapront J. Chapront-Touze M. Francou G. 2002 A&A 387 700 Table 4 (W2 coefficient of t; Sol. 2 ICRS),https://doi.org/10.1051/0004-6361:20020420,2026-09-22,"intake_row=2026-09-22; intake_round=request-C-2026-09-22 (two independent external surveys collated by the integrator); kind=derived-in-record; epoch=J2000.0; frame=inertial mean ecliptic J2000.0 positioned in ICRS; elements=mean; solution_label=S2001 Sol. 2 (ICRS); fit_interval=1972-01 to 2001-04; orig W2(1)=14643420.3304 arcsec/cy; formula=rate=W2(1)/(3600*100); sigma_kind=covariance; formula_sigma=sigma_rate=sigma_delta_W2(1)/(3600*100); inputs=Table 3 delta_W2(1)=0.0317 +/- 0.0008 arcsec/cy (formal error, level not stated); propagated_sigma=not entered; covariance=not_published; intake_agreement=1of2; record_stream=2; collate=only-1; spread_vs_row_496=0.00000053726 deg/yr (the derived row already in this file); sigma_primary=unverified; intake 2026-09-22; verified_by=",,SOL-c34be08a,
Moon,sidereal_period,2360591.558227737,s,Chapront J. Chapront-Touze M. Francou G. 2002 A&A 387 700 Table 4 (W1 coefficient of t; Sol. 2 ICRS),https://doi.org/10.1051/0004-6361:20020420,2026-09-22,"intake_row=2026-09-22; intake_round=request-C-2026-09-22 (two independent external surveys collated by the integrator); kind=derived-in-record; epoch=J2000.0; frame=inertial mean ecliptic J2000.0 positioned in ICRS; elements=mean; solution_label=S2001 Sol. 2 (ICRS); fit_interval=1972-01 to 2001-04; orig n=W1(1)=1732559343.3328 arcsec/cy; formula=P=1296000/n*100*365.25*86400; constants=1 cy=100 yr, 1 yr=365.25 d, 1 d=86400 s; sigma_kind=covariance; formula_sigma=sigma_P=abs(P/n)*sigma_n; inputs=Table 2 nu correction -0.4033 +/- 0.0008 arcsec/cy (formal error); propagated_sigma=not entered; covariance=not_published; intake_agreement=1of2; record_stream=2; collate=only-1; spread=0.000772263 s vs the Delaunay row already in this file (2360591.559 s); candidate_for=Moon|orbital_period; sigma_primary=unverified; intake 2026-09-22; verified_by=",,SOL-432f643e,
Moon,anomalistic_period,2380713.110134137,s,Chapront J. Chapront-Touze M. Francou G. 2002 A&A 387 700 Table 4 (l coefficient of t; Sol. 2 ICRS),https://doi.org/10.1051/0004-6361:20020420,2026-09-22,"intake_row=2026-09-22; intake_round=request-C-2026-09-22 (two independent external surveys collated by the integrator); kind=derived-in-record; epoch=J2000.0; frame=inertial mean ecliptic J2000.0 positioned in ICRS; elements=mean; solution_label=S2001 Sol. 2 (ICRS); fit_interval=1972-01 to 2001-04; orig l_dot=1717915923.0024 arcsec/cy; formula=P=1296000/l_dot*100*365.25*86400; constants=1 cy=100 yr, 1 yr=365.25 d, 1 d=86400 s; sigma_kind=covariance; formula_sigma=sigma_P=abs(P/l_dot)*sigma_l_dot; inputs=Table 2 nu -0.4033 +/- 0.0008 and Table 3 delta_W2(1)=0.0317 +/- 0.0008 arcsec/cy (formal errors); propagated_sigma=not entered (independent approximation not used); covariance=not_published; intake_agreement=1of2; record_stream=2; collate=only-1; spread=0.000865863 s vs the anomalistic-period row already in this file (2380713.111 s); sigma_primary=unverified; intake 2026-09-22; verified_by=",,SOL-dd3a44c7,
Earth,sidereal_period,31558150.120086,s,JPL SSD Approximate Positions of the Planets / Standish Keplerian elements Table 1 (valid 1800-2050 AD),https://ssd.jpl.nasa.gov/planets/approx_pos.html,2026-09-22,intake_row=2026-09-22; intake_round=request-C-2026-09-22 (two independent external surveys collated by the integrator); kind=derived-in-record; epoch=J2000.0 TDB; frame=mean ecliptic and equinox of J2000; elements=mean; body=Earth-Moon barycenter (EM Bary row); formula=P=360*36525/L_dot; orig L_dot=35999.37244981 deg/cy; orig P=365.256367361 d; constants=1 d=86400 s; sigma_kind=digits; no 1-sigma printed on Table 1; this is the mean-longitude period of the EMB and NOT the IERS conventional sidereal year expression (the IERS row 31558149.7635456 s is already in this file); intake_agreement=2of2; record_stream=1+2; collate=agree; covariance=not_published; candidate_for=Earth|orbital_period; sigma_primary=unverified; intake 2026-09-22; verified_by=,,SOL-1c7497f8,
Mars,sidereal_period,59354292.425,s,JPL SSD Approximate Positions of the Planets / Standish Keplerian elements Table 1 (valid 1800-2050 AD),https://ssd.jpl.nasa.gov/planets/approx_pos.html,2026-09-22,"intake_row=2026-09-22; intake_round=request-C-2026-09-22 (two independent external surveys collated by the integrator); kind=derived-in-record; epoch=J2000.0 TDB; frame=mean ecliptic and equinox of J2000; elements=mean; formula=P=360*36525/L_dot; orig L_dot=19140.30268499 deg/cy; orig P=686.970977141 d; constants=1 d=86400 s; sigma_kind=spread; spread=756.379 s; spread_sources=Standish Table 1 L_dot with P=360*36525/L_dot (survey 1); Standish Table 1 L_dot with P=360/L_dot*100*365.25*86400 (survey 2, 59355048.80447472 s = the value already in this file); the two surveys used different year definitions for the same printed L_dot and the values are NOT averaged; intake_agreement=spread; record_stream=1; collate=conflict; covariance=not_published; candidate_for=Mars|orbital_period; sigma_primary=unverified; intake 2026-09-22; verified_by=",,SOL-a487ebce,
Deimos,mean_motion,285.161886,deg/day,Jacobson R.A. 2010 AJ 139 668 Table 6 (lambda_dot column),https://doi.org/10.1088/0004-6256/139/2/668,2026-09-22,"intake_row=2026-09-22; intake_round=request-C-2026-09-22 (two independent external surveys collated by the integrator); kind=ephemeris-fit; epoch=1950 January 1.0 TDT; frame=local Laplace plane; elements=mean (precessing ellipse fit to the 1950-2050 integration); orig lambda_dot=285.161886 deg/day; sigma_kind=digits; no 1-sigma printed in Table 6; AB4=Table 6 has NO Period column (both surveys); the columns are a, e, varpi, lambda, i, Omega, lambda_dot, varpi_dot, Omega_dot and the Laplace pole; intake_agreement=2of2; record_stream=1+2; collate=agree; covariance=not_published; sigma_primary=verified; intake 2026-09-22; verified_by=原仮定者 2026-09-23; verified_at=Jacobson 2010 AJ 139 668 Table 6 lambda_dot column Deimos row; verified_value=285.161886 deg/day; confirmation_round=5; period_column=absent (Table 6 has NO Period column - confirmed by the original hypothesis author 2026-09-23)",,SOL-705e4548,
Saturn ring feature D68,mean_motion,1751.65,deg/day,Hedman et al. 2014 Icarus 233 147 (D68 orbital-rate fit),https://doi.org/10.1016/j.icarus.2014.01.022,2026-09-22,"intake_row=2026-09-22; intake_round=request-C-2026-09-22 (two independent external surveys collated by the integrator); kind=observed; epoch=Cassini imaging 2005-2013; frame=Saturn equatorial inertial longitude (J2000 tie); elements=mean; orig 1751.65 deg/day; sigma_kind=spread; spread=0.05 deg/day; spread_sources=Hedman 2014 abstract n=1751.6 deg/day (survey 1, the value already in this file); Hedman 2014 Section III.1/Summary orbital-rate fit n=1751.65 deg/day (survey 2); not averaged; intake_agreement=spread; record_stream=2; collate=conflict; covariance=not_published; sigma_primary=unverified; intake 2026-09-22; verified_by=",,SOL-f114e714,
Saturn ring feature D68,orbital_period_candidate,17756.9719978,s,Hedman et al. 2014 Icarus 233 147 (D68 orbital-rate fit),https://doi.org/10.1016/j.icarus.2014.01.022,2026-09-22,"intake_row=2026-09-22; intake_round=request-C-2026-09-22 (two independent external surveys collated by the integrator); kind=derived-in-record; epoch=Cassini imaging 2005-2013; frame=Saturn equatorial inertial longitude (J2000 tie); elements=mean; formula=P=360/n*86400; inputs=n=1751.65 deg/day (no printed sigma); sigma_kind=spread; spread=0.5069 s; spread_sources=n=1751.6 deg/day -> 17757.4789 s (survey 1, the value already in this file); n=1751.65 deg/day -> 17756.9719978 s (survey 2); not averaged; intake_agreement=spread; record_stream=2; collate=conflict; covariance=not_published; candidate_for=Saturn ring feature D68|orbital_period; sigma_primary=unverified; intake 2026-09-22; verified_by=",,SOL-7e4d09fc,
Io,forced_eccentricity,,1,Lainey et al. 2009 Nature 459 957 / Lainey et al. 2004 A&A 420 1171 / JPL SSD Planetary Satellite Mean Elements,https://ssd.jpl.nasa.gov/sats/elem/,2026-09-22,intake_row=2026-09-22; intake_round=request-C-2026-09-22 (two independent external surveys collated by the integrator); kind=ephemeris-fit; sigma_kind=none; the forced/free split of the eccentricity is not a printed column of the JPL SSD mean-element table (that table prints one composite e) and a forced_eccentricity with a 1-sigma was not recovered from the Lainey tables in either survey; value empty (no number is invented); intake_agreement=1of2; record_stream=1; collate=only-1; covariance=not_published; sigma_primary=unverified; intake 2026-09-22; verified_by=,,SOL-73dff801,
Europa,forced_eccentricity,,1,Lainey et al. 2009 Nature 459 957 / Lainey et al. 2004 A&A 420 1171 / JPL SSD Planetary Satellite Mean Elements,https://ssd.jpl.nasa.gov/sats/elem/,2026-09-22,intake_row=2026-09-22; intake_round=request-C-2026-09-22 (two independent external surveys collated by the integrator); kind=ephemeris-fit; sigma_kind=none; the forced/free split of the eccentricity is not a printed column of the JPL SSD mean-element table (that table prints one composite e) and a forced_eccentricity with a 1-sigma was not recovered from the Lainey tables in either survey; value empty (no number is invented); intake_agreement=1of2; record_stream=1; collate=only-1; covariance=not_published; sigma_primary=unverified; intake 2026-09-22; verified_by=,,SOL-caab6db4,
Ganymede,forced_eccentricity,,1,Lainey et al. 2009 Nature 459 957 / Lainey et al. 2004 A&A 420 1171 / JPL SSD Planetary Satellite Mean Elements,https://ssd.jpl.nasa.gov/sats/elem/,2026-09-22,intake_row=2026-09-22; intake_round=request-C-2026-09-22 (two independent external surveys collated by the integrator); kind=ephemeris-fit; sigma_kind=none; the forced/free split of the eccentricity is not a printed column of the JPL SSD mean-element table (that table prints one composite e) and a forced_eccentricity with a 1-sigma was not recovered from the Lainey tables in either survey; value empty (no number is invented); intake_agreement=1of2; record_stream=1; collate=only-1; covariance=not_published; sigma_primary=unverified; intake 2026-09-22; verified_by=,,SOL-c3827c88,
Callisto,forced_eccentricity,,1,Lainey et al. 2009 Nature 459 957 / Lainey et al. 2004 A&A 420 1171 / JPL SSD Planetary Satellite Mean Elements,https://ssd.jpl.nasa.gov/sats/elem/,2026-09-22,intake_row=2026-09-22; intake_round=request-C-2026-09-22 (two independent external surveys collated by the integrator); kind=ephemeris-fit; sigma_kind=none; the forced/free split of the eccentricity is not a printed column of the JPL SSD mean-element table (that table prints one composite e) and a forced_eccentricity with a 1-sigma was not recovered from the Lainey tables in either survey; value empty (no number is invented); intake_agreement=1of2; record_stream=1; collate=only-1; covariance=not_published; sigma_primary=unverified; intake 2026-09-22; verified_by=,,SOL-32f64a89,
Alpha Centauri AB,periastron_advance,,deg/yr,Akeson et al. 2021 AJ 162 14 Table 8; Kervella et al. 2016 A&A 594 A107; Pourbaix & Boffin 2016 A&A 586 A90; Pourbaix et al. 2002 A&A 386 280,https://doi.org/10.3847/1538-3881/abfaff,2026-09-22,"intake_row=2026-09-22; intake_round=request-C-2026-09-22 (two independent external surveys collated by the integrator); kind=observed; sigma_kind=none; not published as an observed apsidal motion (d(omega)/dt) in Akeson 2021 Table 8 or text, nor in Kervella 2016, Pourbaix & Boffin 2016 or Pourbaix 2002 as retrieved by either survey; those papers publish omega at a reference epoch, not a rate; value empty; the difference of two solutions omega divided by years is NOT written (different equinoxes and reference planes are not separable from a physical apsidal motion); intake_agreement=2of2; record_stream=1+2; collate=agree-both-empty; agree=2; covariance=not_published; sigma_primary=unverified; intake 2026-09-22; verified_by=; acknowledged=原仮定者 2026-09-23 (no printed observed rate of periapsis shift was found in the cited papers - the empty value stays)",,SOL-2c8e091b,
Alpha Centauri AB,periastron_advance_predicted_GR,,deg/yr,Akeson et al. 2021 AJ 162 14; Pourbaix & Boffin 2016 A&A 586 A90; Kervella et al. 2016 A&A 594 A107,https://doi.org/10.3847/1538-3881/abfaff,2026-09-22,intake_row=2026-09-22; intake_round=request-C-2026-09-22 (two independent external surveys collated by the integrator); kind=model-derived; sigma_kind=none; no printed GR-predicted (or tidal-predicted) apsidal rate in the retrieved papers in either survey; no request-side calculation was made; value empty; intake_agreement=2of2; record_stream=1+2; collate=agree-both-empty; agree=2; covariance=not_published; sigma_primary=unverified; intake 2026-09-22; verified_by=; acknowledged=原仮定者 2026-09-23 (no printed observed rate of periapsis shift was found in the cited papers - the empty value stays),,SOL-b82ca7f2,
Sirius AB,periastron_advance,,deg/yr,Bond et al. 2017 ApJ 840 70 Table 4; Gatewood & Gatewood 1978 ApJ 225 191; van den Bos 1960,https://doi.org/10.3847/1538-4357/aa6af8,2026-09-22,"intake_row=2026-09-22; intake_round=request-C-2026-09-22 (two independent external surveys collated by the integrator); kind=observed; sigma_kind=none; not published as an observed apsidal motion in Bond 2017 Table 4 or text in either survey; Bond Table 6 compares the older solutions by mass, not by a printed omega-dot column; value empty; the difference of two solutions omega divided by years is NOT written; intake_agreement=2of2; record_stream=1+2; collate=agree-both-empty; agree=2; covariance=not_published; sigma_primary=unverified; intake 2026-09-22; verified_by=; acknowledged=原仮定者 2026-09-23 (no printed observed rate of periapsis shift was found in the cited papers - the empty value stays)",,SOL-db007f2a,
Sirius AB,periastron_advance_predicted_GR,,deg/yr,Bond et al. 2017 ApJ 840 70,https://doi.org/10.3847/1538-4357/aa6af8,2026-09-22,intake_row=2026-09-22; intake_round=request-C-2026-09-22 (two independent external surveys collated by the integrator); kind=model-derived; sigma_kind=none; Bond 2017 prints no GR or tidal predicted apsidal rate (both surveys); value empty; intake_agreement=2of2; record_stream=1+2; collate=agree-both-empty; agree=2; covariance=not_published; sigma_primary=unverified; intake 2026-09-22; verified_by=; acknowledged=原仮定者 2026-09-23 (no printed observed rate of periapsis shift was found in the cited papers - the empty value stays),,SOL-c5bebf46,
Alpha Centauri AB,longitude_of_periastron,232.006,deg,Akeson et al. 2021 AJ 162 14 Table 8 column K16 (Kervella et al. 2016),https://doi.org/10.3847/1538-3881/abfaff,2026-09-22,intake_row=2026-09-22; intake_round=request-C-2026-09-22 (two independent external surveys collated by the integrator); kind=ephemeris-fit; solution_label=Akeson 2021 Table 8 K16 column; equinox=ICRS/J2000 as for the Present-work column of the same table; epoch=2019.5 (decimal year; time scale not stated in Table 8); frame=relative visual orbit of B about A; elements=two-body-fit; orig 232.006 +/- 0.051 deg; T0=1955.604 +/- 0.013 yr (survey 2); the omega difference against the Present-work column is NOT divided by years; intake_agreement=2of2; record_stream=1+2; collate=agree; agree=2; covariance=not_published; sigma_primary=verified; intake 2026-09-22; verified_by=原仮定者 2026-09-23; verified_at=Akeson et al. 2021 AJ 162 14 Table 8 column K16 omega (deg); verified_value=232.006 +/- 0.051; confirmation_round=5,0.051,SOL-eaae1296,
Alpha Centauri AB,longitude_of_periastron,232.3,deg,Akeson et al. 2021 AJ 162 14 Table 8 column PB16 (Pourbaix & Boffin 2016),https://doi.org/10.3847/1538-3881/abfaff,2026-09-22,intake_row=2026-09-22; intake_round=request-C-2026-09-22 (two independent external surveys collated by the integrator); kind=ephemeris-fit; solution_label=Akeson 2021 Table 8 PB16 column; equinox=ICRS/J2000 as for that table; epoch=2019.5 (decimal year; time scale not stated in Table 8); frame=relative visual orbit of B about A; elements=two-body-fit; orig 232.3 +/- 0.11 deg; T0=1955.66 +/- 0.014 yr (survey 2); the omega difference against the Present-work column is NOT divided by years; intake_agreement=2of2; record_stream=1+2; collate=agree; agree=2; covariance=not_published; sigma_primary=verified; intake 2026-09-22; verified_by=原仮定者 2026-09-23; verified_at=Akeson et al. 2021 AJ 162 14 Table 8 column PB16 omega (deg); verified_value=232.3 +/- 0.11; confirmation_round=5,0.11,SOL-f092c248,
Pluto,GM,8.696e11,m^3/s^2,Brozovic M. Showalter M.R. Jacobson R.A. Buie M.W. 2015 Icarus 246 317 (Pluto-system fit; GM),https://doi.org/10.1016/j.icarus.2014.03.015,2026-09-22,intake_row=2026-09-22; intake_round=request-C-2026-09-22 (two independent external surveys collated by the integrator); kind=ephemeris-fit; solutionId=PLU043-2015; ephemeris=PLU043; fit_span=1965-2012 astrometry plus 1985-1990 mutual-event light curves; epoch=2013-01-01 TDB fitted state; frame=ICRF; elements=mean; orig 869.6 +/- 1.8 km^3/s^2; converted 1 km^3/s^2=1e9 m^3/s^2; covariance=not_published (Table 11 maps position uncertainty only); the 2015 and the 2024 solutions are NOT mixed in one judgement row; intake_agreement=2of2; record_stream=1+2; collate=agree; agree=2; sigma_primary=verified; intake 2026-09-22; verified_by=原仮定者 2026-09-23; verified_at=Brozovic et al. 2015 Icarus 246 317 abstract (GM sentence) and Brozovic et al. 2015 Table 10 (Masses and densities in the Pluto system) GM column Pluto row; verified_value=869.6 +/- 1.8; confirmation_round=5; uncertainty_kind=conservative-inflated (systematic+random per abstract: The uncertainties reflect both systematic and random measurement errors) - NOT the same kind as the formal 1-sigma of the small satellites; whether the sigma column keeps it is a ruling (AN1); solution=PLU043-2015 (registered in paper/data/solutions.json and carried by the solution_id column from 2026-09-23; the earlier solutionId= spelling above is kept as history),1.8e9,SOL-5cc14657,PLU043-2015
Charon,GM,1.059e11,m^3/s^2,Brozovic M. Showalter M.R. Jacobson R.A. Buie M.W. 2015 Icarus 246 317 (Pluto-system fit; GM) [abstract],https://doi.org/10.1016/j.icarus.2014.03.015,2026-09-22,intake_row=2026-09-22; intake_round=request-C-2026-09-22 (two independent external surveys collated by the integrator); kind=ephemeris-fit; solutionId=PLU043-2015; ephemeris=PLU043; fit_span=1965-2012 astrometry plus 1985-1990 mutual-event light curves; epoch=2013-01-01 TDB fitted state; frame=ICRF; elements=mean; orig 105.9 +/- 1.0 km^3/s^2; converted 1 km^3/s^2=1e9 m^3/s^2; covariance=not_published (Table 11 maps position uncertainty only); the 2015 and the 2024 solutions are NOT mixed in one judgement row; sigma_kind=spread; spread=0.02 km^3/s^2; spread_sources=Brozovic 2015 abstract 105.9 +/- 1.0 (survey 1); Brozovic 2015 Table 10 GM column 105.88 +/- 1.0 (survey 2); not averaged; sigma_candidate_unconfirmed=1.0e9; intake_agreement=spread; record_stream=1; collate=conflict; sigma_primary=verified; intake 2026-09-22; verified_by=原仮定者 2026-09-23; verified_at=Brozovic et al. 2015 Icarus 246 317 abstract (GM sentence) Charon; verified_value=105.9 +/- 1.0; confirmation_round=5; uncertainty_kind=conservative-inflated (systematic+random per abstract: The uncertainties reflect both systematic and random measurement errors) - NOT the same kind as the formal 1-sigma of the small satellites; whether the sigma column keeps it is a ruling (AN1); solution=PLU043-2015 (registered in paper/data/solutions.json and carried by the solution_id column from 2026-09-23; the earlier solutionId= spelling above is kept as history),,SOL-17ac6945,PLU043-2015
Charon,GM,1.0588e11,m^3/s^2,Brozovic M. Showalter M.R. Jacobson R.A. Buie M.W. 2015 Icarus 246 317 (Pluto-system fit; GM) [Table 10 GM column],https://doi.org/10.1016/j.icarus.2014.03.015,2026-09-22,intake_row=2026-09-22; intake_round=request-C-2026-09-22 (two independent external surveys collated by the integrator); kind=ephemeris-fit; solutionId=PLU043-2015; ephemeris=PLU043; fit_span=1965-2012 astrometry plus 1985-1990 mutual-event light curves; epoch=2013-01-01 TDB fitted state; frame=ICRF; elements=mean; orig 105.88 +/- 1.0 km^3/s^2; converted 1 km^3/s^2=1e9 m^3/s^2; covariance=not_published (Table 11 maps position uncertainty only); the 2015 and the 2024 solutions are NOT mixed in one judgement row; sigma_kind=spread; spread=0.02 km^3/s^2; spread_sources=Brozovic 2015 abstract 105.9 +/- 1.0 (survey 1); Brozovic 2015 Table 10 GM column 105.88 +/- 1.0 (survey 2); not averaged; sigma_candidate_unconfirmed=1.0e9; intake_agreement=spread; record_stream=2; collate=conflict; sigma_primary=verified; intake 2026-09-22; verified_by=原仮定者 2026-09-23; verified_at=Brozovic et al. 2015 Table 10 (Masses and densities in the Pluto system) GM column Charon row (the original hypothesis author opened the table); verified_value=105.88 +/- 1.0; confirmation_round=5; uncertainty_kind=conservative-inflated (systematic+random per abstract: The uncertainties reflect both systematic and random measurement errors) - NOT the same kind as the formal 1-sigma of the small satellites; whether the sigma column keeps it is a ruling (AN1); spread_resolved=both prints exist in the same paper (abstract 105.9 / Table 10 105.88) - neither is averaged; solution=PLU043-2015 (registered in paper/data/solutions.json and carried by the solution_id column from 2026-09-23; the earlier solutionId= spelling above is kept as history),,SOL-dbe2abde,PLU043-2015
Nix,GM,3.0e6,m^3/s^2,Brozovic M. Showalter M.R. Jacobson R.A. Buie M.W. 2015 Icarus 246 317 (Pluto-system fit; GM),https://doi.org/10.1016/j.icarus.2014.03.015,2026-09-22,intake_row=2026-09-22; intake_round=request-C-2026-09-22 (two independent external surveys collated by the integrator); kind=ephemeris-fit; solutionId=PLU043-2015; ephemeris=PLU043; fit_span=1965-2012 astrometry plus 1985-1990 mutual-event light curves; epoch=2013-01-01 TDB fitted state; frame=ICRF; elements=mean; orig 0.0030 +/- 0.0027 km^3/s^2; converted 1 km^3/s^2=1e9 m^3/s^2; covariance=not_published (Table 11 maps position uncertainty only); the 2015 and the 2024 solutions are NOT mixed in one judgement row; sigma_note=the small-satellite 1-sigma is stated to come from the formal covariance of the fit and to reflect measurement errors only; intake_agreement=2of2; record_stream=1+2; collate=agree; agree=2; sigma_primary=verified; intake 2026-09-22; verified_by=原仮定者 2026-09-23; verified_at=Brozovic et al. 2015 Icarus 246 317 abstract (GM sentence) and Brozovic et al. 2015 Table 10 (Masses and densities in the Pluto system) GM column Nix row; verified_value=0.0030 +/- 0.0027; confirmation_round=5; level_statement=The 1-sigma errors are based on the formal covariance from the fit and they reflect only measurement errors.; solution=PLU043-2015 (registered in paper/data/solutions.json and carried by the solution_id column from 2026-09-23; the earlier solutionId= spelling above is kept as history),2.7e6,SOL-74f37821,PLU043-2015
Hydra,GM,3.2e6,m^3/s^2,Brozovic M. Showalter M.R. Jacobson R.A. Buie M.W. 2015 Icarus 246 317 (Pluto-system fit; GM),https://doi.org/10.1016/j.icarus.2014.03.015,2026-09-22,intake_row=2026-09-22; intake_round=request-C-2026-09-22 (two independent external surveys collated by the integrator); kind=ephemeris-fit; solutionId=PLU043-2015; ephemeris=PLU043; fit_span=1965-2012 astrometry plus 1985-1990 mutual-event light curves; epoch=2013-01-01 TDB fitted state; frame=ICRF; elements=mean; orig 0.0032 +/- 0.0028 km^3/s^2; converted 1 km^3/s^2=1e9 m^3/s^2; covariance=not_published (Table 11 maps position uncertainty only); the 2015 and the 2024 solutions are NOT mixed in one judgement row; sigma_note=formal-covariance 1-sigma of the fit; intake_agreement=2of2; record_stream=1+2; collate=agree; agree=2; sigma_primary=verified; intake 2026-09-22; verified_by=原仮定者 2026-09-23; verified_at=Brozovic et al. 2015 Icarus 246 317 abstract (GM sentence) and Brozovic et al. 2015 Table 10 (Masses and densities in the Pluto system) GM column Hydra row; verified_value=0.0032 +/- 0.0028; confirmation_round=5; level_statement=The 1-sigma errors are based on the formal covariance from the fit and they reflect only measurement errors.; solution=PLU043-2015 (registered in paper/data/solutions.json and carried by the solution_id column from 2026-09-23; the earlier solutionId= spelling above is kept as history),2.8e6,SOL-5174fc3a,PLU043-2015
Kerberos,GM,1.1e6,m^3/s^2,Brozovic M. Showalter M.R. Jacobson R.A. Buie M.W. 2015 Icarus 246 317 (Pluto-system fit; GM),https://doi.org/10.1016/j.icarus.2014.03.015,2026-09-22,intake_row=2026-09-22; intake_round=request-C-2026-09-22 (two independent external surveys collated by the integrator); kind=ephemeris-fit; solutionId=PLU043-2015; ephemeris=PLU043; fit_span=1965-2012 astrometry plus 1985-1990 mutual-event light curves; epoch=2013-01-01 TDB fitted state; frame=ICRF; elements=mean; orig 0.0011 +/- 0.0006 km^3/s^2; converted 1 km^3/s^2=1e9 m^3/s^2; covariance=not_published (Table 11 maps position uncertainty only); the 2015 and the 2024 solutions are NOT mixed in one judgement row; sigma_note=formal-covariance 1-sigma of the fit; the 2024 solution leaves Kerberos unconstrained and the two are kept in separate rows; intake_agreement=2of2; record_stream=1+2; collate=agree; agree=2; sigma_primary=verified; intake 2026-09-22; verified_by=原仮定者 2026-09-23; verified_at=Brozovic et al. 2015 Icarus 246 317 abstract (GM sentence) and Brozovic et al. 2015 Table 10 (Masses and densities in the Pluto system) GM column Kerberos row; verified_value=0.0011 +/- 0.0006; confirmation_round=5; level_statement=The 1-sigma errors are based on the formal covariance from the fit and they reflect only measurement errors.; solution=PLU043-2015 (registered in paper/data/solutions.json and carried by the solution_id column from 2026-09-23; the earlier solutionId= spelling above is kept as history),6e5,SOL-7ff95566,PLU043-2015
Styx,GM,,m^3/s^2,Brozovic M. Showalter M.R. Jacobson R.A. Buie M.W. 2015 Icarus 246 317 (Pluto-system fit; GM),https://doi.org/10.1016/j.icarus.2014.03.015,2026-09-22,intake_row=2026-09-22; intake_round=request-C-2026-09-22 (two independent external surveys collated by the integrator); kind=ephemeris-fit; solutionId=PLU043-2015; ephemeris=PLU043; fit_span=1965-2012 astrometry plus 1985-1990 mutual-event light curves; epoch=2013-01-01 TDB fitted state; frame=ICRF; elements=mean; orig upper bound 0.0010 km^3/s^2; converted 1 km^3/s^2=1e9 m^3/s^2; covariance=not_published (Table 11 maps position uncertainty only); the 2015 and the 2024 solutions are NOT mixed in one judgement row; upper_limit=1.0e6 m^3/s^2; level=not stated as a percentage in the abstract; value empty (an upper bound is not a central value with a sigma); sigma_kind=none; intake_agreement=2of2; record_stream=1+2; collate=agree; agree=2; sigma_primary=verified; intake 2026-09-22; verified_by=原仮定者 2026-09-23; verified_at=Brozovic et al. 2015 Icarus 246 317 abstract (GM sentence) and Brozovic et al. 2015 Table 10 (Masses and densities in the Pluto system) GM column Styx row; verified_value=upper bound 0.0010 (abstract) / 0.0000 +0.0010 -0.0000 (Table 10); confirmation_round=5; solution=PLU043-2015 (registered in paper/data/solutions.json and carried by the solution_id column from 2026-09-23; the earlier solutionId= spelling above is kept as history),,SOL-603e11ea,PLU043-2015
Pluto-Charon system,GM,9.755e11,m^3/s^2,Brozovic M. Showalter M.R. Jacobson R.A. Buie M.W. 2015 Icarus 246 317 (Pluto-system fit; GM),https://doi.org/10.1016/j.icarus.2014.03.015,2026-09-22,intake_row=2026-09-22; intake_round=request-C-2026-09-22 (two independent external surveys collated by the integrator); kind=ephemeris-fit; solutionId=PLU043-2015; ephemeris=PLU043; fit_span=1965-2012 astrometry plus 1985-1990 mutual-event light curves; epoch=2013-01-01 TDB fitted state; frame=ICRF; elements=mean; orig 975.5 +/- 1.5 km^3/s^2; converted 1 km^3/s^2=1e9 m^3/s^2; covariance=not_published (Table 11 maps position uncertainty only); the 2015 and the 2024 solutions are NOT mixed in one judgement row; quantity=system GM (Pluto + Charon + small satellites as fitted); sigma_candidate_unconfirmed=1.5e9; intake_agreement=2of2 (request D 2026-09-23; it was 1of2 at request C); record_stream=1; collate=only-1; sigma_primary=verified; intake 2026-09-22; verified_by=原仮定者 2026-09-23; verified_at=Brozovic et al. 2015 Icarus 246 317 abstract (GM sentence) and Brozovic et al. 2015 Table 10 (Masses and densities in the Pluto system) GM column System row; verified_value=975.5 +/- 1.5; confirmation_round=5; uncertainty_kind=conservative-inflated (systematic+random per abstract: The uncertainties reflect both systematic and random measurement errors) - NOT the same kind as the formal 1-sigma of the small satellites; whether the sigma column keeps it is a ruling (AN1); sigma_raised=2026-09-23 (request D 2of2 + confirmation round 5; the second survey left the sigma empty because it is conservative-inflated - see uncertainty_kind (AN1)); solution=PLU043-2015 (registered in paper/data/solutions.json and carried by the solution_id column from 2026-09-23; the earlier solutionId= spelling above is kept as history),1.5e9,SOL-b8f464fc,PLU043-2015
Pluto,GM,8.693e11,m^3/s^2,Brozovic M. & Jacobson R.A. 2024 AJ 167 256 Table 8 (Satellite Masses; Current Work),https://doi.org/10.3847/1538-3881/ad39f0,2026-09-22,intake_row=2026-09-22; intake_round=request-C-2026-09-22 (two independent external surveys collated by the integrator); kind=ephemeris-fit; solutionId=PLU060-2024; ephemeris=PLU060; fit span through 2023 (post-New Horizons + Gaia); elements=mean; orig 869.3 +/- 0.4 km^3/s^2; converted 1 km^3/s^2=1e9 m^3/s^2; covariance=not_published; the 2015 and the 2024 solutions are NOT mixed in one judgement row; sigma_candidate_unconfirmed=4e8; intake_agreement=2of2 (request D 2026-09-23; it was 1of2 at request C); record_stream=1; collate=only-1; same value as the JPL SSD PLU060 row already in this file (that row carries the sigma); sigma_primary=verified; intake 2026-09-22; verified_by=原仮定者 2026-09-23; verified_at=Brozovic & Jacobson 2024 AJ 167 256 Table 8 (Satellite Masses) Current Work column GM (km^3 s^-2) Pluto row; verified_value=869.3 +/- 0.4; confirmation_round=5; sigma_raised=2026-09-23 (request D 2of2 + confirmation round 5); solution=PLU060-2024 (registered in paper/data/solutions.json and carried by the solution_id column from 2026-09-23; the earlier solutionId= spelling above is kept as history),4e8,SOL-5e034c8b,PLU060-2024
Charon,GM,1.061e11,m^3/s^2,Brozovic M. & Jacobson R.A. 2024 AJ 167 256 Table 8 (Satellite Masses; Current Work),https://doi.org/10.3847/1538-3881/ad39f0,2026-09-22,intake_row=2026-09-22; intake_round=request-C-2026-09-22 (two independent external surveys collated by the integrator); kind=ephemeris-fit; solutionId=PLU060-2024; ephemeris=PLU060; fit span through 2023 (post-New Horizons + Gaia); elements=mean; orig 106.1 +/- 0.3 km^3/s^2; converted 1 km^3/s^2=1e9 m^3/s^2; covariance=not_published; the 2015 and the 2024 solutions are NOT mixed in one judgement row; sigma_candidate_unconfirmed=3e8; intake_agreement=2of2 (request D 2026-09-23; it was 1of2 at request C); record_stream=1; collate=only-1; same value as the JPL SSD PLU060 row already in this file (that row carries the sigma); sigma_primary=verified; intake 2026-09-22; verified_by=原仮定者 2026-09-23; verified_at=Brozovic & Jacobson 2024 AJ 167 256 Table 8 (Satellite Masses) Current Work column GM (km^3 s^-2) Charon row; verified_value=106.1 +/- 0.3 {0.12}; confirmation_round=5; sigma_kind=inflated-conservative; formal_1sigma=1.2e8 m^3/s^2 (0.12 km^3/s^2 in curly brackets); inflation=~2; Table 8 note: the curly-bracket numbers for the system and Charon are the formal 1-sigma from the solution covariance and the published +/- are those inflated by a factor of about 2 to give more conservative bounds; sigma_raised=2026-09-23 (request D 2of2 + confirmation round 5; the published 0.3 is the inflated bound (formal 0.12) - see sigma_kind (AN3)); solution=PLU060-2024 (registered in paper/data/solutions.json and carried by the solution_id column from 2026-09-23; the earlier solutionId= spelling above is kept as history),3e8,SOL-2a069190,PLU060-2024
Nix,GM,1.50e6,m^3/s^2,Brozovic M. & Jacobson R.A. 2024 AJ 167 256 Table 8 (Satellite Masses; Current Work),https://doi.org/10.3847/1538-3881/ad39f0,2026-09-22,intake_row=2026-09-22; intake_round=request-C-2026-09-22 (two independent external surveys collated by the integrator); kind=ephemeris-fit; solutionId=PLU060-2024; ephemeris=PLU060; fit span through 2023 (post-New Horizons + Gaia); elements=mean; orig (1.50 +/- 0.52)e-3 km^3/s^2; converted 1 km^3/s^2=1e9 m^3/s^2; covariance=not_published; the 2015 and the 2024 solutions are NOT mixed in one judgement row; sigma_candidate_unconfirmed=5.2e5; intake_agreement=2of2 (request D 2026-09-23; it was 1of2 at request C); record_stream=1; collate=only-1; the second survey did not retrieve Table 8 and offers a different solution (Porter & Canup 2023) instead; sigma_primary=verified; intake 2026-09-22; verified_by=原仮定者 2026-09-23; verified_at=Brozovic & Jacobson 2024 AJ 167 256 Table 8 (Satellite Masses) Current Work column GM (km^3 s^-2) Nix row; verified_value=(1.50 +/- 0.52) x 10^-3; confirmation_round=5; sigma_raised=2026-09-23 (request D 2of2 + confirmation round 5); solution=PLU060-2024 (registered in paper/data/solutions.json and carried by the solution_id column from 2026-09-23; the earlier solutionId= spelling above is kept as history),5.2e5,SOL-bf096d96,PLU060-2024
Hydra,GM,2.01e6,m^3/s^2,Brozovic M. & Jacobson R.A. 2024 AJ 167 256 Table 8 (Satellite Masses; Current Work),https://doi.org/10.3847/1538-3881/ad39f0,2026-09-22,intake_row=2026-09-22; intake_round=request-C-2026-09-22 (two independent external surveys collated by the integrator); kind=ephemeris-fit; solutionId=PLU060-2024; ephemeris=PLU060; fit span through 2023 (post-New Horizons + Gaia); elements=mean; orig (2.01 +/- 0.27)e-3 km^3/s^2; converted 1 km^3/s^2=1e9 m^3/s^2; covariance=not_published; the 2015 and the 2024 solutions are NOT mixed in one judgement row; sigma_candidate_unconfirmed=2.7e5; intake_agreement=2of2 (request D 2026-09-23; it was 1of2 at request C); record_stream=1; collate=only-1; the second survey did not retrieve Table 8; sigma_primary=verified; intake 2026-09-22; verified_by=原仮定者 2026-09-23; verified_at=Brozovic & Jacobson 2024 AJ 167 256 Table 8 (Satellite Masses) Current Work column GM (km^3 s^-2) Hydra row; verified_value=(2.01 +/- 0.27) x 10^-3; confirmation_round=5; sigma_raised=2026-09-23 (request D 2of2 + confirmation round 5); solution=PLU060-2024 (registered in paper/data/solutions.json and carried by the solution_id column from 2026-09-23; the earlier solutionId= spelling above is kept as history),2.7e5,SOL-4693c081,PLU060-2024
Kerberos,GM,,m^3/s^2,Brozovic M. & Jacobson R.A. 2024 AJ 167 256 Table 8 (Satellite Masses; Current Work),https://doi.org/10.3847/1538-3881/ad39f0,2026-09-22,"intake_row=2026-09-22; intake_round=request-C-2026-09-22 (two independent external surveys collated by the integrator); kind=ephemeris-fit; solutionId=PLU060-2024; ephemeris=PLU060; fit span through 2023 (post-New Horizons + Gaia); elements=mean; orig unconstrained; converted 1 km^3/s^2=1e9 m^3/s^2; covariance=not_published; the 2015 and the 2024 solutions are NOT mixed in one judgement row; unconstrained=true; value empty; Table 8 prints the inequality <0.17 x 10^-3 km^3/s^2 for this solution (the earlier wording wording no upper_limit is printed is withdrawn on 2026-09-23); sigma_kind=none; intake_agreement=1of2; record_stream=1; collate=only-1; sigma_primary=verified; intake 2026-09-22; verified_by=原仮定者 2026-09-23; verified_at=Brozovic & Jacobson 2024 AJ 167 256 Table 8 (Satellite Masses) Current Work column GM (km^3 s^-2) Kerberos row; verified_value=unconstrained (<0.17 x 10^-3); confirmation_round=5; upper_limit=0.17e-3 km^3/s^2; level=formal-sensitivity; Table 8 note: the fit showed no sensitivity to the masses of Styx and Kerberos, which were held fixed at 0.04e-3 and 0.06e-3 km^3/s^2 respectively (density 1 g/cm^3); the upper limit is a formal sensitivity bound of a mass held fixed in the fit and is NOT the 1-sigma of a detection; solution=PLU060-2024 (registered in paper/data/solutions.json and carried by the solution_id column from 2026-09-23; the earlier solutionId= spelling above is kept as history)",,SOL-7009ead9,PLU060-2024
Styx,GM,,m^3/s^2,Brozovic M. & Jacobson R.A. 2024 AJ 167 256 Table 8 (Satellite Masses; Current Work),https://doi.org/10.3847/1538-3881/ad39f0,2026-09-22,"intake_row=2026-09-22; intake_round=request-C-2026-09-22 (two independent external surveys collated by the integrator); kind=ephemeris-fit; solutionId=PLU060-2024; ephemeris=PLU060; fit span through 2023 (post-New Horizons + Gaia); elements=mean; orig unconstrained; converted 1 km^3/s^2=1e9 m^3/s^2; covariance=not_published; the 2015 and the 2024 solutions are NOT mixed in one judgement row; unconstrained=true; value empty; Table 8 prints the inequality <0.33 x 10^-3 km^3/s^2 for this solution (the earlier wording wording no upper_limit is printed is withdrawn on 2026-09-23); sigma_kind=none; intake_agreement=1of2; record_stream=1; collate=only-1; sigma_primary=verified; intake 2026-09-22; verified_by=原仮定者 2026-09-23; verified_at=Brozovic & Jacobson 2024 AJ 167 256 Table 8 (Satellite Masses) Current Work column GM (km^3 s^-2) Styx row; verified_value=unconstrained (<0.33 x 10^-3); confirmation_round=5; upper_limit=0.33e-3 km^3/s^2; level=formal-sensitivity; Table 8 note: the fit showed no sensitivity to the masses of Styx and Kerberos, which were held fixed at 0.04e-3 and 0.06e-3 km^3/s^2 respectively (density 1 g/cm^3); the upper limit is a formal sensitivity bound of a mass held fixed in the fit and is NOT the 1-sigma of a detection; solution=PLU060-2024 (registered in paper/data/solutions.json and carried by the solution_id column from 2026-09-23; the earlier solutionId= spelling above is kept as history)",,SOL-d858ff2b,PLU060-2024
Nix,GM,1.74550e6,m^3/s^2,Porter S.B. & Canup R.M. 2023 Planetary Science Journal (accepted manuscript) Figure 1 dynamical-mass labels,https://doi.org/10.3847/PSJ/acde77,2026-09-22,"intake_row=2026-09-22; intake_round=request-C-2026-09-22 (two independent external surveys collated by the integrator); kind=observed; epoch=2015-07-16 00:01:08 TDB fitted state; frame=ICRF, center=Pluto system barycenter; elements=mean; fit_span=HST 2005-2019 plus New Horizons LORRI 2015; orig 0.00174550 +/- 0.00034724 km^3/s^2; converted 1 km^3/s^2=1e9 m^3/s^2; covariance=mass corner plot of Figure 1 (not a printed matrix); this is a third solution and is NOT mixed with the 2015 or 2024 rows; sigma_candidate_unconfirmed=3.4724e5; intake_agreement=1of2; record_stream=2; collate=only-1; sigma_primary=unverified; intake 2026-09-22; verified_by=; url_corrected=2026-09-23 (DOI 10.3847/PSJ/acf3e7 -> 10.3847/PSJ/acde77 = Planet. Sci. J. 4 120); printed_in=figure-label; collate=mismatch; both=1.74550 +/- 0.34724 (Figure 1 label)|(1.74 +/- 0.35) x 10^-3 (body section 3)|1.8 +/- 0.4 x 10^-3 (abstract) km^3/s^2; the extra digits are the figure label and are NOT the printed body value; sigma column kept EMPTY; body-text row added 2026-09-23",,SOL-10955bef,
Hydra,GM,2.01140e6,m^3/s^2,Porter S.B. & Canup R.M. 2023 Planetary Science Journal (accepted manuscript) Figure 1 dynamical-mass labels,https://doi.org/10.3847/PSJ/acde77,2026-09-22,"intake_row=2026-09-22; intake_round=request-C-2026-09-22 (two independent external surveys collated by the integrator); kind=observed; epoch=2015-07-16 00:01:08 TDB fitted state; frame=ICRF, center=Pluto system barycenter; elements=mean; fit_span=HST 2005-2019 plus New Horizons LORRI 2015; orig 0.00201140 +/- 0.00020175 km^3/s^2; converted 1 km^3/s^2=1e9 m^3/s^2; covariance=mass corner plot of Figure 1 (not a printed matrix); this is a third solution and is NOT mixed with the 2015 or 2024 rows; sigma_candidate_unconfirmed=2.0175e5; intake_agreement=1of2; record_stream=2; collate=only-1; sigma_primary=unverified; intake 2026-09-22; verified_by=; url_corrected=2026-09-23 (DOI 10.3847/PSJ/acf3e7 -> 10.3847/PSJ/acde77 = Planet. Sci. J. 4 120); printed_in=figure-label; collate=mismatch; both=2.01140 +/- 0.20175 (Figure 1 label)|(2.01 +/- 0.20) x 10^-3 (body section 3)|2.0 +/- 0.2 x 10^-3 (abstract) km^3/s^2; the extra digits are the figure label and are NOT the printed body value; sigma column kept EMPTY; body-text row added 2026-09-23",,SOL-e6fcee5a,
Styx,GM,,m^3/s^2,Porter S.B. & Canup R.M. 2023 Planetary Science Journal (accepted manuscript) Figure 1 dynamical-mass labels [upper limits],https://doi.org/10.3847/PSJ/acde77,2026-09-22,"intake_row=2026-09-22; intake_round=request-C-2026-09-22 (two independent external surveys collated by the integrator); kind=observed; epoch=2015-07-16 00:01:08 TDB fitted state; frame=ICRF, center=Pluto system barycenter; elements=mean; fit_span=HST 2005-2019 plus New Horizons LORRI 2015; orig upper limit 0.00002602 km^3/s^2; converted 1 km^3/s^2=1e9 m^3/s^2; covariance=mass corner plot of Figure 1 (not a printed matrix); this is a third solution and is NOT mixed with the 2015 or 2024 rows; upper_limit=2.602e4 m^3/s^2; level=68; value empty (an upper limit is not a central value with a sigma); sigma_kind=none; intake_agreement=1of2; record_stream=2; collate=only-1; sigma_primary=unverified; intake 2026-09-22; verified_by=; url_corrected=2026-09-23 (DOI 10.3847/PSJ/acf3e7 -> 10.3847/PSJ/acde77 = Planet. Sci. J. 4 120); printed_in=figure-label; both=<0.02602 x 10^-3 (Figure 1 label)|<0.03 x 10^-3 km^3/s^2 (body section 3, 1-sigma upper limit); body-text row added 2026-09-23",,SOL-6451e8cd,
Kerberos,GM,,m^3/s^2,Porter S.B. & Canup R.M. 2023 Planetary Science Journal (accepted manuscript) Figure 1 dynamical-mass labels [upper limits],https://doi.org/10.3847/PSJ/acde77,2026-09-22,"intake_row=2026-09-22; intake_round=request-C-2026-09-22 (two independent external surveys collated by the integrator); kind=observed; epoch=2015-07-16 00:01:08 TDB fitted state; frame=ICRF, center=Pluto system barycenter; elements=mean; fit_span=HST 2005-2019 plus New Horizons LORRI 2015; orig upper limit 0.00004568 km^3/s^2; converted 1 km^3/s^2=1e9 m^3/s^2; covariance=mass corner plot of Figure 1 (not a printed matrix); this is a third solution and is NOT mixed with the 2015 or 2024 rows; upper_limit=4.568e4 m^3/s^2; level=68; value empty; sigma_kind=none; intake_agreement=1of2; record_stream=2; collate=only-1; sigma_primary=unverified; intake 2026-09-22; verified_by=; url_corrected=2026-09-23 (DOI 10.3847/PSJ/acf3e7 -> 10.3847/PSJ/acde77 = Planet. Sci. J. 4 120); printed_in=figure-label; both=<0.04568 x 10^-3 (Figure 1 label)|<0.05 x 10^-3 km^3/s^2 (body section 3, 1-sigma upper limit); body-text row added 2026-09-23",,SOL-20122ed9,
Charon,semi_major_axis_candidate,19595764,m,Brozovic M. & Jacobson R.A. 2024 AJ 167 256 Table 10 (mean Keplerian osculating elements 1800-2200),https://doi.org/10.3847/1538-3881/ad39f0,2026-09-22,intake_row=2026-09-22; intake_round=request-C-2026-09-22 (two independent external surveys collated by the integrator); kind=ephemeris-fit; solutionId=PLU060-2024; ephemeris=PLU060; elements=mean-osculating-1800-2200; scatter_not_sigma=true; the trailing numbers of the table are the min/max half-widths of the osculating scatter over the averaging window and are NOT a formal 1-sigma of a precessing-ellipse mean; center=Pluto; orig a=19595.764 km with tabulated scatter 0.008 / 0.007 km; sigma_kind=digits; covariance=not_published; converted 1 km=1000 m; this is the relative (Pluto-centred) mean osculating a and is a DIFFERENT quantity from the barycentre-referred osculating a of the same ephemeris (17464 km) and from the two-body fitted a of Buie 2012 (19573 +/- 2 km); intake_agreement=1of2; record_stream=1; collate=only-1; candidate_for=Charon|semi_major_axis; sigma_primary=verified; intake 2026-09-22; verified_by=原仮定者 2026-09-23; verified_at=Brozovic & Jacobson 2024 Table 10 (Mean Keplerian Osculating Orbital Elements) Charon column a(km); verified_value=19595.764 (+0.007/-0.008); confirmation_round=5; level_statement=The upper and lower bounds are based on sampling 400 yr of orbit integration (from 1800 January 1 to 2200 January 1) once per day. scatter_not_sigma=true (kept); solution=PLU060-2024 (registered in paper/data/solutions.json and carried by the solution_id column from 2026-09-23; the earlier solutionId= spelling above is kept as history),,SOL-5e03d54e,PLU060-2024
Charon,eccentricity_candidate,0.000161,1,Brozovic M. & Jacobson R.A. 2024 AJ 167 256 Table 10 (mean Keplerian osculating elements 1800-2200),https://doi.org/10.3847/1538-3881/ad39f0,2026-09-22,intake_row=2026-09-22; intake_round=request-C-2026-09-22 (two independent external surveys collated by the integrator); kind=ephemeris-fit; solutionId=PLU060-2024; ephemeris=PLU060; elements=mean-osculating-1800-2200; scatter_not_sigma=true; the trailing numbers of the table are the min/max half-widths of the osculating scatter over the averaging window and are NOT a formal 1-sigma of a precessing-ellipse mean; center=Pluto; orig e=0.000161; sigma_kind=digits; covariance=not_published; this is a mean osculating e of an integrated orbit and is a DIFFERENT quantity from the adopted e=0 (with a 7.5e-5 upper limit) of the two-body fit already in this file; intake_agreement=1of2; record_stream=1; collate=only-1; candidate_for=Charon|eccentricity; sigma_primary=verified; intake 2026-09-22; verified_by=原仮定者 2026-09-23; verified_at=Brozovic & Jacobson 2024 Table 10 (Mean Keplerian Osculating Orbital Elements) Charon column e; verified_value=1.61 (+0.01/-0.01) x 10^-4; confirmation_round=5; level_statement=The upper and lower bounds are based on sampling 400 yr of orbit integration (from 1800 January 1 to 2200 January 1) once per day. scatter_not_sigma=true (kept); solution=PLU060-2024 (registered in paper/data/solutions.json and carried by the solution_id column from 2026-09-23; the earlier solutionId= spelling above is kept as history),,SOL-78ee6517,PLU060-2024
Charon,sidereal_period,551855.8944,s,Brozovic M. & Jacobson R.A. 2024 AJ 167 256 Table 10 (mean Keplerian osculating elements 1800-2200),https://doi.org/10.3847/1538-3881/ad39f0,2026-09-22,intake_row=2026-09-22; intake_round=request-C-2026-09-22 (two independent external surveys collated by the integrator); kind=ephemeris-fit; solutionId=PLU060-2024; ephemeris=PLU060; elements=mean-osculating-1800-2200; scatter_not_sigma=true; the trailing numbers of the table are the min/max half-widths of the osculating scatter over the averaging window and are NOT a formal 1-sigma of a precessing-ellipse mean; center=Pluto; orig P=6.387221 d with tabulated scatter 0.000003 / 0.000005 d; sigma_kind=digits; covariance=not_published; converted 1 d=86400 s; this is the 1800-2200 mean of the osculating period and is a DIFFERENT quantity from the two-body Keplerian sidereal period of Buie 2012 (551856.43872 +/- 0.02592 s) and from the Horizons osculating PR at a single epoch (551850.677 s / 551853.070 s); the difference against Buie is 0.5443 s and is NOT an observation-versus-model residual; intake_agreement=1of2; record_stream=1; collate=only-1; candidate_for=Charon|orbital_period; sigma_primary=verified; intake 2026-09-22; verified_by=原仮定者 2026-09-23; verified_at=Brozovic & Jacobson 2024 Table 10 (Mean Keplerian Osculating Orbital Elements) Charon column P (days); verified_value=6.387221 (+0.000005/-0.000003); confirmation_round=5; level_statement=The upper and lower bounds are based on sampling 400 yr of orbit integration (from 1800 January 1 to 2200 January 1) once per day. scatter_not_sigma=true (kept); solution=PLU060-2024 (registered in paper/data/solutions.json and carried by the solution_id column from 2026-09-23; the earlier solutionId= spelling above is kept as history),,SOL-703bb236,PLU060-2024
Charon,semi_major_axis_candidate,19596000,m,Brozovic et al. 2015 Icarus 246 317 Table 9 (mean orbital elements),https://doi.org/10.1016/j.icarus.2014.03.015,2026-09-22,intake_row=2026-09-22; intake_round=request-C-2026-09-22 (two independent external surveys collated by the integrator); kind=ephemeris-fit; solutionId=PLU043-2015; ephemeris=PLU043; epoch=JED 2451544.5 TDB; frame=Charon mean-orbit plane (normal RA=133.03 deg Dec=-6.23 deg ICRF); elements=mean (200-year integrated orbit); center=Pluto; orig a=19596 km; converted 1 km=1000 m; sigma_kind=digits; digits=5; the paper states that uncertainties are not listed for the mean elements; covariance=not_published; intake_agreement=1of2; record_stream=2; collate=only-1; candidate_for=Charon|semi_major_axis; sigma_primary=verified; intake 2026-09-22; verified_by=原仮定者 2026-09-23; verified_at=Brozovic et al. 2015 Table 9 (Mean equatorial orbital elements) Charon column a(km); verified_value=19596; confirmation_round=5; solution=PLU043-2015 (registered in paper/data/solutions.json and carried by the solution_id column from 2026-09-23; the earlier solutionId= spelling above is kept as history),,SOL-40b0757c,PLU043-2015
Charon,eccentricity_candidate,0.00005,1,Brozovic et al. 2015 Icarus 246 317 Table 9 (mean orbital elements),https://doi.org/10.1016/j.icarus.2014.03.015,2026-09-22,intake_row=2026-09-22; intake_round=request-C-2026-09-22 (two independent external surveys collated by the integrator); kind=ephemeris-fit; solutionId=PLU043-2015; ephemeris=PLU043; epoch=JED 2451544.5 TDB; frame=Charon mean-orbit plane (normal RA=133.03 deg Dec=-6.23 deg ICRF); elements=mean (200-year integrated orbit); orig e=0.00005; sigma_kind=digits; digits=5; the paper states that uncertainties are not listed for the mean elements; covariance=not_published; the adopted two-body solution in this file fixes e=0 with a 7.5e-5 upper limit - these are different quantities; intake_agreement=1of2; record_stream=2; collate=only-1; candidate_for=Charon|eccentricity; sigma_primary=verified; intake 2026-09-22; verified_by=原仮定者 2026-09-23; verified_at=Brozovic et al. 2015 Table 9 (Mean equatorial orbital elements) Charon column e; verified_value=0.00005; confirmation_round=5; solution=PLU043-2015 (registered in paper/data/solutions.json and carried by the solution_id column from 2026-09-23; the earlier solutionId= spelling above is kept as history),,SOL-c724edf3,PLU043-2015
Styx,orbital_period,1741957.92,s,Weaver et al. 2016 Science 351 aae0030 Table 2 (Orbital Period column; table footnote: The orbital periods are from (5)),https://doi.org/10.1126/science.aae0030,2026-09-22,intake_row=2026-09-22; intake_round=request-C-2026-09-22 (two independent external surveys collated by the integrator); kind=observed; epoch=not stated in Table 2; time_scale=not stated; frame=Pluto-system barycentric orbit; elements=mean; orig 20.16155 +/- 0.00027 d; converted 1 d=86400 s; sigma_candidate_unconfirmed=23.328; intake_agreement=1of2; record_stream=2; collate=only-1; covariance=not_published; the first survey could not transcribe this table this session; sigma_primary=verified; intake 2026-09-22; verified_by=原仮定者 2026-09-23; verified_at=Science 351 aae0030 derived-properties table (labelled Table 1 in the STScI-hosted copy) P (days) row Styx column; verified_value=20.16155 +/- 0.00027 d; source_corrected=2026-09-23 (table footnote appended to the source label); primary_source_candidate=Weaver 2016 ref (5) (to be resolved); sigma_kind=level-not-stated (the +/- of Table 2 is not stated to be 1-sigma for the periods - the footnote 1-sigma statement covers sizes and poles); sigma column kept EMPTY; confirmation_round=5; intake_check=2026-09-23 (three-way agreement of the value),,SOL-36584acc,
Nix,orbital_period,2147440.032,s,Weaver et al. 2016 Science 351 aae0030 Table 2 (Orbital Period column; table footnote: The orbital periods are from (5)),https://doi.org/10.1126/science.aae0030,2026-09-22,intake_row=2026-09-22; intake_round=request-C-2026-09-22 (two independent external surveys collated by the integrator); kind=observed; epoch=not stated in Table 2; time_scale=not stated; frame=Pluto-system barycentric orbit; elements=mean; orig 24.85463 +/- 0.00003 d; converted 1 d=86400 s; sigma_candidate_unconfirmed=2.592; intake_agreement=1of2; record_stream=2; collate=only-1; covariance=not_published; the first survey could not transcribe this table this session; sigma_primary=verified; intake 2026-09-22; verified_by=原仮定者 2026-09-23; verified_at=Science 351 aae0030 derived-properties table (labelled Table 1 in the STScI-hosted copy) P (days) row Nix column; verified_value=24.85463 +/- 0.00003 d; source_corrected=2026-09-23 (table footnote appended to the source label); primary_source_candidate=Weaver 2016 ref (5) (to be resolved); sigma_kind=level-not-stated (the +/- of Table 2 is not stated to be 1-sigma for the periods - the footnote 1-sigma statement covers sizes and poles); sigma column kept EMPTY; confirmation_round=5; intake_check=2026-09-23 (three-way agreement of the value),,SOL-47d6c979,
Kerberos,orbital_period,2779277.184,s,Weaver et al. 2016 Science 351 aae0030 Table 2 (Orbital Period column; table footnote: The orbital periods are from (5)),https://doi.org/10.1126/science.aae0030,2026-09-22,intake_row=2026-09-22; intake_round=request-C-2026-09-22 (two independent external surveys collated by the integrator); kind=observed; epoch=not stated in Table 2; time_scale=not stated; frame=Pluto-system barycentric orbit; elements=mean; orig 32.16756 +/- 0.00014 d; converted 1 d=86400 s; sigma_candidate_unconfirmed=12.096; intake_agreement=1of2; record_stream=2; collate=only-1; covariance=not_published; the first survey could not transcribe this table this session; sigma_primary=verified; intake 2026-09-22; verified_by=原仮定者 2026-09-23; verified_at=Science 351 aae0030 derived-properties table (labelled Table 1 in the STScI-hosted copy) P (days) row Kerberos column; verified_value=32.16756 +/- 0.00014 d; source_corrected=2026-09-23 (table footnote appended to the source label); primary_source_candidate=Weaver 2016 ref (5) (to be resolved); sigma_kind=level-not-stated (the +/- of Table 2 is not stated to be 1-sigma for the periods - the footnote 1-sigma statement covers sizes and poles); sigma column kept EMPTY; confirmation_round=5; intake_check=2026-09-23 (three-way agreement of the value),,SOL-d3a36169,
Hydra,orbital_period,3300632.928,s,Weaver et al. 2016 Science 351 aae0030 Table 2 (Orbital Period column; table footnote: The orbital periods are from (5)),https://doi.org/10.1126/science.aae0030,2026-09-22,intake_row=2026-09-22; intake_round=request-C-2026-09-22 (two independent external surveys collated by the integrator); kind=observed; epoch=not stated in Table 2; time_scale=not stated; frame=Pluto-system barycentric orbit; elements=mean; orig 38.20177 +/- 0.00003 d; converted 1 d=86400 s; sigma_candidate_unconfirmed=2.592; intake_agreement=1of2; record_stream=2; collate=only-1; covariance=not_published; the first survey could not transcribe this table this session; sigma_primary=verified; intake 2026-09-22; verified_by=原仮定者 2026-09-23; verified_at=Science 351 aae0030 derived-properties table (labelled Table 1 in the STScI-hosted copy) P (days) row Hydra column; verified_value=38.20177 +/- 0.00003 d; source_corrected=2026-09-23 (table footnote appended to the source label); primary_source_candidate=Weaver 2016 ref (5) (to be resolved); sigma_kind=level-not-stated (the +/- of Table 2 is not stated to be 1-sigma for the periods - the footnote 1-sigma statement covers sizes and poles); sigma column kept EMPTY; confirmation_round=5; intake_check=2026-09-23 (three-way agreement of the value),,SOL-b66fe697,
Styx,orbital_period_mean_osculating,1804896,s,Brozovic M. & Jacobson R.A. 2024 AJ 167 256 Table 10 (mean Keplerian osculating elements 1800-2200),https://doi.org/10.3847/1538-3881/ad39f0,2026-09-22,intake_row=2026-09-22; intake_round=request-C-2026-09-22 (two independent external surveys collated by the integrator); kind=ephemeris-fit; solutionId=PLU060-2024; ephemeris=PLU060; elements=mean-osculating-1800-2200; scatter_not_sigma=true; the trailing numbers of the table are the min/max half-widths of the osculating scatter over the averaging window and are NOT a formal 1-sigma of a precessing-ellipse mean; center=Pluto; orig P=20.89 d (1800-2200 mean of the osculating period); sigma_kind=digits; covariance=not_published; converted 1 d=86400 s; this is NOT the same quantity as the fitted orbital period of Weaver 2016 Table 2; intake_agreement=1of2; record_stream=1; collate=only-1; sigma_primary=verified; intake 2026-09-22; verified_by=原仮定者 2026-09-23; verified_at=Brozovic & Jacobson 2024 Table 10 (Mean Keplerian Osculating Orbital Elements) Styx column P (days); verified_value=20.89 (+0.49/-0.79); confirmation_round=5; level_statement=The upper and lower bounds are based on sampling 400 yr of orbit integration (from 1800 January 1 to 2200 January 1) once per day. scatter_not_sigma=true (kept); solution=PLU060-2024 (registered in paper/data/solutions.json and carried by the solution_id column from 2026-09-23; the earlier solutionId= spelling above is kept as history),,SOL-7d8595d1,PLU060-2024
Nix,orbital_period_mean_osculating,2204064,s,Brozovic M. & Jacobson R.A. 2024 AJ 167 256 Table 10 (mean Keplerian osculating elements 1800-2200),https://doi.org/10.3847/1538-3881/ad39f0,2026-09-22,intake_row=2026-09-22; intake_round=request-C-2026-09-22 (two independent external surveys collated by the integrator); kind=ephemeris-fit; solutionId=PLU060-2024; ephemeris=PLU060; elements=mean-osculating-1800-2200; scatter_not_sigma=true; the trailing numbers of the table are the min/max half-widths of the osculating scatter over the averaging window and are NOT a formal 1-sigma of a precessing-ellipse mean; center=Pluto; orig P=25.51 d (1800-2200 mean of the osculating period); sigma_kind=digits; covariance=not_published; converted 1 d=86400 s; this is NOT the same quantity as the fitted orbital period of Weaver 2016 Table 2; intake_agreement=1of2; record_stream=1; collate=only-1; sigma_primary=verified; intake 2026-09-22; verified_by=原仮定者 2026-09-23; verified_at=Brozovic & Jacobson 2024 Table 10 (Mean Keplerian Osculating Orbital Elements) Nix column P (days); verified_value=25.51 (+0.33/-0.51); confirmation_round=5; level_statement=The upper and lower bounds are based on sampling 400 yr of orbit integration (from 1800 January 1 to 2200 January 1) once per day. scatter_not_sigma=true (kept); solution=PLU060-2024 (registered in paper/data/solutions.json and carried by the solution_id column from 2026-09-23; the earlier solutionId= spelling above is kept as history),,SOL-ec64a6bd,PLU060-2024
Kerberos,orbital_period_mean_osculating,2829600,s,Brozovic M. & Jacobson R.A. 2024 AJ 167 256 Table 10 (mean Keplerian osculating elements 1800-2200),https://doi.org/10.3847/1538-3881/ad39f0,2026-09-22,intake_row=2026-09-22; intake_round=request-C-2026-09-22 (two independent external surveys collated by the integrator); kind=ephemeris-fit; solutionId=PLU060-2024; ephemeris=PLU060; elements=mean-osculating-1800-2200; scatter_not_sigma=true; the trailing numbers of the table are the min/max half-widths of the osculating scatter over the averaging window and are NOT a formal 1-sigma of a precessing-ellipse mean; center=Pluto; orig P=32.75 d (1800-2200 mean of the osculating period); sigma_kind=digits; covariance=not_published; converted 1 d=86400 s; this is NOT the same quantity as the fitted orbital period of Weaver 2016 Table 2; intake_agreement=1of2; record_stream=1; collate=only-1; sigma_primary=verified; intake 2026-09-22; verified_by=原仮定者 2026-09-23; verified_at=Brozovic & Jacobson 2024 Table 10 (Mean Keplerian Osculating Orbital Elements) Kerberos column P (days); verified_value=32.75 (+0.23/-0.30); confirmation_round=5; level_statement=The upper and lower bounds are based on sampling 400 yr of orbit integration (from 1800 January 1 to 2200 January 1) once per day. scatter_not_sigma=true (kept); solution=PLU060-2024 (registered in paper/data/solutions.json and carried by the solution_id column from 2026-09-23; the earlier solutionId= spelling above is kept as history),,SOL-ea86df85,PLU060-2024
Hydra,orbital_period_mean_osculating,3347136,s,Brozovic M. & Jacobson R.A. 2024 AJ 167 256 Table 10 (mean Keplerian osculating elements 1800-2200),https://doi.org/10.3847/1538-3881/ad39f0,2026-09-22,intake_row=2026-09-22; intake_round=request-C-2026-09-22 (two independent external surveys collated by the integrator); kind=ephemeris-fit; solutionId=PLU060-2024; ephemeris=PLU060; elements=mean-osculating-1800-2200; scatter_not_sigma=true; the trailing numbers of the table are the min/max half-widths of the osculating scatter over the averaging window and are NOT a formal 1-sigma of a precessing-ellipse mean; center=Pluto; orig P=38.74 d (1800-2200 mean of the osculating period); sigma_kind=digits; covariance=not_published; converted 1 d=86400 s; this is NOT the same quantity as the fitted orbital period of Weaver 2016 Table 2; intake_agreement=1of2; record_stream=1; collate=only-1; sigma_primary=verified; intake 2026-09-22; verified_by=原仮定者 2026-09-23; verified_at=Brozovic & Jacobson 2024 Table 10 (Mean Keplerian Osculating Orbital Elements) Hydra column P (days); verified_value=38.74 (+0.17/-0.22); confirmation_round=5; level_statement=The upper and lower bounds are based on sampling 400 yr of orbit integration (from 1800 January 1 to 2200 January 1) once per day. scatter_not_sigma=true (kept); solution=PLU060-2024 (registered in paper/data/solutions.json and carried by the solution_id column from 2026-09-23; the earlier solutionId= spelling above is kept as history),,SOL-0dc062d6,PLU060-2024
PSR J0737-3039 A,spin_orbit_misalignment,,deg,Ferdman et al. (2013) ApJ 767 85 - The Double Pulsar: Evidence for Neutron Star Formation without an Iron Core-collapse Supernova,https://doi.org/10.1088/0004-637X/767/1/85,2026-09-22,"intake_row=2026-09-22. Candidate row for the 2026-09-22 verification request - collated 2026-09-23 against the printed section (collate=match; the earlier collate=pending is closed). Angle between the spin axis of PSR J0737-3039A and the orbital angular momentum. value is intentionally EMPTY because the record publishes an upper limit, not a central value. upper_limit=3.2; level=95; sigma_kind=none; kind=model-derived (derived from the pulse-profile geometry under the stated assumption that both magnetic poles radiate); gate=not-connected; separate_quantity=magnetic_obliquity (the magnetic-axis/spin-axis angle is a DIFFERENT quantity and has its own row); sigma_primary=verified; verified_by=原仮定者 2026-09-23; verified_at=Ferdman et al. 2013 ApJ 767 85 section 6 (Results) and abstract; verified_value=68/95/99 percent average upper limits 0.85/3.2/4.7 deg (two-pole case); confirmation_round=5; assumption=assuming that the observed emission comes from both magnetic poles; the 68 and 99 percent limits are separate rows (intake 2026-09-23)",,SOL-5600e70a,
PSR J0737-3039 A,magnetic_obliquity,,deg,Ferdman et al. (2013) ApJ 767 85 - The Double Pulsar: Evidence for Neutron Star Formation without an Iron Core-collapse Supernova,https://doi.org/10.1088/0004-637X/767/1/85,2026-09-22,intake_row=2026-09-22. Candidate row for the 2026-09-22 verification request - collated 2026-09-23 against the printed section (collate=match; the earlier collate=pending is closed). Angle between the magnetic axis and the spin axis of PSR J0737-3039A. value is intentionally EMPTY: this row exists only to keep the magnetic-axis/spin-axis angle SEPARATE from spin_orbit_misalignment; no central value is transcribed until the printed table/section is confirmed. sigma_kind=none; kind=model-derived; gate=not-connected; sigma_primary=verified; verified_by=原仮定者 2026-09-23; verified_at=Ferdman et al. 2013 ApJ 767 85 section 6 (Results) and abstract; verified_value=alpha = 90 +/- 11 (statistical) +/- 5 (systematic) deg (two-pole case); confirmation_round=5; assumption=assuming that the observed emission comes from both magnetic poles; value column kept EMPTY (two error terms of different kinds are not merged into one 1-sigma),,SOL-67fded9c,
PSR J0737-3039 B,spin_orbit_misalignment,40.6,deg,Lower M.E. et al. 2024 A&A 682 A26 section 5.2 (System geometry) - A MeerKAT view of the double pulsar eclipses,https://doi.org/10.1051/0004-6361/202347857,2026-09-22,"intake_row=2026-09-22. Candidate row for the 2026-09-22 verification request - collated 2026-09-23 (collate=match; the earlier collate=pending is closed). Angle between the spin axis of PSR J0737-3039B and the orbital angular momentum, from the geometric solution of the cited section. kind=model-derived (radio/eclipse geometry fitted under the stated assumption of general relativity); sigma_source=symmetric uncertainty printed beside the value in the cited section; reference_resolution=resolved 2026-09-23 (A&A 682 A26, DOI 10.1051/0004-6361/202347857, arXiv:2311.06445); gate=not-connected; sigma_primary=verified; verified_by=原仮定者 2026-09-23; verified_at=Lower et al. 2024 A&A 682 A26 section 5.2 (System geometry); verified_value=delta_B = 180 deg - theta = 40.6 +/- 0.1 deg; source_corrected=2026-09-23 (the placeholder label without volume/page was replaced by the resolved bibliography; value/unit/sigma unchanged); confirmation_round=5; premise=assuming the validity of general relativity",0.1,SOL-912f7aa2,
PSR J0737-3039 B,spin_axis_precession_rate,5.16,deg/yr,Lower M.E. et al. 2024 A&A 682 A26 section 4.1 (Geodetic precession and model limitations) - A MeerKAT view of the double pulsar eclipses,https://doi.org/10.1051/0004-6361/202347857,2026-09-22,"intake_row=2026-09-22. Candidate row for the 2026-09-22 verification request - collated 2026-09-23 (collate=match; the earlier collate=pending is closed). Precession rate of the spin axis of PSR J0737-3039B quoted alongside the section-5.2 geometry. kind=model-derived; sigma_kind=asymmetric; sigma_plus=0.32; sigma_minus=0.34; level=68; digits=0.01 deg/yr (rounding width of the printed 5.16 - NOT a sigma); sigma column kept EMPTY (an asymmetric interval is not written as one symmetric sigma); no symmetric 1-sigma is confirmed for this row; reference_resolution=resolved 2026-09-23 (A&A 682 A26, DOI 10.1051/0004-6361/202347857, arXiv:2311.06445); gate=not-connected; sigma_primary=verified; verified_by=原仮定者 2026-09-23; verified_at=Lower et al. 2024 A&A 682 A26 section 4.1 (Geodetic precession and model limitations); verified_value=Omega_SO^B = 5.16 (+0.32/-0.34) deg/yr; source_corrected=2026-09-23 (the placeholder label without volume/page was replaced by the resolved bibliography and the section that prints the rate; value/unit/sigma unchanged); confirmation_round=5; gr_expected_in_same_section=5.074005 deg/yr (separate row)",,SOL-7e3303df,
Pluto-Charon system,GM,9.754e11,m^3/s^2,Brozovic M. & Jacobson R.A. 2024 AJ 167 256 Table 8 (Satellite Masses; Current Work),https://doi.org/10.3847/1538-3881/ad39f0,2026-09-23,intake_row=2026-09-23; intake_round=request-D-2026-09-23 (two independent external surveys and confirmation round 5 collated by the integrator); kind=ephemeris-fit; solution=PLU060-2024; ephemeris=PLU060; orig 975.4 +/- 0.2 {0.09} km^3/s^2; converted 1 km^3/s^2=1e9 m^3/s^2; sigma_kind=inflated-conservative; published_uncertainty=2e8 m^3/s^2 (0.2 km^3/s^2); formal_1sigma=9e7 m^3/s^2 (0.09 km^3/s^2 in curly brackets); inflation=~2; Table 8 note: the curly-bracket numbers for the system and Charon are the formal 1-sigma from the solution covariance and the published +/- are those inflated by a factor of about 2 to give more conservative bounds; sigma column kept EMPTY (0.2 inflated or 0.09 formal is a ruling - AN3); quantity=system GM (the 2015 system GM of the PLU043 solution is a separate row SOL-b8f464fc); covariance=not_published; intake_agreement=confirmation-only (neither survey transcribed this cell; the original hypothesis author opened Table 8); record_stream=confirmation; collate=verified; sigma_primary=verified; verified_by=原仮定者 2026-09-23; verified_at=Brozovic & Jacobson 2024 AJ 167 256 Table 8 (Satellite Masses) Current Work column GM (km^3 s^-2) System row; verified_value=975.4 +/- 0.2 {0.09}; confirmation_round=5,,SOL-2ed99d44,PLU060-2024
Jupiter,periastron_advance_extra,1.630555555556e-07,deg/yr,Pitjeva E.V. & Pitjev N.P. 2013 MNRAS 432 3431 Table 4 (EPM2011 additional perihelion precessions),https://doi.org/10.1093/mnras/stt695,2026-09-23,intake_row=2026-09-23; intake_round=request-D-2026-09-23 (two independent external surveys and confirmation round 5 collated by the integrator); kind=ephemeris-fit; quantity=supplementary perihelion precession after the Newtonian+Einsteinian model (NOT the total varpi-dot and NOT the GR term); epoch=EPM2011 global fit 1913-2011; PPN parameters held at GR values; orig 0.587 +/- 0.283 mas/yr; converted 1 mas=1/3600000 deg; sigma_kind=printed; level_statement=the Table 4 column header |sigma_pi-dot/pi-dot| names the printed +/- a sigma (no percentage is printed); intake_agreement=2of2; record_stream=1+2; collate=agree; covariance=not_published; not a gated quantity (no preset reads periastron_advance_extra); sigma_primary=verified; verified_by=原仮定者 2026-09-23; verified_at=Pitjeva & Pitjev 2013 MNRAS 432 3431 Table 4 (Additional perihelion precessions) column pi-dot (mas yr^-1) Jupiter row; verified_value=0.587 +/- 0.283 mas/yr; confirmation_round=5,7.861111111111e-08,SOL-3d7a8518,
Saturn,periastron_advance_extra,-8.888888888889e-10,deg/yr,Pitjeva E.V. & Pitjev N.P. 2013 MNRAS 432 3431 Table 4 (EPM2011 additional perihelion precessions),https://doi.org/10.1093/mnras/stt695,2026-09-23,intake_row=2026-09-23; intake_round=request-D-2026-09-23 (two independent external surveys and confirmation round 5 collated by the integrator); kind=ephemeris-fit; quantity=supplementary perihelion precession after the Newtonian+Einsteinian model (NOT the total varpi-dot and NOT the GR term); epoch=EPM2011 global fit 1913-2011; PPN parameters held at GR values; orig -0.0032 +/- 0.0047 mas/yr; converted 1 mas=1/3600000 deg; sigma_kind=printed; level_statement=the Table 4 column header |sigma_pi-dot/pi-dot| names the printed +/- a sigma (no percentage is printed); intake_agreement=2of2; record_stream=1+2; collate=agree; covariance=not_published; not a gated quantity (no preset reads periastron_advance_extra); sigma_primary=verified; verified_by=原仮定者 2026-09-23; verified_at=Pitjeva & Pitjev 2013 MNRAS 432 3431 Table 4 (Additional perihelion precessions) column pi-dot (mas yr^-1) Saturn row; verified_value=-0.0032 +/- 0.0047 mas/yr; confirmation_round=5,1.305555555556e-09,SOL-76976433,
PSR J0737-3039 B,spin_axis_precession_rate,4.77,deg/yr,Breton R.P. et al. 2008 Science 321 104 - Relativistic spin precession in the double pulsar,https://doi.org/10.1126/science.1159295,2026-09-23,intake_row=2026-09-23; intake_round=request-D-2026-09-23 (two independent external surveys and confirmation round 5 collated by the integrator); kind=observed (eclipse modulation model); orig 4.77 (+0.66/-0.65) deg/yr; sigma_kind=asymmetric; sigma_plus=0.66; sigma_minus=0.65; level=68 (the paper quotes uncertainties at the 68 percent confidence level unless otherwise stated); sigma column kept EMPTY (an asymmetric interval is not written as one symmetric sigma); intake_agreement=2of2; record_stream=1+2; collate=agree; gate=not-connected; sigma_primary=unverified; verified_by=,,SOL-615c1924,
PSR J0737-3039 B,spin_axis_precession_rate_predicted_GR,5.0734,deg/yr,Breton R.P. et al. 2008 Science 321 104 - Relativistic spin precession in the double pulsar,https://doi.org/10.1126/science.1159295,2026-09-23,intake_row=2026-09-23; intake_round=request-D-2026-09-23 (two independent external surveys and confirmation round 5 collated by the integrator); kind=model-derived (GR prediction from the timing masses - NOT an observation); orig 5.0734 +/- 0.0007 deg/yr; sigma_kind=model-propagated (the +/- comes from the mass uncertainties); intake_agreement=2of2; record_stream=1+2; collate=agree; gate=not-connected; sigma_primary=unverified; verified_by=,0.0007,SOL-04a7e6f2,
PSR J0737-3039 B,spin_axis_precession_rate_predicted_GR,5.074005,deg/yr,Lower M.E. et al. 2024 A&A 682 A26 section 4.1 (Geodetic precession and model limitations) - A MeerKAT view of the double pulsar eclipses,https://doi.org/10.1051/0004-6361/202347857,2026-09-23,intake_row=2026-09-23; intake_round=request-D-2026-09-23 (two independent external surveys and confirmation round 5 collated by the integrator); kind=model-derived (GR expectation quoted beside the measured rate - NOT an observation); orig 5.074005 deg/yr; sigma_kind=level-not-stated; sigma_candidate_unconfirmed=0.000003 (one survey reads +/-0.000003 from the equation; the sentence the original hypothesis author opened prints no +/-); intake_agreement=1of2; record_stream=2; collate=only-1; gate=not-connected; sigma_primary=verified; verified_by=原仮定者 2026-09-23; verified_at=Lower et al. 2024 A&A 682 A26 section 4.1 (Geodetic precession and model limitations); verified_value=expected value of 5.074005 deg/yr from GR; confirmation_round=5,,SOL-1ad7eaa7,
PSR J0737-3039 A,spin_orbit_misalignment,,deg,Ferdman R.D. et al. 2013 ApJ 767 85 section 6 (Results; average upper limits on the spin-orbit misalignment) - 68 percent,https://doi.org/10.1088/0004-637X/767/1/85,2026-09-23,intake_row=2026-09-23; intake_round=request-D-2026-09-23 (two independent external surveys and confirmation round 5 collated by the integrator); kind=model-derived (pulse-profile geometry); upper_limit=0.85; level=68; value empty (an upper limit is not a central value with a sigma); sigma_kind=none; assumption=assuming that the observed emission comes from both magnetic poles; the 95 percent limit is the existing row SOL-5600e70a; intake_agreement=2of2; record_stream=1+2; collate=agree; gate=not-connected; sigma_primary=verified; verified_by=原仮定者 2026-09-23; verified_at=Ferdman et al. 2013 ApJ 767 85 section 6 (Results); verified_value=68/95/99 percent average upper limits 0.85/3.2/4.7 deg; confirmation_round=5,,SOL-1a2a3c9d,
PSR J0737-3039 A,spin_orbit_misalignment,,deg,Ferdman R.D. et al. 2013 ApJ 767 85 section 6 (Results; average upper limits on the spin-orbit misalignment) - 99 percent,https://doi.org/10.1088/0004-637X/767/1/85,2026-09-23,intake_row=2026-09-23; intake_round=request-D-2026-09-23 (two independent external surveys and confirmation round 5 collated by the integrator); kind=model-derived (pulse-profile geometry); upper_limit=4.7; level=99; value empty (an upper limit is not a central value with a sigma); sigma_kind=none; assumption=assuming that the observed emission comes from both magnetic poles; the 95 percent limit is the existing row SOL-5600e70a; intake_agreement=2of2; record_stream=1+2; collate=agree; gate=not-connected; sigma_primary=verified; verified_by=原仮定者 2026-09-23; verified_at=Ferdman et al. 2013 ApJ 767 85 section 6 (Results); verified_value=68/95/99 percent average upper limits 0.85/3.2/4.7 deg; confirmation_round=5,,SOL-17062fa8,
Charon,semi_major_axis_candidate,19573000,m,Buie M.W. Tholen D.J. Grundy W.M. 2012 AJ 144 15 Table 5 (adopted two-body Keplerian fit),https://doi.org/10.1088/0004-6256/144/1/15,2026-09-23,intake_row=2026-09-23; intake_round=request-D-2026-09-23 (two independent external surveys and confirmation round 5 collated by the integrator); kind=observed; orig a=19573(2) km; converted 1 km=1000 m; this is the two-body fitted a and is a DIFFERENT quantity from the 1800-2200 mean osculating a of PLU060 (SOL-5e03d54e) - do not mix it with the PLU060 GM; candidate_for=Charon|semi_major_axis; elements=two-body-fit; epoch=JDT 2452600.5; frame=J2000; covariance=not_published; sigma_kind=level-not-stated (parenthetical error of Table 5 - the same form as the P row SOL-25d4320f; whether it is read as 1-sigma is a ruling); same_basis_as=SOL-25d4320f; intake_agreement=2of2; record_stream=1+2; collate=agree; sigma_primary=unverified; verified_by=,2000,SOL-f67ddda4,
Charon,inclination_candidate,96.218,deg,Buie M.W. Tholen D.J. Grundy W.M. 2012 AJ 144 15 Table 5 (adopted two-body Keplerian fit),https://doi.org/10.1088/0004-6256/144/1/15,2026-09-23,intake_row=2026-09-23; intake_round=request-D-2026-09-23 (two independent external surveys and confirmation round 5 collated by the integrator); kind=observed; orig i=96.218(8) deg; gate=not-a-gated-quantity; elements=two-body-fit; epoch=JDT 2452600.5; frame=J2000; covariance=not_published; sigma_kind=level-not-stated (parenthetical error of Table 5 - the same form as the P row SOL-25d4320f; whether it is read as 1-sigma is a ruling); same_basis_as=SOL-25d4320f; intake_agreement=2of2; record_stream=1+2; collate=agree; sigma_primary=unverified; verified_by=,0.008,SOL-141078e3,
Charon,mean_longitude_candidate,4.50177,rad,Buie M.W. Tholen D.J. Grundy W.M. 2012 AJ 144 15 Table 5 (adopted two-body Keplerian fit),https://doi.org/10.1088/0004-6256/144/1/15,2026-09-23,intake_row=2026-09-23; intake_round=request-D-2026-09-23 (two independent external surveys and confirmation round 5 collated by the integrator); kind=observed; orig L=4.50177(18) rad; gate=not-a-gated-quantity; elements=two-body-fit; epoch=JDT 2452600.5; frame=J2000; covariance=not_published; sigma_kind=level-not-stated (parenthetical error of Table 5 - the same form as the P row SOL-25d4320f; whether it is read as 1-sigma is a ruling); same_basis_as=SOL-25d4320f; intake_agreement=2of2; record_stream=1+2; collate=agree; sigma_primary=unverified; verified_by=,0.00018,SOL-f8d6bb92,
Charon,longitude_of_ascending_node_candidate,3.89249,rad,Buie M.W. Tholen D.J. Grundy W.M. 2012 AJ 144 15 Table 5 (adopted two-body Keplerian fit),https://doi.org/10.1088/0004-6256/144/1/15,2026-09-23,intake_row=2026-09-23; intake_round=request-D-2026-09-23 (two independent external surveys and confirmation round 5 collated by the integrator); kind=observed; orig Omega=3.89249(12) rad; gate=not-a-gated-quantity; elements=two-body-fit; epoch=JDT 2452600.5; frame=J2000; covariance=not_published; sigma_kind=level-not-stated (parenthetical error of Table 5 - the same form as the P row SOL-25d4320f; whether it is read as 1-sigma is a ruling); same_basis_as=SOL-25d4320f; intake_agreement=2of2; record_stream=1+2; collate=agree; sigma_primary=unverified; verified_by=,0.00012,SOL-d812d7b2,
Miranda,orbital_period_candidate,122124.62101961837,s,Jacobson R.A. 2014 AJ 148 76 Table 2 (P=360/lambda_dot derived in record),https://doi.org/10.1088/0004-6256/148/5/76,2026-09-23,intake_row=2026-09-23; intake_round=request-D-2026-09-23 (two independent external surveys and confirmation round 5 collated by the integrator); kind=derived-in-record; derived_from=SOL-6c790395; derived_formula=P=360/lambda_dot d x 86400 s/d; orig lambda_dot=254.6906573 deg/d; epoch=2000 January 1.5 TDT; elements=mean; sigma_kind=none (no 1-sigma is printed for lambda_dot - nothing to propagate); candidate_for=Miranda|orbital_period; the judgement row of this body is NOT replaced (AM7-prime is a ruling); intake_agreement=1of2; record_stream=1; collate=only-1; sigma_primary=unverified; verified_by=,,SOL-0209ddd1,
Ariel,orbital_period_candidate,217760.7611919261,s,Jacobson R.A. 2014 AJ 148 76 Table 2 (P=360/lambda_dot derived in record),https://doi.org/10.1088/0004-6256/148/5/76,2026-09-23,intake_row=2026-09-23; intake_round=request-D-2026-09-23 (two independent external surveys and confirmation round 5 collated by the integrator); kind=derived-in-record; derived_from=SOL-47a34fc3; derived_formula=P=360/lambda_dot d x 86400 s/d; orig lambda_dot=142.8356506 deg/d; epoch=2000 January 1.5 TDT; elements=mean; sigma_kind=none (no 1-sigma is printed for lambda_dot - nothing to propagate); candidate_for=Ariel|orbital_period; the judgement row of this body is NOT replaced (AM7-prime is a ruling); intake_agreement=1of2; record_stream=1; collate=only-1; sigma_primary=unverified; verified_by=,,SOL-dedae320,
Umbriel,orbital_period_candidate,358056.89773906855,s,Jacobson R.A. 2014 AJ 148 76 Table 2 (P=360/lambda_dot derived in record),https://doi.org/10.1088/0004-6256/148/5/76,2026-09-23,intake_row=2026-09-23; intake_round=request-D-2026-09-23 (two independent external surveys and confirmation round 5 collated by the integrator); kind=derived-in-record; derived_from=SOL-48e882d5; derived_formula=P=360/lambda_dot d x 86400 s/d; orig lambda_dot=86.8688753 deg/d; epoch=2000 January 1.5 TDT; elements=mean; sigma_kind=none (no 1-sigma is printed for lambda_dot - nothing to propagate); candidate_for=Umbriel|orbital_period; the judgement row of this body is NOT replaced (AM7-prime is a ruling); intake_agreement=1of2; record_stream=1; collate=only-1; sigma_primary=unverified; verified_by=,,SOL-3e22ae39,
Titania,orbital_period_candidate,752187.0102125419,s,Jacobson R.A. 2014 AJ 148 76 Table 2 (P=360/lambda_dot derived in record),https://doi.org/10.1088/0004-6256/148/5/76,2026-09-23,intake_row=2026-09-23; intake_round=request-D-2026-09-23 (two independent external surveys and confirmation round 5 collated by the integrator); kind=derived-in-record; derived_from=SOL-f37678a4; derived_formula=P=360/lambda_dot d x 86400 s/d; orig lambda_dot=41.3514187 deg/d; epoch=2000 January 1.5 TDT; elements=mean; sigma_kind=none (no 1-sigma is printed for lambda_dot - nothing to propagate); candidate_for=Titania|orbital_period; the judgement row of this body is NOT replaced (AM7-prime is a ruling); intake_agreement=1of2; record_stream=1; collate=only-1; sigma_primary=unverified; verified_by=,,SOL-b908b3a5,
Oberon,orbital_period_candidate,1163223.665109313,s,Jacobson R.A. 2014 AJ 148 76 Table 2 (P=360/lambda_dot derived in record),https://doi.org/10.1088/0004-6256/148/5/76,2026-09-23,intake_row=2026-09-23; intake_round=request-D-2026-09-23 (two independent external surveys and confirmation round 5 collated by the integrator); kind=derived-in-record; derived_from=SOL-f7ae17f4; derived_formula=P=360/lambda_dot d x 86400 s/d; orig lambda_dot=26.7394835 deg/d; epoch=2000 January 1.5 TDT; elements=mean; sigma_kind=none (no 1-sigma is printed for lambda_dot - nothing to propagate); candidate_for=Oberon|orbital_period; the judgement row of this body is NOT replaced (AM7-prime is a ruling); intake_agreement=1of2; record_stream=1; collate=only-1; sigma_primary=unverified; verified_by=,,SOL-096d042d,
Nix,GM,1.74e6,m^3/s^2,Porter S.B. & Canup R.M. 2023 Planet. Sci. J. 4 120 section 3 (Mass and Orbit Fitting) body text,https://doi.org/10.3847/PSJ/acde77,2026-09-23,intake_row=2026-09-23; intake_round=request-D-2026-09-23 (two independent external surveys and confirmation round 5 collated by the integrator); kind=observed; epoch=2015-07-16 00:01:08 TDB fitted state; converted 1 km^3/s^2=1e9 m^3/s^2; this is a third solution and is NOT mixed with the 2015 or 2024 rows; covariance=not_published; orig (1.74 +/- 0.35) x 10^-3 km^3/s^2; printed_in=body-text; figure_label_row=SOL-10955bef (1.74550 +/- 0.34724 - collate=mismatch); the 2024 Table 8 reprint of this solution reads (1.75 +/- 0.35) x 10^-3; intake_agreement=2of2; record_stream=1+2; collate=agree; sigma_primary=verified; verified_by=原仮定者 2026-09-23; verified_at=Porter & Canup 2023 PSJ 4 120 section 3 (Mass and Orbit Fitting); verified_value=(1.74 +/- 0.35) x 10^-3 km3 s-2; confirmation_round=5,3.5e5,SOL-12a77bc5,
Hydra,GM,2.01e6,m^3/s^2,Porter S.B. & Canup R.M. 2023 Planet. Sci. J. 4 120 section 3 (Mass and Orbit Fitting) body text,https://doi.org/10.3847/PSJ/acde77,2026-09-23,intake_row=2026-09-23; intake_round=request-D-2026-09-23 (two independent external surveys and confirmation round 5 collated by the integrator); kind=observed; epoch=2015-07-16 00:01:08 TDB fitted state; converted 1 km^3/s^2=1e9 m^3/s^2; this is a third solution and is NOT mixed with the 2015 or 2024 rows; covariance=not_published; orig (2.01 +/- 0.20) x 10^-3 km^3/s^2; printed_in=body-text; figure_label_row=SOL-e6fcee5a (2.01140 +/- 0.20175 - collate=mismatch); intake_agreement=2of2; record_stream=1+2; collate=agree; sigma_primary=verified; verified_by=原仮定者 2026-09-23; verified_at=Porter & Canup 2023 PSJ 4 120 section 3 (Mass and Orbit Fitting); verified_value=(2.01 +/- 0.20) x 10^-3 km3 s-2; confirmation_round=5,2.0e5,SOL-d5c31de0,
Styx,GM,,m^3/s^2,Porter S.B. & Canup R.M. 2023 Planet. Sci. J. 4 120 section 3 (Mass and Orbit Fitting) body text [1-sigma upper limits],https://doi.org/10.3847/PSJ/acde77,2026-09-23,intake_row=2026-09-23; intake_round=request-D-2026-09-23 (two independent external surveys and confirmation round 5 collated by the integrator); kind=observed; epoch=2015-07-16 00:01:08 TDB fitted state; converted 1 km^3/s^2=1e9 m^3/s^2; this is a third solution and is NOT mixed with the 2015 or 2024 rows; covariance=not_published; orig <0.03 x 10^-3 km^3/s^2 (1-sigma upper limit); upper_limit=3e4 m^3/s^2; level=68; value empty (an upper limit is not a central value with a sigma); sigma_kind=none; printed_in=body-text; figure_label_row=SOL-6451e8cd; intake_agreement=2of2; record_stream=1+2; collate=agree; sigma_primary=verified; verified_by=原仮定者 2026-09-23; verified_at=Porter & Canup 2023 PSJ 4 120 section 3 (Mass and Orbit Fitting); verified_value=<0.03 x 10^-3 km3 s-2 (1-sigma upper limit); confirmation_round=5,,SOL-6a816798,
Kerberos,GM,,m^3/s^2,Porter S.B. & Canup R.M. 2023 Planet. Sci. J. 4 120 section 3 (Mass and Orbit Fitting) body text [1-sigma upper limits],https://doi.org/10.3847/PSJ/acde77,2026-09-23,intake_row=2026-09-23; intake_round=request-D-2026-09-23 (two independent external surveys and confirmation round 5 collated by the integrator); kind=observed; epoch=2015-07-16 00:01:08 TDB fitted state; converted 1 km^3/s^2=1e9 m^3/s^2; this is a third solution and is NOT mixed with the 2015 or 2024 rows; covariance=not_published; orig <0.05 x 10^-3 km^3/s^2 (1-sigma upper limit); upper_limit=5e4 m^3/s^2; level=68; value empty (an upper limit is not a central value with a sigma); sigma_kind=none; printed_in=body-text; figure_label_row=SOL-20122ed9; intake_agreement=2of2; record_stream=1+2; collate=agree; sigma_primary=verified; verified_by=原仮定者 2026-09-23; verified_at=Porter & Canup 2023 PSJ 4 120 section 3 (Mass and Orbit Fitting); verified_value=<0.05 x 10^-3 km3 s-2 (1-sigma upper limit); confirmation_round=5,,SOL-e390a61d,
